15_U100-002 001,96.31,0.88,0.18
15_U100-001 001,96.0,0.88,0.19
15_U100-002 003,95.69,0.88,0.2
15_U100-002 002,95.69,0.87,0.18
15_U100-008 001,95.69,0.9,0.18
15_U100-008 002,95.69,0.9,0.18
15_U100-005 001,95.69,0.9,0.18
15_U100-006 001,95.69,0.88,0.18
15_U100-003 001,95.69,0.88,0.18
15_U100-002 005,95.38,0.84,0.12
15_U100-008 003,95.38,0.84,0.17
15_U100-005 002,95.38,0.88,0.2
15_U100-009 001,95.38,0.88,0.18
15_U100-009 002,95.38,0.88,0.18
15_U100-003 003,95.38,0.84,0.18
15_U100-002 004,95.08,0.86,0.13
15_U100-007 001,95.08,0.88,0.18
15_U100-008 004,95.08,0.88,0.18
15_U100-000 001,95.08,0.87,0.18
15_U100-000 004,95.08,0.83,0.17
15_U100-005 003,95.08,0.9,0.18
15_U100-006 002,95.08,0.88,0.18
15_U100-006 004,95.08,0.87,0.2
15_U100-001 004,95.08,0.87,0.16
15_U100-004 002,94.77,0.87,0.2
15_U100-004 001,94.77,0.85,0.16
15_000 001,94.77,0.63,0.19
15_U100-006 005,94.77,0.86,0.2
15_U100-001 005,94.77,0.87,0.2
15_U100-008 005,94.46,0.85,0.2
15_U100-009 004,94.46,0.87,0.18
15_U100-001 003,94.46,0.81,0.2
15_U100-003 002,94.46,0.91,0.18
15_U100-003 004,94.46,0.86,0.16
15_U100-004 004,94.15,0.81,0.17
15_U100-004 003,94.15,0.82,0.12
15_U100-000 003,94.15,0.82,0.17
15_U100-009 005,94.15,0.86,0.16
15_U100-009 003,94.15,0.9,0.18
15_U100-006 003,94.15,0.86,0.19
15_U100-001 002,94.15,0.89,0.18
15_U100-005 005,93.85,0.88,0.2
15_U100-004 005,93.54,0.84,0.13
15_U100-007 004,93.54,0.8,0.2
15_U100-007 003,93.54,0.85,0.13
15_U100-000 002,93.54,0.89,0.18
15_U100-000 005,93.54,0.83,0.16
15_U100-003 005,93.54,0.85,0.16
15_001 001,93.54,0.82,0.2
15_U100-005 004,93.23,0.89,0.18
15_U100-007 002,92.92,0.9,0.18
15_U10-001 002,92.92,0.83,0.17
15_U100-007 005,92.62,0.86,0.16
15_001 003,92.62,0.85,0.18
15_U10-001 004,92.31,0.83,0.12
15_U10-003 002,92.0,0.64,0.21
15_U10-001 001,92.0,0.89,0.18
15_U10-007 001,91.69,0.86,0.18
15_U10-001 003,91.69,0.8,0.18
15_U10-000 002,91.38,0.81,0.1
15_U10-007 003,91.38,0.81,0.18
15_U10-003 001,91.38,0.84,0.2
15_U10-003 003,91.38,0.71,0.18
15_U10-002 001,91.38,0.73,0.12
15_U10-009 001,91.08,0.83,0.17
15_U10-005 001,91.08,0.7,0.15
15_U10-006 001,91.08,0.76,0.17
15_U10-002 002,91.08,0.75,0.17
15_001 002,91.08,0.9,0.18
15_001 004,91.08,0.79,0.2
15_U10-007 002,90.77,0.81,0.17
15_U10-009 002,90.77,0.87,0.18
15_U10-009 003,90.77,0.85,0.18
15_U10-007 004,90.46,0.83,0.18
15_U10-001 005,90.46,0.83,0.17
15_U10-000 001,90.15,0.83,0.17
15_U10-000 003,90.15,0.74,0.17
15_U10-004 001,90.15,0.84,0.19
15_U10-002 003,89.85,0.62,0.16
15_003 001,89.54,0.83,0.16
15_U10-004 002,89.54,0.82,0.2
15_U10-003 004,89.54,0.65,0.21
15_U10-004 003,89.23,0.87,0.16
15_U10-003 005,89.23,0.69,0.13
15_U10-009 004,89.23,0.81,0.14
15_U10-006 002,88.92,0.71,0.17
15_U10-006 004,88.92,0.57,0.2
15_U10-005 002,88.62,0.63,0.16
15_000 002,88.31,0.5,0.1
15_U10-006 005,88.31,0.69,0.18
15_U10-000 004,88.0,0.79,0.13
15_U10-005 004,88.0,0.69,0.14
15_156 001,87.69,0.77,0.13
15_U10-005 003,87.69,0.74,0.13
15_003 003,87.38,0.86,0.2
15_003 002,87.38,0.79,0.11
15_001 005,87.38,0.8,0.16
15_003 004,86.77,0.79,0.19
15_U10-008 001,86.77,0.77,0.14
15_U10-009 005,86.46,0.73,0.16
15_U10-005 005,86.46,0.69,0.15
15_U10-006 003,86.46,0.68,0.18
15_U10-008 002,86.15,0.68,0.15
15_156 002,86.15,0.69,0.13
15_156 003,86.15,0.72,0.12
15_U10-002 004,86.15,0.7,0.16
15_U10-004 004,85.85,0.87,0.18
15_U10-004 005,85.85,0.8,0.19
15_030 001,85.54,0.69,0.18
15_017 001,85.54,0.73,0.13
15_038 002,85.23,0.78,0.17
15_110 001,85.23,0.75,0.18
15_110 002,85.23,0.7,0.12
15_038 001,84.92,0.83,0.18
15_U10-000 005,84.62,0.73,0.18
15_092 001,84.62,0.62,0.17
15_U10-008 003,84.62,0.65,0.16
15_003 005,84.31,0.82,0.2
15_013 002,84.31,0.71,0.14
15_018 001,84.0,0.65,0.14
15_018 002,84.0,0.72,0.16
15_011 002,83.38,0.84,0.18
15_047 003,83.38,0.73,0.17
15_U10-008 004,83.38,0.72,0.14
15_048 001,83.08,0.79,0.19
15_074 002,83.08,0.39,0.1
15_047 001,82.77,0.84,0.17
15_047 002,82.77,0.75,0.17
15_156 004,82.77,0.73,0.21
15_014 001,82.77,0.62,0.2
15_046 002,82.77,0.85,0.17
15_011 001,82.46,0.87,0.17
15_U10-008 005,82.46,0.75,0.15
15_013 001,82.46,0.66,0.15
15_074 001,82.46,0.51,0.12
15_044 001,82.46,0.79,0.13
15_046 001,82.46,0.77,0.15
15_046 003,82.46,0.74,0.17
15_082 001,82.46,0.45,0.19
15_000 003,82.15,0.43,0.2
15_014 002,82.15,0.76,0.14
15_U10-002 005,82.15,0.76,0.18
15_156 005,81.85,0.74,0.21
15_074 004,81.85,0.54,0.09
15_011 003,81.54,0.76,0.2
15_038 003,81.23,0.76,0.17
15_074 003,81.23,0.56,0.12
15_047 004,80.92,0.66,0.2
15_042 001,80.92,0.76,0.17
15_017 003,80.62,0.71,0.13
15_048 002,80.62,0.86,0.18
15_044 002,80.62,0.7,0.21
15_046 004,80.0,0.76,0.18
15_038 004,79.38,0.66,0.2
15_011 004,79.38,0.84,0.18
15_048 003,79.38,0.81,0.19
15_082 002,79.38,0.69,0.17
15_042 003,79.08,0.79,0.17
15_017 002,79.08,0.72,0.14
15_025 003,79.08,0.58,0.15
15_025 001,79.08,0.57,0.1
15_148 001,78.77,0.71,0.12
15_042 002,78.77,0.88,0.18
15_018 003,78.77,0.72,0.17
15_018 004,78.77,0.72,0.21
15_014 003,78.77,0.71,0.13
15_042 004,78.46,0.83,0.2
15_030 002,78.15,0.75,0.2
15_032 001,78.15,0.69,0.14
15_082 003,78.15,0.6,0.19
15_038 005,77.85,0.77,0.18
15_047 005,77.85,0.76,0.17
15_074 005,77.85,0.37,0.15
15_025 002,77.85,0.75,0.14
15_011 005,77.54,0.82,0.17
15_017 004,77.23,0.73,0.18
15_013 003,76.92,0.74,0.21
15_000 004,76.62,0.39,0.1
15_044 003,76.31,0.81,0.18
15_044 004,76.31,0.67,0.15
15_U10-007 005,76.0,0.49,0.2
15_042 005,76.0,0.77,0.18
15_148 002,75.69,0.46,0.1
15_013 004,75.69,0.69,0.13
15_017 005,75.08,0.76,0.13
15_114 001,75.08,0.2,0.19
15_013 005,74.46,0.65,0.21
15_114 002,74.46,0.2,0.19
15_092 002,73.85,0.47,0.1
15_000 005,73.54,0.33,0.11
15_019 001,73.23,0.77,0.13
15_046 005,72.92,0.78,0.18
15_002 002,72.31,0.74,0.16
15_115 001,72.0,0.81,0.13
15_092 003,71.69,0.44,0.11
15_115 002,71.69,0.79,0.13
15_031 001,71.38,0.47,0.18
15_059 001,71.08,0.69,0.17
15_019 002,71.08,0.76,0.16
15_110 003,71.08,0.72,0.19
15_122 001,71.08,0.75,0.18
15_067 001,70.77,0.78,0.18
15_114 003,70.46,0.41,0.19
15_002 001,70.15,0.66,0.21
15_014 005,70.15,0.63,0.13
15_002 003,69.85,0.47,0.14
15_063 001,69.85,0.42,0.19
15_122 002,69.85,0.78,0.11
15_006 001,69.85,0.51,0.13
15_002 004,69.54,0.47,0.2
15_092 005,69.54,0.63,0.16
15_014 004,69.54,0.57,0.14
15_044 005,68.31,0.74,0.19
15_157 001,68.0,0.34,0.2
15_067 002,68.0,0.72,0.14
15_059 002,67.08,0.68,0.14
15_110 004,67.08,0.57,0.15
15_092 004,66.46,0.66,0.15
15_032 002,66.46,0.46,0.18
15_018 005,66.46,0.7,0.14
15_048 004,66.15,0.83,0.11
15_115 003,65.85,0.67,0.14
15_139 001,65.23,0.39,0.13
15_059 003,64.62,0.6,0.17
15_110 005,64.0,0.68,0.12
15_157 002,63.38,0.3,0.2
15_035 002,63.38,0.65,0.2
15_031 002,63.08,0.5,0.13
15_148 003,62.77,0.43,0.23
15_049 001,62.77,0.68,0.2
15_060 001,61.85,0.68,0.12
15_056 001,61.85,0.6,0.21
15_180 001,61.54,0.6,0.15
15_100 001,61.54,0.46,0.19
15_035 001,61.23,0.75,0.19
15_056 003,60.62,0.63,0.14
15_032 003,60.31,0.43,0.15
15_139 002,60.31,0.49,0.15
15_056 002,60.31,0.56,0.19
15_065 001,60.0,0.35,0.21
15_067 003,60.0,0.56,0.12
15_082 004,60.0,0.63,0.19
15_083 001,60.0,0.59,0.14
15_122 003,59.69,0.66,0.2
15_035 003,59.38,0.64,0.13
15_063 002,59.38,0.47,0.21
15_043 001,59.38,0.78,0.13
15_151 001,59.38,0.65,0.15
15_065 003,58.77,0.39,0.2
15_056 004,58.77,0.64,0.19
15_069 001,58.15,0.73,0.2
15_059 004,57.85,0.54,0.19
15_065 002,57.85,0.62,0.14
15_068 001,57.54,0.7,0.21
15_069 002,57.23,0.48,0.14
15_139 003,57.23,0.56,0.12
15_148 004,56.92,0.41,0.15
15_035 004,56.62,0.71,0.2
15_030 003,56.31,0.43,0.11
15_153 001,56.31,0.39,0.14
15_079 001,56.31,0.51,0.14
15_157 003,56.0,0.39,0.16
15_141 001,56.0,0.42,0.12
15_128 001,55.69,0.41,0.11
15_093 001,55.69,0.22,0.13
15_129 001,55.38,0.36,0.09
15_082 005,55.38,0.34,0.15
15_067 005,54.77,0.42,0.13
15_115 004,54.77,0.49,0.2
15_111 001,54.46,0.75,0.2
15_041 002,54.46,0.59,0.2
15_179 001,54.46,0.62,0.21
15_024 001,54.15,0.51,0.19
15_184 001,53.85,0.4,0.19
15_059 005,53.54,0.72,0.13
15_096 001,53.54,0.6,0.16
15_140 001,53.54,0.3,0.21
15_027 001,53.54,0.46,0.19
15_041 001,53.23,0.71,0.16
15_043 002,53.23,0.48,0.21
15_131 001,53.23,0.47,0.16
15_068 002,52.92,0.66,0.17
15_093 002,52.62,0.39,0.21
15_099 001,52.62,0.36,0.1
15_079 002,52.31,0.49,0.09
15_019 003,52.31,0.71,0.14
15_041 004,52.0,0.73,0.12
15_129 002,52.0,0.41,0.19
15_122 004,51.69,0.77,0.18
15_041 003,51.38,0.57,0.14
15_153 002,51.38,0.41,0.12
15_056 005,51.38,0.48,0.2
15_096 003,51.08,0.24,0.13
15_030 004,51.08,0.44,0.21
15_067 004,51.08,0.71,0.14
15_002 005,50.77,0.56,0.2
15_049 002,50.77,0.65,0.13
15_019 004,50.77,0.53,0.2
15_043 003,50.46,0.47,0.11
15_169 001,50.15,0.41,0.2
15_009 001,50.15,0.46,0.19
15_141 002,50.15,0.46,0.2
15_129 003,50.15,0.38,0.11
15_132 001,49.85,0.51,0.11
15_031 003,49.54,0.19,0.14
15_083 002,49.54,0.57,0.21
15_157 004,49.23,0.38,0.19
15_114 004,49.23,0.18,0.17
15_088 001,49.23,0.37,0.19
15_098 001,48.92,0.46,0.12
15_129 004,48.92,0.45,0.09
15_012 001,48.62,0.42,0.09
15_024 002,48.62,0.42,0.14
15_012 002,48.31,0.41,0.09
15_050 001,48.31,0.45,0.21
15_035 005,48.0,0.46,0.14
15_148 005,48.0,0.38,0.21
15_145 002,47.69,0.41,0.12
15_093 003,47.69,0.3,0.1
15_065 004,47.38,0.38,0.11
15_093 004,47.38,0.26,0.1
15_125 001,47.38,0.41,0.15
15_060 002,47.08,0.48,0.14
15_109 001,47.08,0.45,0.11
15_151 002,47.08,0.46,0.14
15_029 001,47.08,0.45,0.13
15_157 005,46.77,0.33,0.19
15_096 002,46.77,0.42,0.16
15_024 003,46.77,0.41,0.11
15_050 002,46.77,0.45,0.21
15_037 001,46.46,0.51,0.17
15_029 002,46.46,0.43,0.19
15_091 002,46.15,0.38,0.21
15_145 001,46.15,0.4,0.1
15_153 003,46.15,0.4,0.11
15_180 002,46.15,0.46,0.15
15_132 002,46.15,0.44,0.2
15_169 002,45.85,0.39,0.2
15_118 001,45.85,0.26,0.3
15_091 001,45.85,0.38,0.13
15_015 001,45.85,0.44,0.19
15_120 001,45.85,0.5,0.14
15_088 002,45.85,0.3,0.2
15_034 001,45.54,0.31,0.12
15_049 003,45.54,0.44,0.1
15_089 001,45.54,0.4,0.1
15_138 001,45.23,0.39,0.12
15_009 002,45.23,0.4,0.13
15_060 003,45.23,0.43,0.14
15_036 001,45.23,0.43,0.12
15_083 003,45.23,0.36,0.21
15_150 001,44.92,0.39,0.1
15_069 003,44.92,0.45,0.13
15_049 004,44.92,0.41,0.2
15_183 003,44.92,0.42,0.1
15_071 001,44.92,0.39,0.23
15_155 002,44.62,0.43,0.2
15_050 003,44.62,0.47,0.12
15_100 002,44.62,0.4,0.12
15_031 004,44.31,0.07,0.08
15_124 001,44.31,0.41,0.13
15_024 004,44.31,0.5,0.2
15_071 002,44.31,0.4,0.1
15_078 001,44.31,0.41,0.1
15_051 001,44.0,0.35,0.14
15_083 004,44.0,0.48,0.21
15_061 001,43.69,0.24,0.19
15_168 001,43.69,0.48,0.14
15_070 001,43.69,0.36,0.1
15_015 004,43.38,0.38,0.11
15_012 003,43.38,0.42,0.12
15_155 001,43.08,0.24,0.19
15_043 004,43.08,0.43,0.21
15_040 001,43.08,0.42,0.13
15_052 001,43.08,0.44,0.12
15_084 001,42.77,0.59,0.18
15_084 002,42.77,0.42,0.19
15_090 001,42.77,0.39,0.12
15_024 005,42.77,0.43,0.1
15_113 001,42.46,0.38,0.15
15_183 001,42.46,0.45,0.13
15_057 001,42.46,0.51,0.2
15_139 004,42.15,0.31,0.18
15_135 001,41.85,0.38,0.11
15_025 004,41.85,0.24,0.11
15_057 002,41.85,0.38,0.1
15_015 003,41.54,0.48,0.14
15_183 002,41.54,0.4,0.15
15_029 003,41.54,0.45,0.12
15_114 005,41.23,0.17,0.14
15_162 001,40.92,0.22,0.19
15_052 002,40.92,0.45,0.12
15_118 002,40.62,0.24,0.24
15_125 002,40.62,0.4,0.2
15_100 003,40.62,0.41,0.13
15_053 001,40.62,0.37,0.12
15_111 002,40.31,0.28,0.15
15_016 001,40.31,0.38,0.2
15_104 001,40.31,0.38,0.15
15_027 002,40.31,0.43,0.13
15_083 005,40.31,0.39,0.19
15_015 002,40.0,0.42,0.12
15_132 003,40.0,0.41,0.19
15_050 004,40.0,0.38,0.1
15_057 003,40.0,0.41,0.11
15_012 004,39.69,0.44,0.13
15_043 005,39.69,0.42,0.21
15_041 005,39.38,0.19,0.11
15_141 003,39.08,0.41,0.13
15_090 002,39.08,0.37,0.13
15_135 002,38.77,0.41,0.11
15_096 004,38.46,0.22,0.13
15_063 003,38.46,0.35,0.18
15_139 005,38.46,0.42,0.14
15_145 003,38.15,0.39,0.11
15_061 002,38.15,0.3,0.13
15_052 003,38.15,0.45,0.2
15_039 001,37.85,0.41,0.11
15_124 002,37.85,0.43,0.1
15_107 001,37.85,0.21,0.16
15_029 004,37.85,0.52,0.11
15_084 003,37.54,0.23,0.16
15_084 004,37.54,0.46,0.2
15_009 003,37.54,0.4,0.12
15_113 002,37.54,0.4,0.14
15_048 005,37.54,0.61,0.19
15_019 005,37.23,0.4,0.21
15_168 002,37.23,0.37,0.2
15_101 001,36.92,0.29,0.18
15_111 003,36.92,0.28,0.17
15_123 002,36.92,0.23,0.19
15_012 005,36.62,0.46,0.11
15_183 004,36.62,0.46,0.11
15_168 003,36.62,0.21,0.1
15_036 002,36.31,0.2,0.15
15_123 001,36.31,0.23,0.21
15_121 001,36.31,0.31,0.2
15_071 003,36.31,0.4,0.11
15_111 004,35.69,0.42,0.15
15_066 001,35.69,0.2,0.16
15_155 003,35.38,0.39,0.13
15_129 005,35.08,0.4,0.12
15_089 002,35.08,0.18,0.13
15_182 001,34.77,0.26,0.14
15_145 004,34.77,0.39,0.2
15_153 004,34.15,0.44,0.12
15_135 003,33.85,0.27,0.13
15_036 004,33.85,0.2,0.1
15_036 003,33.85,0.47,0.14
15_065 005,33.54,0.39,0.23
15_015 005,33.54,0.39,0.13
15_097 001,33.23,0.18,0.11
15_078 002,33.23,0.39,0.12
15_025 005,32.92,0.26,0.11
15_103 001,32.92,0.22,0.06
15_162 002,32.62,0.25,0.31
15_111 005,32.62,0.47,0.18
15_075 001,32.62,0.41,0.19
15_161 001,32.62,0.25,0.19
15_057 004,32.62,0.28,0.16
15_185 001,32.31,0.28,0.19
15_155 004,32.0,0.15,0.12
15_027 003,32.0,0.42,0.18
15_153 005,31.69,0.41,0.21
15_168 004,31.69,0.21,0.11
15_050 005,31.08,0.4,0.18
15_169 003,30.15,0.4,0.17
15_068 003,30.15,0.32,0.19
15_020 001,30.15,0.27,0.14
15_130 001,29.85,0.32,0.16
15_096 005,29.85,0.41,0.16
15_032 004,29.85,0.36,0.17
15_185 002,29.85,0.37,0.22
15_163 001,29.54,0.21,0.39
15_101 002,29.23,0.42,0.17
15_034 002,29.23,0.28,0.22
15_066 002,29.23,0.24,0.1
15_166 001,29.23,0.28,0.19
15_071 004,28.92,0.27,0.19
15_154 001,28.92,0.17,0.21
15_073 001,28.62,0.32,0.21
15_107 002,28.62,0.2,0.15
15_147 001,28.0,0.34,0.2
15_119 001,27.38,0.14,0.12
15_161 002,27.38,0.26,0.1
15_021 001,27.38,0.18,0.12
15_095 001,27.08,0.19,0.18
15_075 002,27.08,0.23,0.19
15_027 005,27.08,0.22,0.23
15_165 001,26.77,0.19,0.19
15_137 002,26.46,0.25,0.19
15_088 003,26.46,0.3,0.19
15_169 004,26.15,0.31,0.12
15_145 005,26.15,0.18,0.12
15_163 003,26.15,0.16,0.3
15_137 001,25.85,0.31,0.14
15_150 002,25.85,0.21,0.2
15_124 003,25.85,0.42,0.11
15_066 003,25.23,0.19,0.07
15_098 002,25.23,0.2,0.1
15_045 001,25.23,0.2,0.12
15_021 002,25.23,0.21,0.11
15_185 003,24.92,0.39,0.2
15_075 003,24.92,0.3,0.19
15_163 002,24.92,0.13,0.35
15_133 001,24.31,0.18,0.16
15_027 004,24.31,0.29,0.19
15_087 002,24.0,0.32,0.2
15_093 005,24.0,0.14,0.17
15_100 005,24.0,0.29,0.18
15_084 005,23.69,0.22,0.17
15_087 001,23.69,0.35,0.2
15_031 005,23.69,0.18,0.15
15_182 004,23.38,0.26,0.16
15_173 001,23.38,0.17,0.2
15_100 004,23.38,0.35,0.19
15_182 002,23.08,0.42,0.18
15_098 003,23.08,0.22,0.15
15_053 002,23.08,0.26,0.14
15_124 004,22.46,0.33,0.17
15_168 005,22.46,0.21,0.13
15_070 003,22.46,0.26,0.13
15_121 002,22.15,0.29,0.21
15_103 002,22.15,0.08,0.09
15_152 001,22.15,0.18,0.17
15_182 003,21.85,0.27,0.27
15_016 002,21.85,0.24,0.14
15_069 004,21.85,0.26,0.2
15_183 005,21.85,0.41,0.15
15_120 002,21.85,0.38,0.19
15_066 005,21.54,0.14,0.11
15_161 003,21.54,0.33,0.16
15_063 004,21.23,0.27,0.12
15_158 001,21.23,0.25,0.17
15_053 003,20.92,0.13,0.13
15_135 004,20.62,0.35,0.09
15_010 001,20.62,0.21,0.14
15_045 002,20.62,0.2,0.12
15_171 002,20.62,0.17,0.24
15_121 003,20.31,0.28,0.26
15_152 002,20.31,0.18,0.37
15_138 002,20.0,0.2,0.12
15_066 004,20.0,0.17,0.15
15_163 004,20.0,0.21,0.28
15_021 004,20.0,0.11,0.13
15_087 003,19.69,0.35,0.19
15_177 002,19.38,0.17,0.08
15_171 001,19.38,0.08,0.15
15_179 002,19.38,0.33,0.18
15_163 005,19.08,0.19,0.38
15_020 003,19.08,0.18,0.11
15_147 002,19.08,0.21,0.11
15_021 003,19.08,0.22,0.09
15_171 003,19.08,0.15,0.31
15_138 003,18.77,0.22,0.13
15_177 003,18.77,0.11,0.3
15_112 001,18.77,0.15,0.12
15_072 001,18.77,0.2,0.12
15_021 005,18.46,0.11,0.13
15_104 002,18.15,0.16,0.2
15_158 002,18.15,0.19,0.12
15_112 004,18.15,0.15,0.13
15_166 002,18.15,0.3,0.23
15_155 005,17.85,0.34,0.21
15_138 005,17.85,0.2,0.17
15_182 005,17.85,0.23,0.14
15_098 004,17.85,0.21,0.14
15_020 002,17.85,0.34,0.13
15_078 003,17.85,0.27,0.2
15_177 001,17.54,0.12,0.36
15_161 004,17.54,0.25,0.14
15_138 004,17.23,0.2,0.14
15_170 002,17.23,0.3,0.21
15_070 004,17.23,0.18,0.13
15_112 002,17.23,0.11,0.23
15_166 003,17.23,0.39,0.19
15_149 002,17.23,0.14,0.12
15_034 003,16.92,0.23,0.07
15_160 001,16.92,0.12,0.1
15_097 003,16.92,0.19,0.12
15_133 004,16.62,0.22,0.12
15_097 002,16.62,0.18,0.13
15_170 001,16.62,0.22,0.18
15_053 004,16.62,0.36,0.15
15_023 001,16.62,0.2,0.13
15_152 003,16.62,0.23,0.23
15_133 003,16.31,0.22,0.13
15_070 002,16.31,0.2,0.11
15_144 002,16.31,0.17,0.12
15_130 003,16.0,0.29,0.18
15_184 002,16.0,0.34,0.2
15_165 002,16.0,0.23,0.12
15_124 005,16.0,0.36,0.12
15_132 004,16.0,0.22,0.14
15_112 003,16.0,0.18,0.19
15_144 001,16.0,0.14,0.12
15_052 004,16.0,0.42,0.12
15_140 003,15.69,0.16,0.2
15_130 002,15.38,0.15,0.14
15_169 005,15.08,0.3,0.18
15_098 005,15.08,0.24,0.09
15_121 004,15.08,0.2,0.19
15_112 005,15.08,0.14,0.18
15_130 004,14.77,0.13,0.12
15_039 002,14.77,0.22,0.12
15_133 002,14.46,0.14,0.09
15_032 005,14.46,0.37,0.16
15_072 002,14.46,0.18,0.15
15_159 001,14.46,0.16,0.14
15_149 001,14.15,0.23,0.19
15_125 003,14.15,0.17,0.11
15_170 004,13.85,0.18,0.2
15_159 002,13.85,0.11,0.14
15_177 004,13.54,0.17,0.21
15_170 003,13.54,0.11,0.1
15_151 003,13.54,0.28,0.12
15_132 005,13.54,0.24,0.17
15_091 003,13.23,0.36,0.17
15_170 005,12.92,0.14,0.13
15_079 005,12.92,0.34,0.1
15_130 005,12.62,0.2,0.1
15_158 003,12.31,0.15,0.25
15_127 001,12.31,0.33,0.18
15_177 005,12.0,0.12,0.1
15_063 005,12.0,0.3,0.18
15_176 001,12.0,0.17,0.12
15_133 005,11.69,0.19,0.18
15_079 003,11.69,0.28,0.17
15_088 004,11.69,0.21,0.09
15_123 003,10.46,0.24,0.14
15_142 001,10.46,0.19,0.09
15_147 003,10.46,0.15,0.09
15_053 005,10.46,0.21,0.19
15_072 003,10.15,0.26,0.17
15_171 005,10.15,0.12,0.2
15_101 003,9.85,0.19,0.17
15_161 005,9.85,0.16,0.16
15_120 003,9.85,0.35,0.13
15_141 004,9.54,0.26,0.18
15_079 004,9.54,0.3,0.21
15_158 005,8.92,0.11,0.22
15_108 001,8.92,0.13,0.11
15_095 002,8.62,0.23,0.18
15_151 004,7.38,0.19,0.22
15_140 002,6.77,0.3,0.08
15_128 003,6.77,0.14,0.09
15_158 004,6.46,0.08,0.19
15_051 003,6.46,0.28,0.13
15_128 002,5.85,0.3,0.13
15_172 002,5.85,0.21,0.14
15_117 001,5.85,0.18,0.17
15_172 001,5.54,0.12,0.1
15_173 002,5.23,0.19,0.11
15_180 003,5.23,0.29,0.2
15_118 003,4.92,0.23,0.23
15_146 001,4.92,0.14,0.12
15_159 003,4.92,0.13,0.18
15_127 002,4.62,0.28,0.2
15_154 002,4.62,0.25,0.31
15_171 004,4.31,0.12,0.39
15_113 004,4.0,0.14,0.1
15_128 004,4.0,0.11,0.2
15_137 004,3.69,0.16,0.14
15_022 001,3.69,0.32,0.2
15_086 002,3.38,0.26,0.1
15_172 004,3.38,0.18,0.2
15_173 003,3.38,0.28,0.19
15_164 002,3.38,0.29,0.13
15_008 001,3.08,0.36,0.2
15_117 002,3.08,0.16,0.23
15_086 001,2.77,0.27,0.19
15_126 005,2.77,0.28,0.18
15_164 001,2.77,0.18,0.09
15_164 003,2.77,0.12,0.11
15_006 002,2.77,0.41,0.15
15_113 003,2.46,0.15,0.1
15_010 002,2.46,0.19,0.12
15_037 002,2.46,0.21,0.11
15_026 001,2.46,0.34,0.12
15_127 003,2.46,0.32,0.16
15_140 004,2.15,0.17,0.13
15_126 002,2.15,0.28,0.19
15_146 002,2.15,0.28,0.21
15_147 004,1.85,0.2,0.12
15_073 004,1.54,0.2,0.1
15_022 002,1.54,0.36,0.2
15_160 002,1.23,0.16,0.09
15_164 004,1.23,0.11,0.1
15_167 001,0.92,0.19,0.17
15_165 003,0.92,0.31,0.18
15_165 004,0.92,0.22,0.16
15_172 003,0.92,0.12,0.16
15_045 003,0.92,0.2,0.14
15_076 001,0.92,0.37,0.13
15_152 004,0.92,0.18,0.2
15_054 001,0.62,0.34,0.18
15_121 005,0.62,0.17,0.12
15_094 001,0.62,0.26,0.21
15_094 002,0.62,0.22,0.17
15_134 001,0.62,0.14,0.1
15_166 005,0.62,0.26,0.15
15_076 005,0.62,0.16,0.15
15_184 003,0.31,0.29,0.21
15_009 005,0.31,0.35,0.18
15_009 004,0.31,0.3,0.2
15_010 003,0.31,0.21,0.09
15_062 001,0.31,0.3,0.12
15_037 003,0.31,0.38,0.1
15_126 004,0.31,0.16,0.11
15_073 003,0.31,0.32,0.2
15_107 003,0.31,0.12,0.16
15_119 002,0.31,0.16,0.17
15_076 002,0.31,0.34,0.19
15_146 003,0.31,0.25,0.18
15_146 004,0.31,0.27,0.19
15_154 003,0.31,0.16,0.29
15_108 004,0.31,0.09,0.13
15_101 004,0.0,0.18,0.15
15_101 005,0.0,0.25,0.12
15_106 004,0.0,0.2,0.09
15_106 001,0.0,0.11,0.11
15_106 005,0.0,0.1,0.11
15_106 002,0.0,0.19,0.13
15_106 003,0.0,0.16,0.11
15_137 003,0.0,0.18,0.14
15_137 005,0.0,0.12,0.14
15_054 005,0.0,0.2,0.14
15_054 002,0.0,0.29,0.19
15_054 003,0.0,0.25,0.18
15_054 004,0.0,0.2,0.11
15_150 004,0.0,0.15,0.1
15_150 005,0.0,0.29,0.13
15_150 003,0.0,0.33,0.18
15_181 001,0.0,0.27,0.16
15_181 003,0.0,0.11,0.11
15_181 002,0.0,0.19,0.14
15_181 004,0.0,0.27,0.12
15_181 005,0.0,0.22,0.17
15_033 002,0.0,0.22,0.25
15_033 004,0.0,0.2,0.1
15_033 003,0.0,0.18,0.21
15_033 005,0.0,0.23,0.22
15_033 001,0.0,0.28,0.15
15_008 003,0.0,0.31,0.22
15_008 005,0.0,0.23,0.1
15_008 004,0.0,0.32,0.32
15_008 002,0.0,0.32,0.21
15_135 005,0.0,0.12,0.11
15_085 001,0.0,0.3,0.27
15_085 003,0.0,0.22,0.13
15_085 004,0.0,0.32,0.21
15_085 005,0.0,0.23,0.21
15_085 002,0.0,0.21,0.14
15_184 005,0.0,0.27,0.15
15_184 004,0.0,0.3,0.24
15_080 002,0.0,0.3,0.19
15_080 001,0.0,0.31,0.14
15_080 003,0.0,0.22,0.15
15_080 005,0.0,0.13,0.09
15_080 004,0.0,0.3,0.1
15_064 005,0.0,0.18,0.08
15_064 002,0.0,0.24,0.11
15_064 004,0.0,0.23,0.18
15_064 003,0.0,0.18,0.14
15_064 001,0.0,0.24,0.16
15_055 003,0.0,0.18,0.24
15_055 001,0.0,0.3,0.18
15_055 004,0.0,0.13,0.1
15_055 005,0.0,0.13,0.11
15_055 002,0.0,0.3,0.19
15_039 004,0.0,0.3,0.18
15_039 005,0.0,0.11,0.11
15_039 003,0.0,0.27,0.12
15_034 005,0.0,0.18,0.16
15_034 004,0.0,0.24,0.23
15_086 004,0.0,0.3,0.2
15_086 005,0.0,0.1,0.1
15_086 003,0.0,0.22,0.22
15_113 005,0.0,0.14,0.07
15_004 003,0.0,0.19,0.11
15_004 002,0.0,0.2,0.08
15_004 004,0.0,0.28,0.15
15_004 001,0.0,0.34,0.2
15_004 005,0.0,0.14,0.1
15_118 005,0.0,0.22,0.27
15_118 004,0.0,0.3,0.11
15_162 004,0.0,0.15,0.22
15_162 003,0.0,0.27,0.31
15_162 005,0.0,0.21,0.2
15_167 004,0.0,0.22,0.11
15_167 005,0.0,0.16,0.11
15_167 003,0.0,0.21,0.08
15_167 002,0.0,0.14,0.08
15_081 005,0.0,0.29,0.1
15_081 003,0.0,0.19,0.09
15_081 004,0.0,0.26,0.11
15_081 001,0.0,0.25,0.12
15_081 002,0.0,0.2,0.23
15_060 004,0.0,0.34,0.19
15_060 005,0.0,0.23,0.12
15_116 005,0.0,0.26,0.24
15_116 002,0.0,0.19,0.1
15_116 003,0.0,0.16,0.11
15_116 001,0.0,0.3,0.13
15_116 004,0.0,0.19,0.13
15_160 003,0.0,0.16,0.13
15_160 005,0.0,0.21,0.15
15_160 004,0.0,0.16,0.09
15_165 005,0.0,0.15,0.12
15_087 004,0.0,0.29,0.19
15_087 005,0.0,0.26,0.2
15_030 005,0.0,0.14,0.11
15_005 005,0.0,0.24,0.09
15_005 001,0.0,0.28,0.12
15_005 003,0.0,0.17,0.12
15_005 004,0.0,0.1,0.17
15_005 002,0.0,0.31,0.18
15_091 005,0.0,0.17,0.11
15_091 004,0.0,0.31,0.18
15_140 005,0.0,0.16,0.18
15_061 003,0.0,0.18,0.15
15_061 005,0.0,0.25,0.21
15_061 004,0.0,0.22,0.13
15_036 005,0.0,0.11,0.13
15_097 004,0.0,0.15,0.26
15_097 005,0.0,0.13,0.12
15_143 003,0.0,0.16,0.15
15_143 005,0.0,0.22,0.14
15_143 002,0.0,0.25,0.19
15_143 004,0.0,0.26,0.2
15_143 001,0.0,0.21,0.12
15_010 005,0.0,0.17,0.12
15_010 004,0.0,0.23,0.11
15_123 004,0.0,0.12,0.13
15_123 005,0.0,0.25,0.23
15_128 005,0.0,0.19,0.11
15_141 005,0.0,0.25,0.19
15_172 005,0.0,0.14,0.06
15_062 004,0.0,0.23,0.19
15_062 005,0.0,0.22,0.14
15_062 003,0.0,0.18,0.12
15_062 002,0.0,0.25,0.2
15_037 005,0.0,0.2,0.13
15_037 004,0.0,0.37,0.18
15_016 005,0.0,0.28,0.16
15_016 003,0.0,0.31,0.12
15_016 004,0.0,0.26,0.19
15_126 003,0.0,0.23,0.12
15_126 001,0.0,0.3,0.12
15_175 002,0.0,0.13,0.12
15_175 003,0.0,0.21,0.18
15_175 001,0.0,0.11,0.11
15_175 005,0.0,0.1,0.1
15_175 004,0.0,0.13,0.24
15_068 004,0.0,0.27,0.2
15_068 005,0.0,0.29,0.21
15_173 004,0.0,0.2,0.15
15_173 005,0.0,0.19,0.14
15_099 004,0.0,0.22,0.12
15_099 002,0.0,0.29,0.11
15_099 003,0.0,0.19,0.16
15_099 005,0.0,0.18,0.12
15_178 002,0.0,0.14,0.13
15_178 003,0.0,0.14,0.34
15_178 005,0.0,0.11,0.4
15_178 001,0.0,0.12,0.27
15_178 004,0.0,0.1,0.21
15_104 005,0.0,0.12,0.11
15_104 003,0.0,0.19,0.07
15_104 004,0.0,0.11,0.11
15_094 005,0.0,0.24,0.2
15_094 004,0.0,0.29,0.17
15_094 003,0.0,0.19,0.21
15_109 002,0.0,0.19,0.13
15_109 005,0.0,0.16,0.17
15_109 004,0.0,0.15,0.14
15_109 003,0.0,0.3,0.15
15_069 005,0.0,0.16,0.16
15_073 005,0.0,0.24,0.2
15_073 002,0.0,0.22,0.19
15_102 002,0.0,0.12,0.41
15_102 001,0.0,0.15,0.31
15_102 005,0.0,0.21,0.44
15_102 004,0.0,0.11,0.17
15_102 003,0.0,0.12,0.1
15_107 004,0.0,0.15,0.23
15_107 005,0.0,0.16,0.26
15_151 005,0.0,0.14,0.09
15_095 004,0.0,0.13,0.14
15_095 003,0.0,0.26,0.18
15_095 005,0.0,0.14,0.08
15_131 004,0.0,0.22,0.16
15_131 005,0.0,0.25,0.2
15_131 003,0.0,0.23,0.19
15_131 002,0.0,0.31,0.21
15_136 002,0.0,0.2,0.2
15_136 003,0.0,0.2,0.15
15_136 001,0.0,0.25,0.21
15_136 004,0.0,0.25,0.11
15_136 005,0.0,0.3,0.19
15_090 004,0.0,0.09,0.1
15_090 005,0.0,0.2,0.14
15_090 003,0.0,0.19,0.12
15_049 005,0.0,0.27,0.21
15_180 004,0.0,0.26,0.16
15_180 005,0.0,0.23,0.21
15_185 005,0.0,0.14,0.08
15_185 004,0.0,0.28,0.21
15_134 005,0.0,0.13,0.13
15_134 004,0.0,0.25,0.16
15_134 002,0.0,0.21,0.12
15_134 003,0.0,0.14,0.11
15_075 005,0.0,0.3,0.12
15_075 004,0.0,0.29,0.11
15_119 004,0.0,0.14,0.12
15_119 005,0.0,0.15,0.35
15_119 003,0.0,0.14,0.15
15_070 005,0.0,0.19,0.22
15_045 004,0.0,0.21,0.12
15_045 005,0.0,0.2,0.14
15_029 005,0.0,0.15,0.1
15_040 003,0.0,0.23,0.13
15_040 005,0.0,0.2,0.21
15_040 002,0.0,0.27,0.21
15_040 004,0.0,0.3,0.13
15_117 003,0.0,0.19,0.14
15_117 005,0.0,0.15,0.13
15_117 004,0.0,0.15,0.08
15_166 004,0.0,0.39,0.19
15_076 004,0.0,0.36,0.19
15_076 003,0.0,0.28,0.21
15_071 005,0.0,0.14,0.12
15_115 005,0.0,0.31,0.16
15_146 005,0.0,0.2,0.1
15_164 005,0.0,0.3,0.18
15_077 003,0.0,0.16,0.1
15_077 001,0.0,0.19,0.18
15_077 002,0.0,0.26,0.11
15_077 004,0.0,0.12,0.15
15_077 005,0.0,0.25,0.16
15_144 005,0.0,0.19,0.27
15_144 003,0.0,0.14,0.2
15_144 004,0.0,0.16,0.08
15_020 005,0.0,0.26,0.11
15_020 004,0.0,0.25,0.22
15_149 004,0.0,0.2,0.11
15_149 005,0.0,0.13,0.08
15_149 003,0.0,0.32,0.18
15_072 005,0.0,0.17,0.16
15_072 004,0.0,0.28,0.21
15_142 002,0.0,0.31,0.21
15_142 003,0.0,0.17,0.18
15_142 005,0.0,0.27,0.21
15_142 004,0.0,0.24,0.17
15_051 004,0.0,0.21,0.21
15_051 002,0.0,0.31,0.22
15_051 005,0.0,0.31,0.18
15_147 005,0.0,0.18,0.12
15_026 003,0.0,0.37,0.2
15_026 004,0.0,0.26,0.17
15_026 002,0.0,0.34,0.19
15_026 005,0.0,0.17,0.12
15_078 004,0.0,0.28,0.19
15_078 005,0.0,0.25,0.21
15_122 005,0.0,0.28,0.19
15_127 005,0.0,0.34,0.2
15_127 004,0.0,0.31,0.18
15_057 005,0.0,0.26,0.21
15_176 002,0.0,0.22,0.12
15_176 003,0.0,0.17,0.08
15_176 004,0.0,0.24,0.21
15_176 005,0.0,0.14,0.08
15_052 005,0.0,0.29,0.19
15_120 004,0.0,0.3,0.2
15_120 005,0.0,0.32,0.19
15_125 004,0.0,0.24,0.2
15_125 005,0.0,0.11,0.09
15_088 005,0.0,0.17,0.16
15_174 004,0.0,0.27,0.19
15_174 003,0.0,0.22,0.18
15_174 005,0.0,0.27,0.2
15_174 001,0.0,0.28,0.11
15_174 002,0.0,0.24,0.16
15_022 005,0.0,0.31,0.2
15_022 003,0.0,0.28,0.19
15_022 004,0.0,0.3,0.15
15_179 003,0.0,0.33,0.18
15_179 004,0.0,0.26,0.15
15_179 005,0.0,0.32,0.14
15_006 003,0.0,0.31,0.19
15_006 005,0.0,0.21,0.15
15_006 004,0.0,0.19,0.18
15_105 003,0.0,0.25,0.21
15_105 002,0.0,0.2,0.2
15_105 005,0.0,0.22,0.28
15_105 001,0.0,0.24,0.14
15_105 004,0.0,0.15,0.21
15_058 005,0.0,0.14,0.1
15_058 004,0.0,0.17,0.11
15_058 003,0.0,0.19,0.14
15_058 001,0.0,0.24,0.14
15_058 002,0.0,0.3,0.16
15_154 004,0.0,0.16,0.33
15_154 005,0.0,0.26,0.14
15_159 004,0.0,0.21,0.11
15_159 005,0.0,0.17,0.14
15_028 005,0.0,0.14,0.12
15_028 003,0.0,0.25,0.2
15_028 002,0.0,0.19,0.13
15_028 004,0.0,0.16,0.12
15_028 001,0.0,0.15,0.11
15_103 003,0.0,0.23,0.2
15_103 004,0.0,0.16,0.18
15_103 005,0.0,0.15,0.11
15_108 002,0.0,0.19,0.12
15_108 003,0.0,0.11,0.09
15_108 005,0.0,0.22,0.11
15_089 003,0.0,0.17,0.14
15_089 005,0.0,0.15,0.13
15_089 004,0.0,0.16,0.13
15_023 003,0.0,0.21,0.24
15_023 002,0.0,0.18,0.25
15_023 004,0.0,0.2,0.1
15_023 005,0.0,0.2,0.14
15_007 004,0.0,0.27,0.21
15_007 001,0.0,0.22,0.11
15_007 005,0.0,0.11,0.5
15_007 002,0.0,0.14,0.12
15_007 003,0.0,0.21,0.12
15_152 005,0.0,0.21,0.18
