1_U100-007 001,90.37,0.52,0.19
1_U100-000 001,90.37,0.54,0.11
1_U100-005 001,89.84,0.57,0.2
1_U100-005 002,89.84,0.53,0.11
1_U100-008 001,89.3,0.45,0.1
1_U100-007 002,89.3,0.55,0.19
1_U100-000 002,89.3,0.52,0.18
1_U100-002 001,88.77,0.45,0.17
1_U100-001 002,88.77,0.53,0.17
1_U100-007 003,88.77,0.5,0.2
1_U100-006 001,88.77,0.46,0.13
1_U100-006 002,88.77,0.47,0.1
1_U100-005 003,88.77,0.58,0.17
1_U100-002 002,88.24,0.49,0.18
1_000 001,88.24,0.5,0.2
1_U100-001 001,88.24,0.49,0.17
1_U100-008 002,88.24,0.44,0.21
1_U100-002 003,87.7,0.44,0.19
1_U100-004 001,87.7,0.41,0.09
1_U100-005 004,87.7,0.53,0.15
1_U100-000 003,86.63,0.52,0.13
1_005 002,86.63,0.33,0.18
1_U100-004 002,86.1,0.46,0.22
1_005 001,86.1,0.33,0.18
1_U100-006 003,86.1,0.45,0.18
1_U100-008 003,85.56,0.42,0.18
1_U100-009 002,85.56,0.35,0.12
1_U100-003 001,85.56,0.47,0.18
1_U100-004 003,85.03,0.44,0.2
1_U100-002 004,84.49,0.48,0.15
1_U10-008 001,84.49,0.33,0.19
1_U100-005 005,84.49,0.51,0.2
1_000 002,83.96,0.37,0.12
1_U100-009 001,83.96,0.34,0.11
1_U100-002 005,83.42,0.34,0.16
1_U100-001 003,83.42,0.39,0.14
1_U100-001 004,83.42,0.36,0.16
1_U100-009 003,83.42,0.34,0.19
1_U100-007 004,83.42,0.45,0.21
1_U100-004 005,83.42,0.34,0.21
1_U100-004 004,83.42,0.41,0.12
1_U100-006 005,83.42,0.36,0.21
1_001 004,83.42,0.3,0.2
1_001 005,83.42,0.23,0.22
1_U100-003 004,83.42,0.38,0.12
1_000 004,82.89,0.36,0.18
1_000 003,82.89,0.37,0.21
1_U100-001 005,82.89,0.39,0.19
1_U100-008 004,82.89,0.35,0.19
1_U100-008 005,82.89,0.37,0.17
1_U10-002 001,82.89,0.29,0.1
1_U10-002 002,82.89,0.27,0.23
1_U100-007 005,82.89,0.44,0.14
1_U100-000 005,82.89,0.38,0.14
1_U100-000 004,82.89,0.45,0.12
1_U10-008 002,82.89,0.32,0.19
1_U100-006 004,82.89,0.43,0.1
1_001 001,82.89,0.38,0.19
1_001 003,82.89,0.34,0.17
1_U100-003 005,82.89,0.3,0.15
1_U100-003 002,82.89,0.43,0.12
1_U100-003 003,82.89,0.39,0.12
1_U10-005 002,82.89,0.19,0.37
1_U10-009 003,82.35,0.25,0.19
1_U10-004 003,82.35,0.18,0.37
1_U10-004 002,82.35,0.19,0.41
1_000 005,82.35,0.35,0.35
1_U10-002 003,82.35,0.27,0.28
1_U10-007 001,82.35,0.39,0.19
1_U10-003 001,82.35,0.36,0.18
1_U100-009 004,82.35,0.37,0.13
1_U100-009 005,82.35,0.33,0.11
1_U10-006 001,82.35,0.24,0.22
1_005 003,82.35,0.3,0.2
1_001 002,82.35,0.35,0.18
1_U10-005 004,82.35,0.19,0.42
1_U10-005 001,82.35,0.15,0.37
1_U10-005 003,82.35,0.2,0.35
1_U10-009 001,81.82,0.37,0.14
1_U10-008 003,81.82,0.32,0.2
1_U10-001 001,81.82,0.29,0.16
1_U10-000 005,81.82,0.28,0.21
1_U10-000 001,81.82,0.46,0.18
1_U10-000 002,81.82,0.34,0.09
1_038 001,81.82,0.21,0.23
1_038 002,81.82,0.17,0.2
1_080 001,81.82,0.13,0.46
1_080 002,81.82,0.19,0.46
1_U10-009 005,81.28,0.28,0.19
1_U10-009 002,81.28,0.36,0.18
1_U10-004 001,81.28,0.24,0.39
1_005 004,81.28,0.32,0.21
1_U10-005 005,81.28,0.15,0.43
1_054 001,80.75,0.2,0.34
1_U10-008 004,80.75,0.32,0.13
1_U10-000 004,80.75,0.33,0.14
1_U10-009 004,80.21,0.28,0.18
1_U10-007 002,80.21,0.46,0.12
1_U10-007 004,80.21,0.42,0.19
1_U10-003 003,80.21,0.22,0.19
1_U10-003 002,80.21,0.36,0.19
1_054 003,80.21,0.18,0.26
1_U10-006 003,80.21,0.29,0.21
1_054 002,79.68,0.15,0.33
1_059 001,79.14,0.14,0.26
1_U10-007 003,79.14,0.37,0.19
1_054 005,79.14,0.2,0.26
1_U10-001 002,79.14,0.37,0.19
1_U10-001 003,79.14,0.3,0.13
1_U10-000 003,79.14,0.31,0.19
1_074 001,79.14,0.2,0.63
1_092 002,78.61,0.22,0.32
1_054 004,78.61,0.11,0.35
1_101 001,78.61,0.12,0.5
1_U10-006 002,78.61,0.21,0.5
1_U10-004 004,78.07,0.16,0.27
1_U10-007 005,78.07,0.35,0.2
1_U10-001 004,78.07,0.27,0.21
1_022 001,78.07,0.19,0.43
1_101 002,77.54,0.11,0.55
1_U10-006 004,77.54,0.2,0.27
1_U10-006 005,77.54,0.21,0.31
1_U10-003 004,77.01,0.33,0.18
1_049 001,77.01,0.18,0.55
1_101 003,77.01,0.2,0.51
1_096 002,76.47,0.11,0.32
1_035 001,76.47,0.2,0.55
1_049 002,76.47,0.18,0.27
1_067 001,76.47,0.2,0.57
1_067 002,75.94,0.22,0.49
1_041 001,75.94,0.22,0.28
1_074 002,75.94,0.12,0.27
1_096 001,75.4,0.14,0.31
1_U10-003 005,75.4,0.34,0.19
1_038 003,75.4,0.21,0.27
1_092 001,74.87,0.15,0.2
1_080 004,74.87,0.15,0.39
1_035 002,74.33,0.21,0.37
1_059 002,73.8,0.16,0.42
1_101 004,73.8,0.13,0.45
1_005 005,73.26,0.34,0.2
1_080 003,73.26,0.19,0.46
1_074 003,72.73,0.19,0.21
1_002 001,72.19,0.46,0.11
1_U10-001 005,72.19,0.25,0.31
1_041 002,72.19,0.37,0.32
1_038 005,72.19,0.16,0.17
1_035 003,71.66,0.13,0.27
1_067 003,71.66,0.2,0.5
1_041 003,71.66,0.26,0.4
1_038 004,71.66,0.2,0.16
1_068 001,71.66,0.21,0.37
1_U10-008 005,71.12,0.32,0.18
1_068 002,71.12,0.17,0.31
1_142 001,70.59,0.15,0.52
1_079 002,70.05,0.17,0.5
1_108 002,70.05,0.13,0.3
1_108 001,69.52,0.11,0.34
1_049 003,69.52,0.21,0.33
1_067 004,69.52,0.13,0.52
1_070 001,69.52,0.14,0.3
1_U10-004 005,68.98,0.16,0.45
1_079 001,68.98,0.13,0.49
1_141 002,68.45,0.18,0.55
1_141 001,67.91,0.11,0.46
1_002 002,67.38,0.32,0.13
1_108 003,67.38,0.12,0.48
1_108 004,67.38,0.1,0.27
1_U10-002 005,66.31,0.24,0.41
1_101 005,66.31,0.15,0.5
1_016 001,65.78,0.39,0.3
1_041 004,65.78,0.22,0.22
1_060 001,65.24,0.17,0.55
1_022 002,65.24,0.15,0.33
1_035 004,64.71,0.2,0.44
1_142 002,64.71,0.11,0.45
1_016 002,64.17,0.26,0.32
1_075 001,64.17,0.14,0.54
1_096 003,63.64,0.13,0.25
1_070 002,63.64,0.18,0.27
1_022 003,63.1,0.19,0.49
1_141 003,62.57,0.19,0.45
1_086 002,62.57,0.25,0.38
1_U10-002 004,62.03,0.25,0.37
1_142 004,62.03,0.11,0.45
1_049 004,62.03,0.13,0.39
1_086 001,62.03,0.13,0.32
1_096 004,60.96,0.18,0.37
1_086 003,60.96,0.17,0.26
1_002 003,60.43,0.46,0.19
1_025 001,60.43,0.23,0.2
1_074 004,59.89,0.13,0.33
1_068 003,59.89,0.23,0.25
1_102 001,59.36,0.2,0.34
1_042 001,58.29,0.12,0.31
1_072 001,58.29,0.27,0.34
1_016 003,58.29,0.26,0.33
1_019 001,58.29,0.3,0.18
1_060 002,58.29,0.19,0.56
1_086 004,58.29,0.15,0.43
1_115 001,57.75,0.2,0.45
1_098 002,57.75,0.1,0.29
1_059 003,57.22,0.18,0.33
1_173 001,57.22,0.17,0.24
1_130 001,56.68,0.11,0.29
1_161 001,56.68,0.1,0.36
1_092 003,56.68,0.13,0.15
1_085 003,56.68,0.15,0.4
1_067 005,56.68,0.19,0.57
1_016 004,56.15,0.36,0.19
1_142 003,56.15,0.19,0.57
1_098 001,56.15,0.13,0.31
1_007 001,56.15,0.26,0.2
1_072 002,55.61,0.15,0.53
1_142 005,55.61,0.19,0.27
1_141 005,55.61,0.09,0.52
1_102 002,55.61,0.12,0.34
1_068 005,55.61,0.21,0.28
1_042 002,55.08,0.22,0.38
1_019 002,54.55,0.28,0.2
1_009 001,54.55,0.27,0.1
1_075 002,54.55,0.11,0.48
1_041 005,54.55,0.25,0.29
1_068 004,54.55,0.18,0.37
1_115 002,54.01,0.19,0.45
1_057 001,54.01,0.1,0.5
1_085 002,54.01,0.2,0.44
1_049 005,54.01,0.17,0.37
1_074 005,54.01,0.13,0.39
1_114 001,53.48,0.18,0.36
1_075 004,53.48,0.19,0.44
1_130 002,52.94,0.2,0.39
1_092 004,52.94,0.22,0.24
1_031 001,52.94,0.16,0.15
1_176 001,52.41,0.19,0.22
1_114 002,52.41,0.14,0.22
1_042 003,51.87,0.12,0.27
1_161 002,51.87,0.1,0.52
1_151 001,51.87,0.13,0.43
1_141 004,51.87,0.18,0.56
1_169 001,51.87,0.16,0.27
1_094 002,51.34,0.13,0.33
1_019 003,51.34,0.31,0.2
1_057 003,51.34,0.13,0.39
1_177 001,51.34,0.19,0.6
1_140 002,51.34,0.21,0.35
1_169 002,51.34,0.08,0.33
1_080 005,51.34,0.21,0.55
1_095 001,51.34,0.15,0.15
1_079 003,50.8,0.15,0.53
1_169 003,50.8,0.09,0.37
1_132 001,50.8,0.2,0.46
1_162 001,50.8,0.14,0.28
1_095 002,50.8,0.13,0.13
1_116 002,50.8,0.15,0.16
1_057 002,50.27,0.18,0.49
1_085 001,50.27,0.21,0.33
1_094 001,49.73,0.14,0.41
1_072 003,49.73,0.16,0.22
1_060 003,49.73,0.2,0.32
1_132 002,49.73,0.16,0.52
1_007 002,49.73,0.28,0.19
1_116 001,49.73,0.13,0.45
1_115 003,49.2,0.14,0.48
1_130 003,49.2,0.2,0.21
1_140 001,49.2,0.16,0.15
1_135 002,49.2,0.1,0.14
1_042 004,48.66,0.18,0.19
1_161 004,48.66,0.12,0.43
1_160 001,48.66,0.14,0.14
1_113 001,48.13,0.19,0.14
1_016 005,48.13,0.27,0.31
1_075 003,48.13,0.18,0.54
1_070 003,48.13,0.21,0.26
1_135 001,48.13,0.13,0.38
1_025 002,47.59,0.27,0.14
1_043 001,47.59,0.14,0.12
1_161 003,47.06,0.18,0.4
1_161 005,47.06,0.18,0.43
1_098 003,47.06,0.17,0.21
1_160 002,47.06,0.21,0.34
1_096 005,46.52,0.13,0.43
1_114 003,46.52,0.14,0.33
1_132 003,46.52,0.18,0.4
1_086 005,46.52,0.25,0.48
1_011 001,46.52,0.3,0.2
1_036 001,46.52,0.25,0.13
1_012 001,45.99,0.23,0.19
1_168 001,45.99,0.16,0.21
1_035 005,45.99,0.1,0.28
1_063 002,45.99,0.14,0.16
1_090 001,45.45,0.18,0.43
1_063 001,45.45,0.21,0.16
1_070 004,45.45,0.12,0.33
1_113 002,44.92,0.19,0.27
1_092 005,44.92,0.25,0.24
1_131 001,44.92,0.12,0.37
1_140 003,44.92,0.15,0.43
1_075 005,44.92,0.14,0.56
1_162 002,44.92,0.18,0.48
1_095 003,44.92,0.13,0.17
1_094 003,44.39,0.1,0.24
1_029 001,44.39,0.24,0.2
1_043 002,44.39,0.18,0.12
1_084 001,44.39,0.12,0.12
1_007 003,44.39,0.27,0.15
1_094 005,43.85,0.1,0.15
1_019 004,43.32,0.32,0.23
1_173 004,43.32,0.11,0.23
1_140 004,43.32,0.17,0.52
1_043 003,43.32,0.17,0.11
1_098 004,43.32,0.09,0.12
1_176 003,42.78,0.17,0.44
1_043 004,42.78,0.2,0.16
1_025 003,42.25,0.11,0.17
1_063 003,42.25,0.21,0.16
1_063 004,42.25,0.19,0.12
1_162 003,42.25,0.1,0.28
1_007 004,42.25,0.27,0.11
1_116 003,42.25,0.18,0.4
1_116 004,42.25,0.11,0.27
1_189 001,41.71,0.16,0.48
1_094 004,41.71,0.22,0.54
1_045 001,41.71,0.11,0.19
1_093 001,41.71,0.12,0.3
1_036 002,41.71,0.2,0.17
1_095 005,41.71,0.1,0.21
1_131 002,41.18,0.15,0.44
1_060 005,41.18,0.19,0.55
1_090 002,40.64,0.1,0.34
1_177 002,40.64,0.18,0.62
1_070 005,40.64,0.12,0.31
1_116 005,40.64,0.11,0.3
1_084 002,40.11,0.11,0.14
1_160 003,40.11,0.18,0.3
1_095 004,40.11,0.09,0.27
1_012 002,39.57,0.21,0.16
1_079 004,39.57,0.15,0.49
1_062 001,39.57,0.15,0.16
1_057 005,39.57,0.2,0.33
1_173 002,39.57,0.2,0.15
1_166 003,39.57,0.14,0.47
1_177 003,39.04,0.18,0.63
1_182 003,38.5,0.11,0.48
1_164 001,38.5,0.18,0.46
1_045 002,38.5,0.16,0.26
1_017 001,38.5,0.26,0.18
1_034 001,38.5,0.22,0.18
1_176 002,37.97,0.17,0.53
1_025 004,37.97,0.16,0.12
1_060 004,37.97,0.11,0.58
1_085 004,37.97,0.13,0.3
1_126 002,37.97,0.22,0.27
1_097 002,37.97,0.11,0.35
1_097 001,37.97,0.12,0.18
1_009 003,37.97,0.32,0.15
1_166 001,37.97,0.14,0.23
1_099 001,37.97,0.14,0.51
1_115 004,37.43,0.12,0.47
1_147 001,37.43,0.2,0.44
1_135 003,37.43,0.1,0.16
1_042 005,36.9,0.2,0.47
1_117 001,36.9,0.13,0.38
1_003 001,36.36,0.18,0.24
1_118 001,36.36,0.26,0.2
1_117 002,36.36,0.11,0.16
1_154 002,36.36,0.1,0.15
1_077 001,36.36,0.19,0.49
1_077 003,36.36,0.11,0.25
1_167 001,35.83,0.14,0.37
1_137 001,35.83,0.22,0.45
1_083 001,35.83,0.19,0.5
1_172 001,35.83,0.2,0.24
1_126 001,35.83,0.19,0.58
1_166 004,35.83,0.11,0.32
1_166 002,35.83,0.2,0.41
1_004 001,35.83,0.22,0.18
1_156 001,35.29,0.2,0.46
1_033 001,35.29,0.25,0.13
1_033 002,35.29,0.22,0.18
1_009 002,35.29,0.31,0.13
1_099 002,35.29,0.2,0.47
1_183 001,35.29,0.2,0.4
1_055 001,35.29,0.21,0.39
1_144 001,34.76,0.16,0.45
1_183 002,34.76,0.11,0.44
1_036 004,34.76,0.15,0.14
1_077 002,34.76,0.19,0.45
1_126 003,34.22,0.11,0.27
1_061 001,34.22,0.17,0.33
1_117 003,34.22,0.19,0.53
1_159 001,34.22,0.15,0.11
1_021 001,34.22,0.29,0.42
1_154 001,34.22,0.18,0.46
1_182 004,33.69,0.22,0.48
1_182 001,33.69,0.2,0.44
1_003 003,33.69,0.23,0.2
1_003 002,33.69,0.25,0.16
1_033 003,33.69,0.17,0.13
1_177 004,33.69,0.19,0.44
1_162 004,33.69,0.11,0.23
1_028 001,33.69,0.34,0.2
1_084 003,33.69,0.13,0.14
1_032 001,33.16,0.23,0.2
1_064 001,33.16,0.1,0.3
1_036 003,33.16,0.14,0.31
1_135 004,33.16,0.18,0.53
1_178 001,32.62,0.18,0.43
1_019 005,32.62,0.25,0.2
1_183 003,32.62,0.21,0.24
1_154 003,32.62,0.13,0.16
1_004 002,32.62,0.25,0.16
1_115 005,32.09,0.14,0.25
1_013 001,32.09,0.17,0.08
1_117 004,32.09,0.14,0.25
1_045 003,31.55,0.12,0.22
1_057 004,31.55,0.18,0.55
1_147 003,31.55,0.18,0.26
1_182 002,31.02,0.1,0.43
1_090 003,31.02,0.11,0.37
1_144 002,31.02,0.12,0.48
1_159 002,31.02,0.1,0.45
1_183 004,31.02,0.13,0.34
1_055 002,31.02,0.17,0.46
1_120 001,30.48,0.18,0.11
1_029 002,30.48,0.28,0.19
1_003 004,30.48,0.2,0.12
1_173 003,30.48,0.15,0.15
1_013 002,30.48,0.18,0.13
1_135 005,30.48,0.21,0.23
1_029 003,29.95,0.2,0.14
1_009 004,29.95,0.28,0.13
1_147 002,29.95,0.24,0.46
1_077 004,29.95,0.21,0.41
1_098 005,29.41,0.19,0.44
1_137 002,28.88,0.2,0.54
1_079 005,28.88,0.15,0.48
1_102 003,28.88,0.2,0.62
1_028 002,28.88,0.4,0.19
1_171 001,28.34,0.12,0.14
1_137 004,28.34,0.19,0.61
1_162 005,28.34,0.21,0.24
1_004 003,28.34,0.29,0.13
1_137 003,27.81,0.2,0.65
1_180 001,27.81,0.14,0.32
1_173 005,27.81,0.12,0.31
1_013 004,27.81,0.2,0.16
1_097 003,27.81,0.17,0.2
1_172 002,27.27,0.2,0.45
1_166 005,27.27,0.11,0.51
1_088 001,27.27,0.18,0.45
1_182 005,26.74,0.2,0.53
1_178 002,26.74,0.12,0.31
1_022 004,26.74,0.14,0.14
1_077 005,26.2,0.19,0.33
1_189 002,25.67,0.19,0.39
1_033 004,25.67,0.17,0.11
1_153 001,25.67,0.19,0.47
1_117 005,25.67,0.13,0.46
1_133 002,25.67,0.13,0.34
1_181 001,25.13,0.19,0.47
1_083 002,25.13,0.17,0.59
1_044 002,25.13,0.13,0.49
1_082 001,25.13,0.21,0.33
1_004 004,25.13,0.28,0.16
1_183 005,24.6,0.18,0.57
1_007 005,24.6,0.26,0.18
1_176 005,24.06,0.21,0.28
1_046 001,24.06,0.19,0.15
1_013 003,24.06,0.25,0.21
1_045 005,23.53,0.12,0.36
1_172 003,23.53,0.18,0.22
1_147 004,23.53,0.13,0.28
1_029 004,22.99,0.14,0.12
1_047 001,22.99,0.19,0.22
1_017 002,22.99,0.17,0.15
1_176 004,22.99,0.19,0.6
1_062 002,22.99,0.14,0.2
1_114 004,22.99,0.18,0.53
1_045 004,22.46,0.18,0.14
1_044 001,22.46,0.19,0.52
1_120 003,21.93,0.19,0.12
1_168 002,21.93,0.13,0.54
1_153 003,21.93,0.19,0.39
1_133 001,21.93,0.15,0.4
1_091 001,21.39,0.26,0.19
1_126 004,21.39,0.1,0.55
1_153 002,21.39,0.13,0.32
1_018 001,21.39,0.15,0.14
1_159 003,21.39,0.21,0.32
1_044 003,20.86,0.2,0.32
1_025 005,20.86,0.22,0.2
1_046 003,20.86,0.29,0.18
1_066 001,20.86,0.18,0.39
1_174 001,20.32,0.15,0.26
1_167 002,20.32,0.16,0.16
1_120 004,19.79,0.14,0.13
1_014 002,19.79,0.24,0.19
1_083 003,19.79,0.15,0.54
1_129 003,19.79,0.17,0.32
1_061 002,19.79,0.14,0.3
1_120 002,19.25,0.15,0.11
1_012 003,19.25,0.26,0.17
1_164 003,18.72,0.19,0.5
1_032 002,18.72,0.23,0.2
1_044 004,18.72,0.13,0.27
1_071 001,18.72,0.16,0.15
1_189 003,18.18,0.16,0.28
1_164 002,18.18,0.13,0.51
1_014 001,17.65,0.23,0.34
1_181 002,17.65,0.18,0.52
1_046 004,17.65,0.1,0.1
1_129 001,17.65,0.13,0.41
1_088 002,17.65,0.2,0.52
1_003 005,17.11,0.18,0.15
1_013 005,17.11,0.21,0.1
1_129 002,17.11,0.11,0.43
1_047 002,16.58,0.27,0.22
1_181 003,16.58,0.13,0.54
1_083 004,16.58,0.21,0.59
1_177 005,16.58,0.19,0.63
1_121 001,16.58,0.17,0.21
1_084 004,16.58,0.2,0.13
1_129 004,16.04,0.2,0.6
1_155 001,15.51,0.2,0.57
1_145 001,15.51,0.19,0.45
1_030 001,15.51,0.19,0.32
1_157 002,14.97,0.25,0.19
1_040 001,14.44,0.25,0.18
1_032 003,14.44,0.25,0.18
1_153 004,14.44,0.18,0.34
1_120 005,13.9,0.2,0.25
1_046 002,13.9,0.29,0.14
1_172 004,13.37,0.15,0.13
1_107 001,13.37,0.12,0.33
1_145 002,13.37,0.13,0.57
1_050 001,12.3,0.26,0.17
1_165 001,11.76,0.16,0.21
1_046 005,11.76,0.27,0.19
1_126 005,11.76,0.15,0.26
1_152 002,10.7,0.18,0.23
1_184 001,10.7,0.1,0.2
1_006 001,10.7,0.25,0.21
1_129 005,10.7,0.18,0.29
1_043 005,10.7,0.23,0.36
1_123 001,10.16,0.14,0.31
1_091 002,10.16,0.12,0.1
1_062 003,9.63,0.16,0.1
1_097 004,9.63,0.22,0.33
1_107 002,9.09,0.22,0.44
1_037 001,9.09,0.17,0.4
1_145 005,8.56,0.15,0.56
1_152 001,8.02,0.18,0.09
1_062 004,8.02,0.09,0.11
1_021 002,8.02,0.3,0.43
1_044 005,7.49,0.21,0.58
1_157 001,7.49,0.26,0.18
1_156 002,6.95,0.14,0.44
1_078 001,6.95,0.13,0.38
1_056 001,6.42,0.26,0.14
1_172 005,6.42,0.23,0.51
1_102 005,6.42,0.18,0.4
1_021 003,6.42,0.26,0.23
1_149 001,5.35,0.18,0.5
1_006 002,5.35,0.23,0.16
1_145 003,5.35,0.12,0.49
1_006 003,4.81,0.18,0.14
1_102 004,4.28,0.18,0.48
1_134 001,4.28,0.2,0.35
1_104 001,4.28,0.17,0.25
1_145 004,4.28,0.12,0.53
1_023 001,4.28,0.25,0.33
1_152 003,3.74,0.18,0.26
1_164 004,3.74,0.12,0.57
1_063 005,3.74,0.23,0.17
1_132 004,3.74,0.21,0.43
1_152 004,3.21,0.11,0.21
1_178 003,3.21,0.19,0.59
1_114 005,3.21,0.11,0.3
1_091 003,2.67,0.3,0.24
1_047 003,2.14,0.21,0.12
1_059 004,2.14,0.21,0.13
1_184 002,2.14,0.14,0.15
1_062 005,2.14,0.17,0.11
1_048 002,2.14,0.2,0.14
1_076 001,1.6,0.16,0.11
1_037 002,1.6,0.14,0.52
1_163 001,1.07,0.26,0.21
1_072 004,1.07,0.27,0.16
1_178 005,1.07,0.11,0.47
1_034 002,1.07,0.26,0.19
1_118 002,1.07,0.23,0.18
1_124 002,1.07,0.17,0.5
1_082 003,1.07,0.15,0.48
1_004 005,1.07,0.22,0.16
1_053 001,0.53,0.14,0.4
1_143 002,0.53,0.11,0.44
1_184 003,0.53,0.13,0.2
1_151 002,0.53,0.19,0.18
1_032 004,0.53,0.22,0.1
1_118 004,0.53,0.22,0.23
1_081 001,0.53,0.14,0.16
1_147 005,0.53,0.23,0.45
1_084 005,0.53,0.16,0.1
1_056 004,0.0,0.27,0.17
1_056 005,0.0,0.27,0.2
1_056 003,0.0,0.32,0.21
1_056 002,0.0,0.3,0.21
1_152 005,0.0,0.1,0.24
1_012 005,0.0,0.24,0.14
1_012 004,0.0,0.21,0.17
1_189 004,0.0,0.14,0.14
1_189 005,0.0,0.13,0.09
1_127 004,0.0,0.09,0.1
1_127 005,0.0,0.24,0.18
1_127 001,0.0,0.15,0.16
1_127 003,0.0,0.16,0.12
1_127 002,0.0,0.22,0.14
1_040 003,0.0,0.28,0.28
1_040 004,0.0,0.25,0.18
1_040 002,0.0,0.24,0.18
1_040 005,0.0,0.18,0.15
1_029 005,0.0,0.15,0.12
1_125 002,0.0,0.19,0.29
1_125 001,0.0,0.15,0.36
1_125 005,0.0,0.13,0.38
1_125 003,0.0,0.12,0.37
1_125 004,0.0,0.13,0.55
1_164 005,0.0,0.14,0.31
1_163 004,0.0,0.28,0.21
1_163 005,0.0,0.27,0.15
1_163 003,0.0,0.25,0.18
1_163 002,0.0,0.27,0.12
1_014 003,0.0,0.29,0.12
1_014 004,0.0,0.32,0.2
1_014 005,0.0,0.25,0.22
1_072 005,0.0,0.23,0.22
1_113 005,0.0,0.18,0.16
1_113 003,0.0,0.2,0.1
1_113 004,0.0,0.18,0.23
1_089 003,0.0,0.23,0.42
1_089 002,0.0,0.17,0.42
1_089 004,0.0,0.18,0.14
1_089 001,0.0,0.12,0.49
1_089 005,0.0,0.16,0.54
1_149 002,0.0,0.21,0.48
1_149 003,0.0,0.11,0.38
1_149 005,0.0,0.12,0.22
1_149 004,0.0,0.13,0.34
1_136 005,0.0,0.13,0.31
1_136 001,0.0,0.11,0.56
1_136 002,0.0,0.21,0.3
1_136 003,0.0,0.12,0.3
1_136 004,0.0,0.13,0.39
1_185 001,0.0,0.2,0.39
1_185 005,0.0,0.12,0.48
1_185 002,0.0,0.17,0.16
1_185 004,0.0,0.18,0.36
1_185 003,0.0,0.14,0.49
1_047 005,0.0,0.19,0.16
1_047 004,0.0,0.26,0.07
1_053 005,0.0,0.17,0.19
1_053 004,0.0,0.14,0.31
1_053 002,0.0,0.12,0.53
1_053 003,0.0,0.19,0.42
1_076 005,0.0,0.1,0.16
1_076 004,0.0,0.14,0.12
1_076 002,0.0,0.12,0.17
1_076 003,0.0,0.21,0.17
1_138 004,0.0,0.15,0.36
1_138 005,0.0,0.14,0.21
1_138 002,0.0,0.13,0.4
1_138 001,0.0,0.2,0.5
1_138 003,0.0,0.09,0.45
1_109 003,0.0,0.11,0.36
1_109 001,0.0,0.11,0.13
1_109 005,0.0,0.14,0.15
1_109 002,0.0,0.17,0.17
1_109 004,0.0,0.1,0.19
1_148 002,0.0,0.24,0.48
1_148 001,0.0,0.14,0.51
1_148 003,0.0,0.12,0.27
1_148 004,0.0,0.22,0.45
1_148 005,0.0,0.16,0.5
1_158 005,0.0,0.26,0.29
1_158 003,0.0,0.3,0.32
1_158 002,0.0,0.23,0.23
1_158 004,0.0,0.15,0.25
1_158 001,0.0,0.25,0.3
1_170 002,0.0,0.23,0.54
1_170 003,0.0,0.15,0.29
1_170 004,0.0,0.13,0.53
1_170 005,0.0,0.13,0.39
1_170 001,0.0,0.16,0.12
1_168 003,0.0,0.17,0.12
1_168 005,0.0,0.09,0.09
1_168 004,0.0,0.17,0.37
1_174 005,0.0,0.21,0.29
1_174 003,0.0,0.14,0.29
1_174 002,0.0,0.12,0.29
1_174 004,0.0,0.15,0.55
1_167 004,0.0,0.13,0.09
1_167 005,0.0,0.19,0.12
1_167 003,0.0,0.13,0.14
1_024 005,0.0,0.23,0.34
1_024 004,0.0,0.12,0.09
1_024 001,0.0,0.19,0.18
1_024 002,0.0,0.25,0.19
1_024 003,0.0,0.12,0.11
1_090 005,0.0,0.13,0.38
1_090 004,0.0,0.13,0.32
1_178 004,0.0,0.14,0.43
1_188 002,0.0,0.19,0.18
1_188 003,0.0,0.11,0.32
1_188 005,0.0,0.1,0.17
1_188 004,0.0,0.19,0.21
1_188 001,0.0,0.28,0.3
1_181 004,0.0,0.13,0.46
1_181 005,0.0,0.19,0.57
1_156 003,0.0,0.22,0.31
1_156 004,0.0,0.11,0.16
1_156 005,0.0,0.15,0.15
1_130 004,0.0,0.11,0.24
1_130 005,0.0,0.2,0.3
1_059 005,0.0,0.18,0.14
1_017 005,0.0,0.26,0.2
1_017 003,0.0,0.29,0.27
1_017 004,0.0,0.27,0.13
1_171 002,0.0,0.24,0.34
1_171 005,0.0,0.1,0.12
1_171 003,0.0,0.12,0.12
1_171 004,0.0,0.11,0.17
1_143 004,0.0,0.14,0.56
1_143 005,0.0,0.13,0.45
1_143 001,0.0,0.14,0.42
1_143 003,0.0,0.15,0.43
1_050 005,0.0,0.28,0.31
1_050 004,0.0,0.15,0.11
1_050 003,0.0,0.17,0.15
1_050 002,0.0,0.2,0.27
1_175 005,0.0,0.19,0.49
1_175 003,0.0,0.2,0.23
1_175 002,0.0,0.18,0.42
1_175 001,0.0,0.2,0.21
1_175 004,0.0,0.21,0.28
1_087 004,0.0,0.26,0.17
1_087 005,0.0,0.25,0.19
1_087 003,0.0,0.25,0.15
1_087 002,0.0,0.21,0.2
1_087 001,0.0,0.29,0.24
1_179 002,0.0,0.21,0.24
1_179 003,0.0,0.27,0.24
1_179 005,0.0,0.28,0.23
1_179 004,0.0,0.22,0.17
1_179 001,0.0,0.28,0.21
1_184 004,0.0,0.13,0.12
1_184 005,0.0,0.16,0.13
1_026 001,0.0,0.19,0.24
1_026 004,0.0,0.26,0.17
1_026 003,0.0,0.22,0.35
1_026 002,0.0,0.13,0.4
1_026 005,0.0,0.34,0.11
1_112 004,0.0,0.16,0.2
1_112 003,0.0,0.16,0.11
1_112 001,0.0,0.13,0.15
1_112 005,0.0,0.14,0.13
1_112 002,0.0,0.24,0.17
1_034 003,0.0,0.24,0.15
1_034 004,0.0,0.22,0.14
1_034 005,0.0,0.17,0.14
1_137 005,0.0,0.14,0.29
1_083 005,0.0,0.15,0.45
1_033 005,0.0,0.3,0.18
1_002 004,0.0,0.28,0.19
1_002 005,0.0,0.34,0.19
1_010 004,0.0,0.17,0.12
1_010 002,0.0,0.18,0.13
1_010 001,0.0,0.15,0.11
1_010 003,0.0,0.17,0.09
1_010 005,0.0,0.14,0.1
1_139 005,0.0,0.17,0.36
1_139 002,0.0,0.16,0.22
1_139 004,0.0,0.18,0.55
1_139 001,0.0,0.13,0.33
1_139 003,0.0,0.16,0.42
1_151 005,0.0,0.19,0.61
1_151 004,0.0,0.19,0.48
1_151 003,0.0,0.18,0.23
1_032 005,0.0,0.27,0.2
1_105 005,0.0,0.18,0.27
1_105 003,0.0,0.14,0.52
1_105 001,0.0,0.23,0.14
1_105 002,0.0,0.14,0.15
1_105 004,0.0,0.2,0.12
1_187 003,0.0,0.1,0.09
1_187 004,0.0,0.18,0.14
1_187 001,0.0,0.11,0.11
1_187 005,0.0,0.14,0.08
1_187 002,0.0,0.19,0.1
1_180 002,0.0,0.18,0.59
1_180 004,0.0,0.22,0.28
1_180 005,0.0,0.13,0.43
1_180 003,0.0,0.17,0.48
1_106 001,0.0,0.28,0.23
1_106 005,0.0,0.29,0.18
1_106 002,0.0,0.24,0.16
1_106 004,0.0,0.26,0.16
1_106 003,0.0,0.21,0.13
1_165 004,0.0,0.11,0.12
1_165 002,0.0,0.12,0.22
1_165 003,0.0,0.13,0.34
1_165 005,0.0,0.18,0.38
1_107 003,0.0,0.13,0.42
1_107 004,0.0,0.19,0.44
1_107 005,0.0,0.11,0.42
1_131 004,0.0,0.18,0.17
1_131 005,0.0,0.13,0.28
1_131 003,0.0,0.18,0.24
1_123 005,0.0,0.14,0.46
1_123 004,0.0,0.08,0.14
1_123 003,0.0,0.19,0.16
1_123 002,0.0,0.12,0.12
1_140 005,0.0,0.17,0.27
1_108 005,0.0,0.13,0.29
1_091 005,0.0,0.18,0.14
1_091 004,0.0,0.3,0.23
1_121 004,0.0,0.23,0.09
1_121 003,0.0,0.14,0.13
1_121 002,0.0,0.13,0.09
1_121 005,0.0,0.12,0.11
1_085 005,0.0,0.18,0.25
1_118 003,0.0,0.21,0.27
1_118 005,0.0,0.23,0.18
1_128 001,0.0,0.13,0.11
1_128 003,0.0,0.16,0.13
1_128 005,0.0,0.19,0.14
1_128 002,0.0,0.13,0.12
1_128 004,0.0,0.14,0.12
1_081 005,0.0,0.14,0.12
1_081 003,0.0,0.13,0.31
1_081 004,0.0,0.11,0.39
1_081 002,0.0,0.23,0.38
1_111 005,0.0,0.14,0.57
1_111 002,0.0,0.18,0.55
1_111 004,0.0,0.11,0.17
1_111 003,0.0,0.22,0.39
1_111 001,0.0,0.19,0.54
1_006 005,0.0,0.28,0.17
1_006 004,0.0,0.23,0.13
1_027 001,0.0,0.14,0.1
1_027 005,0.0,0.14,0.1
1_027 002,0.0,0.16,0.12
1_027 003,0.0,0.23,0.19
1_027 004,0.0,0.25,0.12
1_100 002,0.0,0.14,0.28
1_100 001,0.0,0.15,0.28
1_100 005,0.0,0.15,0.09
1_100 004,0.0,0.16,0.32
1_100 003,0.0,0.09,0.28
1_169 004,0.0,0.14,0.46
1_169 005,0.0,0.1,0.52
1_066 005,0.0,0.13,0.6
1_066 004,0.0,0.1,0.58
1_066 002,0.0,0.19,0.59
1_066 003,0.0,0.14,0.23
1_124 004,0.0,0.21,0.56
1_124 003,0.0,0.12,0.37
1_124 005,0.0,0.1,0.53
1_124 001,0.0,0.12,0.53
1_020 004,0.0,0.26,0.14
1_020 001,0.0,0.28,0.12
1_020 005,0.0,0.3,0.18
1_020 003,0.0,0.3,0.14
1_020 002,0.0,0.25,0.19
1_097 005,0.0,0.18,0.56
1_009 005,0.0,0.25,0.19
1_155 003,0.0,0.2,0.57
1_155 004,0.0,0.2,0.55
1_155 005,0.0,0.2,0.46
1_155 002,0.0,0.11,0.52
1_071 004,0.0,0.17,0.14
1_071 002,0.0,0.17,0.18
1_071 005,0.0,0.16,0.12
1_071 003,0.0,0.08,0.1
1_015 005,0.0,0.28,0.2
1_015 001,0.0,0.3,0.12
1_015 002,0.0,0.31,0.2
1_015 004,0.0,0.24,0.19
1_015 003,0.0,0.32,0.2
1_190 002,0.0,0.14,0.47
1_190 003,0.0,0.09,0.12
1_190 004,0.0,0.16,0.27
1_190 001,0.0,0.12,0.49
1_190 005,0.0,0.11,0.25
1_061 003,0.0,0.1,0.36
1_061 005,0.0,0.17,0.35
1_061 004,0.0,0.27,0.28
1_132 005,0.0,0.21,0.58
1_153 005,0.0,0.2,0.51
1_103 001,0.0,0.17,0.13
1_103 005,0.0,0.15,0.17
1_103 002,0.0,0.2,0.22
1_103 003,0.0,0.23,0.25
1_103 004,0.0,0.14,0.24
1_064 004,0.0,0.13,0.28
1_064 003,0.0,0.2,0.24
1_064 005,0.0,0.17,0.16
1_064 002,0.0,0.13,0.42
1_146 003,0.0,0.14,0.11
1_146 005,0.0,0.12,0.15
1_146 004,0.0,0.18,0.14
1_146 002,0.0,0.11,0.16
1_146 001,0.0,0.2,0.46
1_051 002,0.0,0.26,0.16
1_051 001,0.0,0.25,0.16
1_051 003,0.0,0.26,0.14
1_051 005,0.0,0.27,0.2
1_051 004,0.0,0.29,0.19
1_022 005,0.0,0.11,0.43
1_134 002,0.0,0.16,0.44
1_134 004,0.0,0.13,0.63
1_134 003,0.0,0.16,0.38
1_134 005,0.0,0.14,0.22
1_150 003,0.0,0.19,0.56
1_150 004,0.0,0.11,0.49
1_150 001,0.0,0.23,0.48
1_150 005,0.0,0.12,0.26
1_150 002,0.0,0.19,0.39
1_104 003,0.0,0.17,0.2
1_104 004,0.0,0.1,0.32
1_104 005,0.0,0.2,0.4
1_104 002,0.0,0.17,0.44
1_052 004,0.0,0.16,0.12
1_052 001,0.0,0.2,0.18
1_052 002,0.0,0.23,0.48
1_052 005,0.0,0.26,0.13
1_052 003,0.0,0.19,0.26
1_093 002,0.0,0.19,0.16
1_093 005,0.0,0.24,0.52
1_093 003,0.0,0.19,0.58
1_093 004,0.0,0.15,0.15
1_082 002,0.0,0.25,0.52
1_082 005,0.0,0.14,0.42
1_082 004,0.0,0.14,0.46
1_031 005,0.0,0.14,0.27
1_031 003,0.0,0.15,0.13
1_031 004,0.0,0.16,0.16
1_031 002,0.0,0.1,0.34
1_008 001,0.0,0.28,0.21
1_008 003,0.0,0.24,0.12
1_008 002,0.0,0.27,0.21
1_008 005,0.0,0.28,0.09
1_008 004,0.0,0.24,0.2
1_110 005,0.0,0.13,0.53
1_110 004,0.0,0.15,0.72
1_110 001,0.0,0.21,0.56
1_110 003,0.0,0.19,0.54
1_110 002,0.0,0.12,0.58
1_039 005,0.0,0.12,0.21
1_039 002,0.0,0.17,0.32
1_039 003,0.0,0.19,0.58
1_039 004,0.0,0.22,0.64
1_039 001,0.0,0.19,0.5
1_018 005,0.0,0.24,0.18
1_018 003,0.0,0.18,0.14
1_018 002,0.0,0.26,0.18
1_018 004,0.0,0.25,0.1
1_028 003,0.0,0.15,0.15
1_028 004,0.0,0.26,0.08
1_028 005,0.0,0.17,0.12
1_030 002,0.0,0.25,0.2
1_030 003,0.0,0.29,0.2
1_030 004,0.0,0.25,0.16
1_030 005,0.0,0.23,0.21
1_099 004,0.0,0.18,0.54
1_099 003,0.0,0.12,0.38
1_099 005,0.0,0.2,0.51
1_065 005,0.0,0.18,0.51
1_065 002,0.0,0.12,0.58
1_065 003,0.0,0.18,0.12
1_065 004,0.0,0.12,0.52
1_065 001,0.0,0.12,0.29
1_144 004,0.0,0.2,0.32
1_144 003,0.0,0.19,0.2
1_144 005,0.0,0.19,0.63
1_159 005,0.0,0.14,0.17
1_159 004,0.0,0.15,0.22
1_021 005,0.0,0.25,0.27
1_021 004,0.0,0.27,0.28
1_048 001,0.0,0.17,0.28
1_048 005,0.0,0.07,0.31
1_048 004,0.0,0.15,0.08
1_048 003,0.0,0.21,0.14
1_058 003,0.0,0.15,0.36
1_058 001,0.0,0.2,0.32
1_058 002,0.0,0.24,0.57
1_058 005,0.0,0.2,0.22
1_058 004,0.0,0.22,0.34
1_037 004,0.0,0.19,0.45
1_037 005,0.0,0.12,0.29
1_037 003,0.0,0.17,0.25
1_078 003,0.0,0.19,0.36
1_078 005,0.0,0.18,0.46
1_078 004,0.0,0.15,0.32
1_078 002,0.0,0.12,0.35
1_133 005,0.0,0.21,0.47
1_133 004,0.0,0.16,0.15
1_133 003,0.0,0.19,0.3
1_011 005,0.0,0.26,0.2
1_011 003,0.0,0.25,0.14
1_011 002,0.0,0.27,0.21
1_011 004,0.0,0.26,0.23
1_036 005,0.0,0.21,0.13
1_088 005,0.0,0.18,0.6
1_088 004,0.0,0.17,0.17
1_088 003,0.0,0.2,0.42
1_119 003,0.0,0.09,0.09
1_119 005,0.0,0.22,0.34
1_119 001,0.0,0.15,0.1
1_119 004,0.0,0.13,0.45
1_119 002,0.0,0.15,0.22
1_157 004,0.0,0.22,0.2
1_157 005,0.0,0.26,0.11
1_157 003,0.0,0.25,0.18
1_073 004,0.0,0.17,0.1
1_073 001,0.0,0.08,0.15
1_073 003,0.0,0.21,0.31
1_073 002,0.0,0.2,0.24
1_073 005,0.0,0.17,0.2
1_154 004,0.0,0.15,0.24
1_154 005,0.0,0.19,0.39
1_160 005,0.0,0.09,0.2
1_160 004,0.0,0.16,0.46
1_023 002,0.0,0.25,0.2
1_023 003,0.0,0.17,0.19
1_023 005,0.0,0.22,0.2
1_023 004,0.0,0.24,0.26
1_186 001,0.0,0.2,0.35
1_186 002,0.0,0.2,0.23
1_186 004,0.0,0.11,0.38
1_186 003,0.0,0.26,0.28
1_186 005,0.0,0.27,0.44
1_055 003,0.0,0.11,0.28
1_055 005,0.0,0.18,0.26
1_055 004,0.0,0.14,0.38
1_122 005,0.0,0.19,0.53
1_122 001,0.0,0.14,0.4
1_122 002,0.0,0.19,0.3
1_122 003,0.0,0.12,0.48
1_122 004,0.0,0.2,0.4
1_069 004,0.0,0.12,0.29
1_069 005,0.0,0.15,0.24
1_069 003,0.0,0.19,0.22
1_069 002,0.0,0.21,0.46
1_069 001,0.0,0.14,0.38
