2_U100-008 001,86.26,0.89,0.36
2_U100-008 002,86.26,0.87,0.37
2_U100-001 001,85.5,0.88,0.36
2_U100-009 001,83.97,0.86,0.37
2_U100-009 002,83.97,0.79,0.4
2_U100-008 003,83.21,0.86,0.37
2_U100-001 002,81.68,0.86,0.37
2_U100-008 004,80.92,0.85,0.36
2_U100-003 001,80.15,0.83,0.38
2_U10-009 001,79.39,0.82,0.34
2_U10-005 001,79.39,0.86,0.34
2_U10-005 002,78.63,0.83,0.34
2_U100-004 001,68.7,0.7,0.41
2_U100-008 005,68.7,0.87,0.36
2_U10-009 002,67.94,0.79,0.33
2_U100-003 002,64.89,0.85,0.36
2_U100-007 001,64.89,0.79,0.39
2_U10-005 003,63.36,0.83,0.34
2_U10-009 003,62.6,0.8,0.34
2_U100-007 003,61.83,0.59,0.44
2_U10-003 001,61.07,0.76,0.33
2_U100-007 002,61.07,0.8,0.38
2_U10-003 003,58.78,0.82,0.34
2_U10-003 002,58.78,0.8,0.33
2_U100-009 003,57.25,0.73,0.41
2_U100-006 001,56.49,0.85,0.38
2_001 001,54.96,0.82,0.34
2_U100-001 003,54.2,0.75,0.4
2_005 001,54.2,0.76,0.33
2_001 002,53.44,0.8,0.34
2_U10-002 001,53.44,0.8,0.33
2_U10-009 004,52.67,0.8,0.34
2_001 004,52.67,0.81,0.33
2_U10-004 001,51.91,0.77,0.34
2_U10-006 002,51.91,0.76,0.33
2_U10-003 004,51.15,0.78,0.33
2_U10-005 004,51.15,0.82,0.34
2_006 001,51.15,0.8,0.34
2_U100-005 001,51.15,0.59,0.43
2_003 001,50.38,0.49,0.33
2_001 003,49.62,0.79,0.33
2_U100-002 001,49.62,0.53,0.43
2_004 002,48.85,0.76,0.33
2_U100-009 004,48.09,0.85,0.37
2_005 003,46.56,0.73,0.33
2_U10-006 001,45.04,0.77,0.33
2_U10-001 002,45.04,0.81,0.33
2_006 002,44.27,0.75,0.33
2_U10-001 001,44.27,0.82,0.35
2_002 001,43.51,0.79,0.33
2_U100-006 002,42.75,0.57,0.43
2_U10-004 003,40.46,0.77,0.34
2_U10-004 002,40.46,0.73,0.33
2_005 002,40.46,0.72,0.32
2_002 004,40.46,0.8,0.33
2_002 002,38.17,0.79,0.33
2_000 002,38.17,0.79,0.34
2_000 001,37.4,0.79,0.33
2_004 001,36.64,0.74,0.33
2_U10-008 004,36.64,0.8,0.35
2_001 005,36.64,0.77,0.33
2_004 003,35.88,0.75,0.34
2_003 002,35.88,0.49,0.33
2_005 004,35.88,0.71,0.32
2_006 004,35.88,0.75,0.33
2_006 003,35.11,0.77,0.33
2_U100-000 001,34.35,0.76,0.4
2_U100-007 004,33.59,0.83,0.36
2_U100-001 004,33.59,0.82,0.36
2_U10-008 002,33.59,0.8,0.35
2_002 003,32.82,0.79,0.33
2_005 005,31.3,0.72,0.33
2_U10-005 005,31.3,0.81,0.34
2_002 005,31.3,0.73,0.33
2_U10-008 003,29.77,0.81,0.35
2_U10-004 004,29.01,0.78,0.33
2_U10-001 003,29.01,0.78,0.34
2_U10-009 005,28.24,0.8,0.32
2_U10-008 001,28.24,0.8,0.34
2_004 004,27.48,0.73,0.32
2_000 003,27.48,0.73,0.33
2_006 005,26.72,0.76,0.33
2_U100-004 002,25.19,0.69,0.41
2_004 005,24.43,0.78,0.33
2_U10-004 005,23.66,0.76,0.33
2_U10-001 004,23.66,0.79,0.34
2_U100-006 003,22.9,0.75,0.4
2_U100-000 002,22.9,0.82,0.35
2_U10-003 005,22.14,0.73,0.33
2_U100-000 004,21.37,0.49,0.37
2_U10-007 001,21.37,0.74,0.33
2_U100-005 003,21.37,0.5,0.37
2_U10-002 002,21.37,0.82,0.35
2_U100-000 003,20.61,0.53,0.44
2_U100-009 005,20.61,0.49,0.37
2_U10-008 005,19.85,0.8,0.34
2_000 004,19.85,0.52,0.36
2_U10-002 003,19.85,0.81,0.34
2_U10-000 002,19.08,0.82,0.34
2_U10-006 004,19.08,0.75,0.33
2_U10-000 001,18.32,0.79,0.35
2_U10-006 003,18.32,0.79,0.33
2_U100-002 003,18.32,0.49,0.39
2_U10-002 004,18.32,0.78,0.33
2_U10-006 005,16.79,0.77,0.34
2_U100-004 004,16.79,0.54,0.44
2_U10-000 004,16.03,0.76,0.34
2_U10-000 003,16.03,0.77,0.35
2_U100-003 003,16.03,0.65,0.41
2_U100-001 005,16.03,0.5,0.41
2_U10-007 005,16.03,0.68,0.33
2_U100-006 004,15.27,0.54,0.43
2_U100-007 005,15.27,0.51,0.39
2_U10-007 004,15.27,0.6,0.31
2_U100-006 005,13.74,0.59,0.43
2_U100-000 005,13.74,0.5,0.35
2_U100-003 004,12.98,0.52,0.38
2_U100-005 002,12.98,0.52,0.44
2_U10-002 005,12.98,0.77,0.33
2_U100-002 002,12.21,0.67,0.41
2_000 005,12.21,0.54,0.37
2_U100-004 003,11.45,0.73,0.38
2_U10-007 002,10.69,0.77,0.34
2_U100-004 005,9.92,0.66,0.42
2_U100-005 004,9.92,0.53,0.42
2_U100-002 004,9.16,0.53,0.43
2_U10-007 003,8.4,0.66,0.35
2_U100-005 005,8.4,0.58,0.43
2_U100-003 005,7.63,0.65,0.41
2_U10-001 005,6.87,0.76,0.33
2_003 003,5.34,0.49,0.33
2_U10-000 005,3.82,0.45,0.33
2_003 004,3.05,0.48,0.33
2_U100-002 005,3.05,0.75,0.37
2_003 005,0.0,0.51,0.37
