19_U100-009 001,89.55,0.9,0.88
19_U100-003 001,89.12,0.89,0.88
19_U100-008 001,88.97,0.94,0.88
19_U100-009 002,88.53,0.86,0.88
19_U100-008 002,88.39,0.89,0.87
19_U100-006 001,87.8,0.9,0.88
19_U100-001 001,87.22,0.9,0.87
19_U100-001 002,86.92,0.88,0.87
19_U100-002 001,86.85,0.92,0.87
19_U100-001 003,86.63,0.88,0.87
19_U100-005 002,86.12,0.85,0.88
19_U100-005 001,85.46,0.84,0.88
19_U100-007 001,85.17,0.9,0.88
19_U100-003 002,85.1,0.9,0.88
19_U100-006 002,84.81,0.89,0.88
19_U100-004 002,84.73,0.86,0.88
19_U100-007 002,84.73,0.86,0.88
19_U100-004 001,84.51,0.86,0.88
19_U100-000 001,84.51,0.86,0.87
19_U100-008 003,84.08,0.88,0.88
19_U100-000 002,84.0,0.85,0.88
19_U100-009 003,83.93,0.85,0.88
19_U100-007 003,83.42,0.89,0.88
19_U100-002 002,83.35,0.9,0.87
19_U100-009 004,82.4,0.88,0.88
19_U100-006 003,82.32,0.87,0.88
19_U100-009 005,81.67,0.88,0.88
19_U100-008 004,81.67,0.93,0.87
19_U100-003 003,81.37,0.89,0.88
19_U100-002 003,81.23,0.89,0.87
19_U100-005 003,80.72,0.87,0.87
19_U100-004 003,80.64,0.86,0.88
19_U100-008 005,80.2,0.94,0.88
19_U100-005 004,79.69,0.88,0.88
19_U100-000 003,79.62,0.88,0.87
19_U100-001 004,79.55,0.93,0.87
19_U100-001 005,79.55,0.91,0.87
19_U100-003 004,79.47,0.88,0.88
19_U100-004 004,79.25,0.9,0.87
19_U100-006 004,79.18,0.92,0.88
19_U100-002 004,78.6,0.92,0.87
19_U100-004 005,78.38,0.88,0.87
19_U100-000 004,78.31,0.88,0.88
19_U100-003 005,78.09,0.9,0.88
19_U100-002 005,77.65,0.89,0.86
19_U100-007 004,77.65,0.91,0.88
19_U100-006 005,77.28,0.9,0.88
19_U100-005 005,77.06,0.91,0.88
19_U100-007 005,76.99,0.88,0.88
19_U100-000 005,76.55,0.86,0.88
19_U10-005 001,64.21,0.85,0.87
19_U10-001 001,63.92,0.76,0.87
19_U10-000 001,62.31,0.75,0.87
19_U10-001 002,61.72,0.77,0.87
19_U10-008 001,57.49,0.78,0.87
19_U10-008 002,56.03,0.73,0.87
19_U10-003 001,55.51,0.75,0.87
19_U10-001 004,54.71,0.77,0.87
19_U10-000 002,54.05,0.9,0.87
19_U10-000 003,52.01,0.91,0.87
19_U10-005 002,51.79,0.83,0.87
19_U10-001 003,51.64,0.86,0.87
19_U10-001 005,51.5,0.75,0.87
19_U10-006 001,50.77,0.87,0.87
19_U10-004 001,50.69,0.74,0.85
19_U10-006 002,50.04,0.85,0.86
19_U10-002 001,49.74,0.89,0.87
19_U10-008 003,49.23,0.84,0.86
19_U10-009 001,49.09,0.87,0.85
19_U10-006 003,48.72,0.77,0.87
19_U10-005 003,48.43,0.87,0.87
19_U10-006 004,47.99,0.86,0.87
19_U10-004 002,47.7,0.76,0.87
19_U10-005 004,47.55,0.87,0.87
19_U10-007 001,47.33,0.75,0.87
19_U10-002 002,46.09,0.87,0.87
19_U10-008 004,45.73,0.71,0.88
19_U10-003 002,44.78,0.62,0.83
19_U10-007 002,44.56,0.81,0.86
19_U10-000 004,43.97,0.86,0.86
19_U10-008 005,43.97,0.68,0.86
19_U10-002 003,43.9,0.88,0.87
19_U10-003 003,43.54,0.87,0.86
19_U10-009 002,43.32,0.74,0.85
19_U10-004 004,43.32,0.81,0.87
19_U10-004 003,43.17,0.59,0.82
19_U10-005 005,40.83,0.84,0.87
19_U10-002 004,40.39,0.86,0.86
19_U10-003 004,39.74,0.63,0.82
19_U10-009 005,39.01,0.75,0.86
19_U10-009 004,38.57,0.88,0.86
19_U10-009 003,38.13,0.83,0.83
19_U10-007 004,36.67,0.76,0.86
19_U10-007 005,36.52,0.71,0.84
19_U10-007 003,35.14,0.72,0.83
19_U10-002 005,35.06,0.85,0.86
19_U10-004 005,33.16,0.82,0.85
19_U10-000 005,32.72,0.76,0.83
19_U10-006 005,31.26,0.83,0.86
19_U10-003 005,19.65,0.6,0.81
