17_024 001,78.95,0.19,0.57
17_161 001,69.47,0.19,0.58
17_U10-008 001,68.42,0.19,0.59
17_100 002,67.37,0.24,0.2
17_336 001,67.37,0.24,0.19
17_079 001,67.37,0.2,0.57
17_100 003,66.32,0.25,0.2
17_100 001,66.32,0.25,0.19
17_100 004,66.32,0.25,0.2
17_276 001,66.32,0.23,0.13
17_130 001,66.32,0.18,0.62
17_U10-003 001,66.32,0.18,0.58
17_179 001,66.32,0.19,0.56
17_124 001,66.32,0.19,0.59
17_303 001,65.26,0.18,0.58
17_066 001,65.26,0.19,0.61
17_336 002,64.21,0.26,0.16
17_041 002,64.21,0.23,0.17
17_079 002,64.21,0.19,0.58
17_043 002,64.21,0.18,0.61
17_130 002,64.21,0.19,0.61
17_192 001,64.21,0.19,0.56
17_204 001,63.16,0.23,0.18
17_109 001,63.16,0.19,0.58
17_110 001,63.16,0.19,0.58
17_000 001,63.16,0.3,0.16
17_032 001,63.16,0.23,0.15
17_117 002,63.16,0.25,0.19
17_117 001,63.16,0.23,0.27
17_209 002,63.16,0.18,0.56
17_048 002,63.16,0.2,0.58
17_102 001,63.16,0.2,0.61
17_192 002,63.16,0.26,0.14
17_135 002,62.11,0.22,0.15
17_074 001,62.11,0.19,0.59
17_U100-005 001,62.11,0.26,0.16
17_015 001,62.11,0.29,0.22
17_026 001,62.11,0.3,0.21
17_U100-008 001,62.11,0.29,0.17
17_017 001,62.11,0.26,0.17
17_000 002,62.11,0.28,0.16
17_068 002,62.11,0.24,0.18
17_068 001,62.11,0.22,0.16
17_079 003,62.11,0.18,0.6
17_140 001,62.11,0.27,0.16
17_140 002,62.11,0.24,0.18
17_002 002,62.11,0.26,0.18
17_U10-006 003,62.11,0.18,0.62
17_U10-006 002,62.11,0.18,0.63
17_153 001,62.11,0.2,0.52
17_209 001,62.11,0.19,0.57
17_004 001,62.11,0.25,0.19
17_227 002,62.11,0.18,0.61
17_057 001,62.11,0.21,0.44
17_161 002,62.11,0.2,0.56
17_249 002,62.11,0.23,0.18
17_022 001,61.05,0.24,0.2
17_U100-002 002,61.05,0.26,0.16
17_U100-002 001,61.05,0.25,0.2
17_U100-008 003,61.05,0.29,0.21
17_U100-008 002,61.05,0.27,0.19
17_017 003,61.05,0.26,0.23
17_107 001,61.05,0.22,0.2
17_088 001,61.05,0.23,0.16
17_068 003,61.05,0.23,0.16
17_041 001,61.05,0.23,0.15
17_273 001,61.05,0.19,0.58
17_043 004,61.05,0.19,0.62
17_179 002,61.05,0.19,0.58
17_028 001,61.05,0.25,0.21
17_012 001,61.05,0.24,0.16
17_192 003,61.05,0.26,0.2
17_U10-007 001,60.0,0.25,0.19
17_054 001,60.0,0.18,0.6
17_054 002,60.0,0.19,0.58
17_275 001,60.0,0.28,0.2
17_026 002,60.0,0.25,0.22
17_095 001,60.0,0.24,0.16
17_307 001,60.0,0.25,0.19
17_000 003,60.0,0.32,0.17
17_061 001,60.0,0.19,0.59
17_041 003,60.0,0.21,0.17
17_140 003,60.0,0.23,0.15
17_002 003,60.0,0.28,0.16
17_002 001,60.0,0.34,0.22
17_117 003,60.0,0.27,0.27
17_043 001,60.0,0.23,0.17
17_U100-004 002,60.0,0.28,0.17
17_U100-004 004,60.0,0.25,0.23
17_227 001,60.0,0.23,0.16
17_281 001,60.0,0.24,0.26
17_288 001,60.0,0.18,0.6
17_018 001,60.0,0.23,0.16
17_305 001,60.0,0.22,0.18
17_048 003,60.0,0.19,0.61
17_021 001,60.0,0.25,0.21
17_021 002,60.0,0.27,0.2
17_089 001,60.0,0.22,0.18
17_053 001,58.95,0.3,0.18
17_135 001,58.95,0.24,0.16
17_U100-005 003,58.95,0.27,0.22
17_015 002,58.95,0.28,0.22
17_095 002,58.95,0.28,0.16
17_006 002,58.95,0.27,0.18
17_006 001,58.95,0.24,0.16
17_006 003,58.95,0.31,0.19
17_017 002,58.95,0.24,0.16
17_330 001,58.95,0.29,0.23
17_307 002,58.95,0.3,0.18
17_008 001,58.95,0.27,0.2
17_000 004,58.95,0.34,0.18
17_068 004,58.95,0.23,0.15
17_041 004,58.95,0.28,0.2
17_304 002,58.95,0.24,0.19
17_004 002,58.95,0.24,0.17
17_U100-004 003,58.95,0.29,0.16
17_080 001,58.95,0.19,0.57
17_249 001,58.95,0.24,0.16
17_103 001,58.95,0.25,0.2
17_003 001,57.89,0.3,0.16
17_U100-002 003,57.89,0.28,0.21
17_286 001,57.89,0.24,0.21
17_024 002,57.89,0.23,0.19
17_U10-009 001,57.89,0.19,0.58
17_U10-009 002,57.89,0.25,0.19
17_U100-005 002,57.89,0.29,0.18
17_026 003,57.89,0.26,0.18
17_110 003,57.89,0.18,0.57
17_108 001,57.89,0.26,0.21
17_108 002,57.89,0.24,0.18
17_128 002,57.89,0.21,0.58
17_128 001,57.89,0.2,0.57
17_000 005,57.89,0.26,0.22
17_U100-007 001,57.89,0.28,0.17
17_304 001,57.89,0.25,0.17
17_321 001,57.89,0.19,0.57
17_140 004,57.89,0.26,0.14
17_002 004,57.89,0.31,0.17
17_U10-006 001,57.89,0.19,0.6
17_032 002,57.89,0.23,0.16
17_277 001,57.89,0.21,0.59
17_043 003,57.89,0.26,0.17
17_043 005,57.89,0.19,0.59
17_025 001,57.89,0.24,0.18
17_303 002,57.89,0.19,0.58
17_183 001,57.89,0.24,0.18
17_271 001,57.89,0.28,0.18
17_007 001,57.89,0.23,0.17
17_U10-008 002,57.89,0.26,0.21
17_048 001,57.89,0.27,0.21
17_021 003,57.89,0.23,0.2
17_021 004,57.89,0.28,0.2
17_009 001,57.89,0.29,0.17
17_051 001,57.89,0.24,0.23
17_123 001,57.89,0.27,0.17
17_012 002,57.89,0.24,0.23
17_022 002,56.84,0.24,0.2
17_U100-002 004,56.84,0.3,0.21
17_U100-002 005,56.84,0.3,0.17
17_063 001,56.84,0.19,0.6
17_167 001,56.84,0.3,0.16
17_275 002,56.84,0.25,0.21
17_U100-005 004,56.84,0.25,0.23
17_015 003,56.84,0.32,0.16
17_110 002,56.84,0.17,0.55
17_330 002,56.84,0.3,0.21
17_262 001,56.84,0.24,0.21
17_034 001,56.84,0.23,0.17
17_U100-004 005,56.84,0.27,0.16
17_U100-004 001,56.84,0.28,0.18
17_130 003,56.84,0.18,0.6
17_281 002,56.84,0.27,0.23
17_113 001,56.84,0.25,0.16
17_113 002,56.84,0.24,0.18
17_147 001,56.84,0.23,0.2
17_U10-002 001,56.84,0.19,0.55
17_098 001,56.84,0.23,0.18
17_078 001,56.84,0.26,0.22
17_028 002,56.84,0.27,0.21
17_039 001,56.84,0.24,0.19
17_012 004,56.84,0.29,0.2
17_U100-001 002,55.79,0.28,0.19
17_015 004,55.79,0.23,0.18
17_131 001,55.79,0.22,0.18
17_088 002,55.79,0.22,0.17
17_283 001,55.79,0.26,0.21
17_068 005,55.79,0.23,0.16
17_002 005,55.79,0.34,0.16
17_209 004,55.79,0.19,0.58
17_004 004,55.79,0.26,0.17
17_004 003,55.79,0.23,0.17
17_238 002,55.79,0.24,0.2
17_306 001,55.79,0.28,0.17
17_075 001,55.79,0.27,0.16
17_148 001,55.79,0.24,0.22
17_007 003,55.79,0.24,0.18
17_103 002,55.79,0.29,0.17
17_267 001,55.79,0.22,0.16
17_053 002,54.74,0.29,0.2
17_044 001,54.74,0.23,0.16
17_275 003,54.74,0.28,0.18
17_026 004,54.74,0.27,0.18
17_110 004,54.74,0.18,0.6
17_294 002,54.74,0.25,0.16
17_008 002,54.74,0.17,0.57
17_U100-007 002,54.74,0.31,0.17
17_230 001,54.74,0.17,0.27
17_032 005,54.74,0.23,0.16
17_224 001,54.74,0.19,0.57
17_149 001,54.74,0.25,0.18
17_184 002,54.74,0.25,0.17
17_184 001,54.74,0.23,0.19
17_113 003,54.74,0.28,0.19
17_126 001,54.74,0.24,0.17
17_161 003,54.74,0.24,0.2
17_007 002,54.74,0.29,0.19
17_125 001,54.74,0.25,0.14
17_018 002,54.74,0.26,0.19
17_124 002,54.74,0.18,0.59
17_103 003,54.74,0.29,0.19
17_012 003,54.74,0.25,0.22
17_189 001,53.68,0.25,0.18
17_022 003,53.68,0.24,0.21
17_100 005,53.68,0.23,0.21
17_190 001,53.68,0.18,0.59
17_167 002,53.68,0.28,0.22
17_024 003,53.68,0.22,0.19
17_U100-001 003,53.68,0.19,0.6
17_076 001,53.68,0.24,0.18
17_026 005,53.68,0.29,0.22
17_265 001,53.68,0.19,0.58
17_108 003,53.68,0.28,0.2
17_294 001,53.68,0.26,0.18
17_107 002,53.68,0.23,0.17
17_008 003,53.68,0.32,0.18
17_038 001,53.68,0.23,0.18
17_138 001,53.68,0.27,0.16
17_013 001,53.68,0.19,0.61
17_032 003,53.68,0.23,0.16
17_073 002,53.68,0.27,0.19
17_073 001,53.68,0.27,0.22
17_149 003,53.68,0.29,0.2
17_014 002,53.68,0.29,0.19
17_036 001,53.68,0.24,0.18
17_183 002,53.68,0.23,0.19
17_080 002,53.68,0.18,0.64
17_007 005,53.68,0.25,0.16
17_232 001,53.68,0.3,0.19
17_037 001,53.68,0.19,0.57
17_160 001,53.68,0.27,0.26
17_051 002,53.68,0.28,0.19
17_317 001,52.63,0.23,0.16
17_211 001,52.63,0.22,0.18
17_033 002,52.63,0.2,0.59
17_286 003,52.63,0.26,0.23
17_275 004,52.63,0.27,0.2
17_095 003,52.63,0.26,0.17
17_109 002,52.63,0.25,0.21
17_251 002,52.63,0.23,0.2
17_330 003,52.63,0.23,0.2
17_159 001,52.63,0.18,0.58
17_032 004,52.63,0.24,0.16
17_276 003,52.63,0.24,0.21
17_238 001,52.63,0.26,0.22
17_084 001,52.63,0.22,0.18
17_014 001,52.63,0.26,0.17
17_227 003,52.63,0.23,0.17
17_005 001,52.63,0.3,0.23
17_U10-003 002,52.63,0.19,0.58
17_007 004,52.63,0.27,0.16
17_U10-008 003,52.63,0.18,0.59
17_249 003,52.63,0.29,0.19
17_098 002,52.63,0.27,0.19
17_135 003,51.58,0.24,0.16
17_119 001,51.58,0.27,0.2
17_033 001,51.58,0.24,0.18
17_044 003,51.58,0.27,0.2
17_063 002,51.58,0.2,0.57
17_223 001,51.58,0.22,0.19
17_198 001,51.58,0.22,0.16
17_017 004,51.58,0.26,0.18
17_251 001,51.58,0.25,0.21
17_213 001,51.58,0.22,0.21
17_159 002,51.58,0.19,0.57
17_052 001,51.58,0.19,0.6
17_082 001,51.58,0.28,0.21
17_093 001,51.58,0.25,0.19
17_234 001,51.58,0.23,0.17
17_209 003,51.58,0.2,0.57
17_303 003,51.58,0.19,0.58
17_147 002,51.58,0.27,0.18
17_071 002,51.58,0.23,0.18
17_071 001,51.58,0.22,0.17
17_078 002,51.58,0.23,0.19
17_264 001,51.58,0.19,0.59
17_U10-004 001,51.58,0.19,0.6
17_092 001,51.58,0.25,0.18
17_286 002,50.53,0.24,0.21
17_U100-001 001,50.53,0.18,0.62
17_336 003,50.53,0.23,0.16
17_233 001,50.53,0.25,0.16
17_095 004,50.53,0.19,0.6
17_144 001,50.53,0.3,0.22
17_294 003,50.53,0.24,0.17
17_251 003,50.53,0.26,0.17
17_020 002,50.53,0.28,0.18
17_106 002,50.53,0.26,0.17
17_052 002,50.53,0.19,0.58
17_034 002,50.53,0.24,0.18
17_149 004,50.53,0.29,0.18
17_149 002,50.53,0.27,0.18
17_210 001,50.53,0.26,0.2
17_055 002,50.53,0.23,0.21
17_200 001,50.53,0.29,0.17
17_232 002,50.53,0.26,0.21
17_124 003,50.53,0.19,0.56
17_103 004,50.53,0.22,0.2
17_089 002,50.53,0.25,0.18
17_039 003,50.53,0.25,0.18
17_192 004,50.53,0.27,0.18
17_042 002,50.53,0.26,0.2
17_003 002,49.47,0.18,0.57
17_170 001,49.47,0.19,0.63
17_190 002,49.47,0.18,0.56
17_044 002,49.47,0.25,0.17
17_132 001,49.47,0.23,0.17
17_045 001,49.47,0.26,0.19
17_144 002,49.47,0.23,0.17
17_038 002,49.47,0.24,0.18
17_038 003,49.47,0.24,0.18
17_276 002,49.47,0.24,0.17
17_U100-000 001,49.47,0.18,0.62
17_151 001,49.47,0.24,0.15
17_064 001,49.47,0.27,0.2
17_184 003,49.47,0.24,0.21
17_U10-005 003,49.47,0.19,0.6
17_314 001,49.47,0.26,0.17
17_066 002,49.47,0.26,0.24
17_271 003,49.47,0.26,0.22
17_080 003,49.47,0.19,0.59
17_270 001,49.47,0.22,0.2
17_145 001,49.47,0.24,0.18
17_249 004,49.47,0.27,0.17
17_124 004,49.47,0.18,0.59
17_U10-000 001,49.47,0.19,0.55
17_267 003,49.47,0.25,0.19
17_042 001,49.47,0.23,0.19
17_085 001,48.42,0.28,0.19
17_045 003,48.42,0.27,0.19
17_U100-006 004,48.42,0.28,0.25
17_U100-008 004,48.42,0.24,0.25
17_110 005,48.42,0.18,0.55
17_128 003,48.42,0.25,0.2
17_020 001,48.42,0.17,0.15
17_106 001,48.42,0.25,0.2
17_099 001,48.42,0.19,0.57
17_159 003,48.42,0.19,0.56
17_034 003,48.42,0.18,0.6
17_185 001,48.42,0.23,0.18
17_130 005,48.42,0.19,0.6
17_252 001,48.42,0.29,0.18
17_025 002,48.42,0.3,0.17
17_055 003,48.42,0.17,0.17
17_285 001,48.42,0.23,0.15
17_U10-003 003,48.42,0.18,0.61
17_181 001,48.42,0.26,0.16
17_125 002,48.42,0.23,0.15
17_087 001,48.42,0.23,0.15
17_098 003,48.42,0.24,0.17
17_071 003,48.42,0.26,0.23
17_123 002,48.42,0.25,0.19
17_089 003,48.42,0.26,0.17
17_092 002,48.42,0.25,0.17
17_267 002,48.42,0.24,0.18
17_253 001,47.37,0.2,0.58
17_154 003,47.37,0.27,0.18
17_154 001,47.37,0.26,0.2
17_U10-009 003,47.37,0.19,0.6
17_U10-009 004,47.37,0.19,0.6
17_131 002,47.37,0.3,0.18
17_045 002,47.37,0.26,0.19
17_U100-006 001,47.37,0.18,0.61
17_067 002,47.37,0.19,0.57
17_213 002,47.37,0.31,0.2
17_050 002,47.37,0.19,0.59
17_050 001,47.37,0.18,0.61
17_088 003,47.37,0.25,0.18
17_U100-007 003,47.37,0.28,0.2
17_159 004,47.37,0.19,0.58
17_150 001,47.37,0.19,0.55
17_025 003,47.37,0.27,0.22
17_U10-005 004,47.37,0.19,0.59
17_055 004,47.37,0.19,0.61
17_271 002,47.37,0.28,0.17
17_U10-002 002,47.37,0.19,0.55
17_U10-004 004,47.37,0.18,0.6
17_028 003,47.37,0.28,0.19
17_039 002,47.37,0.25,0.16
17_003 003,46.32,0.18,0.6
17_257 001,46.32,0.22,0.19
17_154 002,46.32,0.27,0.21
17_132 002,46.32,0.26,0.2
17_131 003,46.32,0.24,0.2
17_279 001,46.32,0.27,0.21
17_290 001,46.32,0.18,0.59
17_290 003,46.32,0.21,0.22
17_223 002,46.32,0.23,0.2
17_067 001,46.32,0.19,0.56
17_143 001,46.32,0.2,0.51
17_088 004,46.32,0.25,0.2
17_304 003,46.32,0.26,0.17
17_306 002,46.32,0.29,0.19
17_130 004,46.32,0.18,0.61
17_U10-005 001,46.32,0.2,0.59
17_U100-003 001,46.32,0.19,0.63
17_256 001,46.32,0.23,0.17
17_331 001,46.32,0.29,0.18
17_066 003,46.32,0.26,0.18
17_126 002,46.32,0.24,0.18
17_146 001,46.32,0.19,0.55
17_145 002,46.32,0.24,0.15
17_260 001,46.32,0.19,0.59
17_040 001,46.32,0.2,0.56
17_078 003,46.32,0.25,0.15
17_062 001,46.32,0.2,0.52
17_062 002,46.32,0.2,0.53
17_019 001,45.26,0.18,0.59
17_003 004,45.26,0.18,0.59
17_257 002,45.26,0.24,0.2
17_065 001,45.26,0.24,0.21
17_U100-006 003,45.26,0.18,0.62
17_U100-006 002,45.26,0.18,0.65
17_067 003,45.26,0.18,0.55
17_017 005,45.26,0.18,0.15
17_008 004,45.26,0.19,0.56
17_061 002,45.26,0.18,0.58
17_202 001,45.26,0.22,0.18
17_U100-000 002,45.26,0.18,0.61
17_238 004,45.26,0.25,0.2
17_323 001,45.26,0.18,0.53
17_291 001,45.26,0.25,0.18
17_055 001,45.26,0.19,0.62
17_314 002,45.26,0.19,0.57
17_285 002,45.26,0.25,0.2
17_005 003,45.26,0.19,0.58
17_048 005,45.26,0.27,0.19
17_124 005,45.26,0.27,0.2
17_239 001,45.26,0.2,0.58
17_031 001,45.26,0.18,0.58
17_211 002,44.21,0.3,0.17
17_282 001,44.21,0.18,0.55
17_272 001,44.21,0.19,0.59
17_085 002,44.21,0.25,0.16
17_006 004,44.21,0.29,0.17
17_293 001,44.21,0.25,0.19
17_330 005,44.21,0.28,0.18
17_139 001,44.21,0.16,0.18
17_029 004,44.21,0.19,0.57
17_277 003,44.21,0.19,0.6
17_238 003,44.21,0.28,0.23
17_220 003,44.21,0.24,0.25
17_151 003,44.21,0.26,0.2
17_183 004,44.21,0.27,0.15
17_285 003,44.21,0.23,0.18
17_331 002,44.21,0.25,0.18
17_005 005,44.21,0.19,0.56
17_030 001,44.21,0.24,0.2
17_030 002,44.21,0.29,0.16
17_U10-000 002,44.21,0.25,0.28
17_062 003,44.21,0.23,0.19
17_039 004,44.21,0.22,0.2
17_031 003,44.21,0.21,0.55
17_031 002,44.21,0.19,0.58
17_101 001,43.16,0.21,0.56
17_189 002,43.16,0.23,0.15
17_U10-001 001,43.16,0.19,0.56
17_U10-001 003,43.16,0.18,0.62
17_U10-001 002,43.16,0.19,0.57
17_290 002,43.16,0.25,0.18
17_290 004,43.16,0.21,0.22
17_330 004,43.16,0.27,0.17
17_307 004,43.16,0.25,0.17
17_121 001,43.16,0.19,0.6
17_U10-006 004,43.16,0.19,0.6
17_276 004,43.16,0.18,0.59
17_116 001,43.16,0.23,0.19
17_262 002,43.16,0.26,0.2
17_036 002,43.16,0.24,0.2
17_U100-003 002,43.16,0.18,0.6
17_256 002,43.16,0.23,0.19
17_314 003,43.16,0.22,0.2
17_005 004,43.16,0.19,0.59
17_113 004,43.16,0.23,0.18
17_194 001,43.16,0.25,0.18
17_222 001,43.16,0.23,0.2
17_U10-004 003,43.16,0.28,0.23
17_U10-004 002,43.16,0.18,0.61
17_069 001,43.16,0.26,0.19
17_334 004,42.11,0.22,0.2
17_003 005,42.11,0.19,0.52
17_109 003,42.11,0.22,0.2
17_097 001,42.11,0.22,0.2
17_070 001,42.11,0.19,0.59
17_226 001,42.11,0.2,0.47
17_307 003,42.11,0.27,0.21
17_283 003,42.11,0.25,0.21
17_300 001,42.11,0.2,0.48
17_202 002,42.11,0.23,0.2
17_115 001,42.11,0.19,0.55
17_295 001,42.11,0.19,0.57
17_014 004,42.11,0.27,0.19
17_184 004,42.11,0.23,0.2
17_U10-005 002,42.11,0.18,0.59
17_005 002,42.11,0.18,0.58
17_096 001,42.11,0.18,0.58
17_161 004,42.11,0.18,0.57
17_274 001,42.11,0.31,0.18
17_071 004,42.11,0.22,0.17
17_048 004,42.11,0.33,0.18
17_078 004,42.11,0.24,0.21
17_089 004,42.11,0.26,0.17
17_102 002,42.11,0.19,0.59
17_334 002,41.05,0.22,0.2
17_119 003,41.05,0.23,0.19
17_063 003,41.05,0.19,0.59
17_272 003,41.05,0.19,0.59
17_112 001,41.05,0.23,0.19
17_076 002,41.05,0.24,0.19
17_109 004,41.05,0.22,0.16
17_008 005,41.05,0.24,0.2
17_283 002,41.05,0.24,0.24
17_011 001,41.05,0.19,0.61
17_011 002,41.05,0.2,0.56
17_174 001,41.05,0.19,0.56
17_138 002,41.05,0.25,0.2
17_014 005,41.05,0.26,0.2
17_080 004,41.05,0.18,0.62
17_U10-002 004,41.05,0.19,0.59
17_U10-002 003,41.05,0.21,0.57
17_104 001,41.05,0.24,0.17
17_U10-000 003,41.05,0.18,0.57
17_177 001,41.05,0.18,0.59
17_U10-007 005,40.0,0.24,0.29
17_022 005,40.0,0.24,0.19
17_154 004,40.0,0.27,0.2
17_272 002,40.0,0.19,0.58
17_187 003,40.0,0.23,0.19
17_132 003,40.0,0.27,0.17
17_U100-005 005,40.0,0.24,0.24
17_265 002,40.0,0.19,0.56
17_067 004,40.0,0.21,0.55
17_067 005,40.0,0.26,0.15
17_128 004,40.0,0.24,0.17
17_128 005,40.0,0.19,0.19
17_255 002,40.0,0.25,0.2
17_202 003,40.0,0.25,0.19
17_029 002,40.0,0.18,0.55
17_029 003,40.0,0.18,0.56
17_234 004,40.0,0.28,0.19
17_263 001,40.0,0.23,0.2
17_151 002,40.0,0.23,0.18
17_148 002,40.0,0.19,0.58
17_036 003,40.0,0.27,0.18
17_168 003,40.0,0.19,0.56
17_284 001,40.0,0.18,0.56
17_098 004,40.0,0.23,0.18
17_104 002,40.0,0.26,0.2
17_092 004,40.0,0.24,0.21
17_317 002,38.95,0.27,0.17
17_334 003,38.95,0.23,0.19
17_189 004,38.95,0.23,0.16
17_U10-001 005,38.95,0.19,0.57
17_310 001,38.95,0.25,0.18
17_286 004,38.95,0.27,0.23
17_219 001,38.95,0.19,0.56
17_U100-009 001,38.95,0.18,0.61
17_297 003,38.95,0.19,0.58
17_283 004,38.95,0.21,0.15
17_U100-007 004,38.95,0.18,0.63
17_052 003,38.95,0.18,0.55
17_029 005,38.95,0.23,0.34
17_230 003,38.95,0.19,0.54
17_277 004,38.95,0.2,0.57
17_137 001,38.95,0.24,0.16
17_276 005,38.95,0.2,0.61
17_023 003,38.95,0.25,0.16
17_075 002,38.95,0.24,0.17
17_256 003,38.95,0.23,0.19
17_322 002,38.95,0.2,0.26
17_236 001,38.95,0.19,0.54
17_309 001,38.95,0.25,0.2
17_059 001,38.95,0.18,0.56
17_157 001,38.95,0.24,0.17
17_022 004,37.89,0.23,0.21
17_170 002,37.89,0.19,0.6
17_187 001,37.89,0.26,0.2
17_112 003,37.89,0.23,0.17
17_054 003,37.89,0.18,0.6
17_265 003,37.89,0.19,0.54
17_108 004,37.89,0.24,0.22
17_U100-009 002,37.89,0.18,0.6
17_070 002,37.89,0.19,0.57
17_280 002,37.89,0.21,0.58
17_297 002,37.89,0.18,0.61
17_159 005,37.89,0.18,0.57
17_082 002,37.89,0.24,0.24
17_U100-000 004,37.89,0.29,0.17
17_306 004,37.89,0.26,0.19
17_168 002,37.89,0.18,0.56
17_147 003,37.89,0.23,0.2
17_U10-003 004,37.89,0.19,0.55
17_096 003,37.89,0.28,0.21
17_040 002,37.89,0.21,0.59
17_264 002,37.89,0.18,0.56
17_051 005,37.89,0.2,0.54
17_031 004,37.89,0.19,0.56
17_308 004,36.84,0.21,0.23
17_187 002,36.84,0.23,0.18
17_319 001,36.84,0.19,0.56
17_U100-001 004,36.84,0.19,0.58
17_112 002,36.84,0.25,0.22
17_186 001,36.84,0.24,0.19
17_076 003,36.84,0.24,0.16
17_144 003,36.84,0.26,0.19
17_143 005,36.84,0.19,0.55
17_047 001,36.84,0.2,0.55
17_280 003,36.84,0.18,0.59
17_307 005,36.84,0.3,0.2
17_050 003,36.84,0.18,0.61
17_300 003,36.84,0.19,0.57
17_013 005,36.84,0.18,0.39
17_U100-000 005,36.84,0.17,0.29
17_306 003,36.84,0.26,0.17
17_064 002,36.84,0.19,0.59
17_200 004,36.84,0.29,0.21
17_335 001,36.84,0.27,0.17
17_146 002,36.84,0.19,0.56
17_009 002,36.84,0.26,0.2
17_009 005,36.84,0.24,0.26
17_012 005,36.84,0.24,0.23
17_268 001,36.84,0.34,0.2
17_156 002,36.84,0.25,0.22
17_053 003,35.79,0.24,0.21
17_119 002,35.79,0.25,0.15
17_310 002,35.79,0.23,0.2
17_243 001,35.79,0.28,0.23
17_199 001,35.79,0.2,0.53
17_144 004,35.79,0.27,0.17
17_164 001,35.79,0.22,0.2
17_107 004,35.79,0.24,0.18
17_297 001,35.79,0.18,0.59
17_297 005,35.79,0.19,0.56
17_241 001,35.79,0.25,0.17
17_258 001,35.79,0.19,0.56
17_052 004,35.79,0.19,0.56
17_234 003,35.79,0.25,0.19
17_137 002,35.79,0.28,0.18
17_116 002,35.79,0.28,0.19
17_220 001,35.79,0.18,0.55
17_023 001,35.79,0.18,0.56
17_323 002,35.79,0.19,0.54
17_014 003,35.79,0.18,0.59
17_182 001,35.79,0.26,0.16
17_096 002,35.79,0.25,0.22
17_181 003,35.79,0.28,0.18
17_090 001,35.79,0.27,0.18
17_264 003,35.79,0.18,0.59
17_192 005,35.79,0.27,0.17
17_092 005,35.79,0.25,0.21
17_156 001,35.79,0.24,0.21
17_042 004,35.79,0.25,0.17
17_042 003,35.79,0.26,0.2
17_119 004,34.74,0.28,0.2
17_215 003,34.74,0.19,0.23
17_237 001,34.74,0.21,0.57
17_086 001,34.74,0.23,0.17
17_143 004,34.74,0.18,0.56
17_070 004,34.74,0.18,0.57
17_280 001,34.74,0.21,0.57
17_280 004,34.74,0.18,0.59
17_029 001,34.74,0.18,0.57
17_174 002,34.74,0.18,0.58
17_174 004,34.74,0.15,0.24
17_315 001,34.74,0.21,0.59
17_277 002,34.74,0.19,0.57
17_152 001,34.74,0.19,0.55
17_281 003,34.74,0.25,0.21
17_066 004,34.74,0.25,0.22
17_018 004,34.74,0.19,0.59
17_U10-008 005,34.74,0.19,0.57
17_337 001,34.74,0.18,0.58
17_222 002,34.74,0.23,0.2
17_334 001,33.68,0.21,0.58
17_119 005,33.68,0.22,0.29
17_190 003,33.68,0.18,0.61
17_187 004,33.68,0.22,0.17
17_336 004,33.68,0.24,0.19
17_054 004,33.68,0.18,0.59
17_U100-006 005,33.68,0.16,0.31
17_164 002,33.68,0.23,0.18
17_108 005,33.68,0.25,0.23
17_U100-009 003,33.68,0.19,0.58
17_269 001,33.68,0.19,0.57
17_143 003,33.68,0.18,0.56
17_058 001,33.68,0.21,0.55
17_216 003,33.68,0.22,0.24
17_300 002,33.68,0.19,0.56
17_300 004,33.68,0.19,0.56
17_023 002,33.68,0.19,0.57
17_323 004,33.68,0.19,0.56
17_224 002,33.68,0.19,0.59
17_148 003,33.68,0.17,0.16
17_U100-003 003,33.68,0.19,0.57
17_311 001,33.68,0.19,0.56
17_232 003,33.68,0.24,0.19
17_U10-008 004,33.68,0.19,0.57
17_260 002,33.68,0.2,0.6
17_337 002,33.68,0.19,0.55
17_U10-004 005,33.68,0.19,0.61
17_221 001,33.68,0.2,0.54
17_069 002,33.68,0.24,0.2
17_135 004,32.63,0.24,0.19
17_189 005,32.63,0.23,0.2
17_257 003,32.63,0.25,0.16
17_134 002,32.63,0.18,0.56
17_308 002,32.63,0.25,0.24
17_166 001,32.63,0.25,0.17
17_279 002,32.63,0.27,0.18
17_223 003,32.63,0.27,0.21
17_143 002,32.63,0.19,0.58
17_038 004,32.63,0.29,0.2
17_120 001,32.63,0.26,0.17
17_174 003,32.63,0.18,0.6
17_138 003,32.63,0.23,0.18
17_U100-000 003,32.63,0.19,0.62
17_168 001,32.63,0.18,0.57
17_314 004,32.63,0.19,0.52
17_284 002,32.63,0.21,0.53
17_027 001,32.63,0.24,0.18
17_051 003,32.63,0.19,0.56
17_001 001,32.63,0.32,0.16
17_268 002,32.63,0.23,0.19
17_081 001,32.63,0.24,0.2
17_092 003,32.63,0.19,0.61
17_019 002,31.58,0.18,0.58
17_189 003,31.58,0.23,0.2
17_U10-007 003,31.58,0.18,0.6
17_190 004,31.58,0.2,0.56
17_308 001,31.58,0.18,0.55
17_065 002,31.58,0.23,0.19
17_265 004,31.58,0.18,0.56
17_198 002,31.58,0.27,0.21
17_047 004,31.58,0.2,0.55
17_099 002,31.58,0.19,0.57
17_105 001,31.58,0.24,0.19
17_082 003,31.58,0.28,0.24
17_093 002,31.58,0.24,0.17
17_136 002,31.58,0.27,0.18
17_084 002,31.58,0.21,0.56
17_323 003,31.58,0.18,0.58
17_115 002,31.58,0.18,0.55
17_030 003,31.58,0.25,0.21
17_322 004,31.58,0.17,0.59
17_158 002,31.58,0.19,0.61
17_102 004,31.58,0.2,0.56
17_229 001,30.53,0.18,0.58
17_243 004,30.53,0.24,0.21
17_167 003,30.53,0.3,0.16
17_223 005,30.53,0.22,0.2
17_293 002,30.53,0.23,0.18
17_107 003,30.53,0.25,0.18
17_020 003,30.53,0.24,0.18
17_297 004,30.53,0.18,0.56
17_259 001,30.53,0.19,0.56
17_121 003,30.53,0.18,0.56
17_216 001,30.53,0.18,0.57
17_252 002,30.53,0.26,0.21
17_227 004,30.53,0.19,0.59
17_200 002,30.53,0.2,0.56
17_284 003,30.53,0.17,0.57
17_181 004,30.53,0.23,0.2
17_018 003,30.53,0.19,0.56
17_009 003,30.53,0.23,0.21
17_177 002,30.53,0.19,0.5
17_122 001,30.53,0.19,0.54
17_296 001,29.47,0.21,0.58
17_229 002,29.47,0.19,0.56
17_094 001,29.47,0.19,0.55
17_134 001,29.47,0.29,0.2
17_243 002,29.47,0.24,0.2
17_319 003,29.47,0.3,0.2
17_U100-008 005,29.47,0.28,0.3
17_223 004,29.47,0.25,0.19
17_198 003,29.47,0.27,0.21
17_226 002,29.47,0.18,0.49
17_011 003,29.47,0.18,0.57
17_049 001,29.47,0.18,0.59
17_175 001,29.47,0.24,0.22
17_304 004,29.47,0.18,0.59
17_321 003,29.47,0.28,0.17
17_118 001,29.47,0.22,0.18
17_118 002,29.47,0.26,0.18
17_230 004,29.47,0.2,0.39
17_137 003,29.47,0.19,0.55
17_185 002,29.47,0.25,0.18
17_183 003,29.47,0.2,0.56
17_329 001,29.47,0.19,0.55
17_104 003,29.47,0.24,0.19
17_059 002,29.47,0.19,0.58
17_062 004,29.47,0.25,0.18
17_031 005,29.47,0.18,0.57
17_101 002,28.42,0.18,0.55
17_170 005,28.42,0.19,0.55
17_074 002,28.42,0.3,0.2
17_237 002,28.42,0.19,0.55
17_131 004,28.42,0.26,0.23
17_226 005,28.42,0.16,0.22
17_212 001,28.42,0.18,0.56
17_052 005,28.42,0.19,0.61
17_248 001,28.42,0.21,0.56
17_230 002,28.42,0.19,0.58
17_220 005,28.42,0.22,0.37
17_023 004,28.42,0.26,0.16
17_084 004,28.42,0.21,0.55
17_252 004,28.42,0.24,0.2
17_303 004,28.42,0.18,0.6
17_161 005,28.42,0.19,0.57
17_037 002,28.42,0.19,0.59
17_278 001,28.42,0.18,0.58
17_222 003,28.42,0.26,0.18
17_215 001,27.37,0.18,0.58
17_170 003,27.37,0.19,0.56
17_190 005,27.37,0.21,0.59
17_133 001,27.37,0.19,0.57
17_204 002,27.37,0.25,0.25
17_186 002,27.37,0.24,0.19
17_165 001,27.37,0.22,0.18
17_047 003,27.37,0.21,0.56
17_088 005,27.37,0.25,0.21
17_304 005,27.37,0.28,0.23
17_173 001,27.37,0.25,0.2
17_150 002,27.37,0.19,0.56
17_298 001,27.37,0.19,0.58
17_157 002,27.37,0.27,0.2
17_019 003,26.32,0.19,0.57
17_308 005,26.32,0.21,0.28
17_261 004,26.32,0.21,0.55
17_324 001,26.32,0.19,0.56
17_004 005,26.32,0.18,0.41
17_152 002,26.32,0.18,0.57
17_295 003,26.32,0.19,0.55
17_331 003,26.32,0.26,0.17
17_318 001,26.32,0.19,0.55
17_246 002,26.32,0.19,0.56
17_203 003,26.32,0.21,0.19
17_145 003,26.32,0.19,0.59
17_194 002,26.32,0.24,0.2
17_180 001,26.32,0.2,0.4
17_235 002,26.32,0.18,0.51
17_222 004,26.32,0.23,0.21
17_102 003,26.32,0.18,0.6
17_267 004,26.32,0.28,0.23
17_072 002,25.26,0.19,0.63
17_282 002,25.26,0.19,0.59
17_286 005,25.26,0.23,0.18
17_065 003,25.26,0.24,0.17
17_202 004,25.26,0.25,0.18
17_013 004,25.26,0.19,0.58
17_220 002,25.26,0.19,0.56
17_200 003,25.26,0.19,0.55
17_057 002,25.26,0.27,0.19
17_181 002,25.26,0.18,0.55
17_145 004,25.26,0.24,0.2
17_322 001,25.26,0.23,0.17
17_158 001,25.26,0.18,0.63
17_051 004,25.26,0.19,0.58
17_239 002,25.26,0.19,0.6
17_062 005,25.26,0.24,0.18
17_019 004,24.21,0.19,0.55
17_211 003,24.21,0.24,0.22
17_215 004,24.21,0.2,0.58
17_094 002,24.21,0.2,0.59
17_167 004,24.21,0.27,0.19
17_205 002,24.21,0.18,0.59
17_301 002,24.21,0.19,0.56
17_279 004,24.21,0.25,0.2
17_261 001,24.21,0.18,0.6
17_261 002,24.21,0.19,0.61
17_197 002,24.21,0.24,0.19
17_197 001,24.21,0.23,0.2
17_259 003,24.21,0.19,0.55
17_061 003,24.21,0.24,0.18
17_241 002,24.21,0.26,0.18
17_041 005,24.21,0.19,0.58
17_321 002,24.21,0.19,0.57
17_153 002,24.21,0.23,0.21
17_234 002,24.21,0.19,0.58
17_303 005,24.21,0.19,0.58
17_217 001,24.21,0.28,0.17
17_046 001,24.21,0.27,0.19
17_322 003,24.21,0.19,0.58
17_194 003,24.21,0.26,0.19
17_278 003,24.21,0.18,0.54
17_109 005,23.16,0.21,0.57
17_106 003,23.16,0.26,0.18
17_259 002,23.16,0.18,0.56
17_011 004,23.16,0.19,0.6
17_120 002,23.16,0.23,0.21
17_231 001,23.16,0.21,0.57
17_327 001,23.16,0.18,0.59
17_210 002,23.16,0.23,0.26
17_298 002,23.16,0.19,0.57
17_288 002,23.16,0.21,0.56
17_326 001,23.16,0.25,0.22
17_337 003,23.16,0.19,0.58
17_123 003,23.16,0.2,0.18
17_U10-001 004,22.11,0.18,0.59
17_063 004,22.11,0.18,0.6
17_319 004,22.11,0.18,0.58
17_112 004,22.11,0.23,0.2
17_279 003,22.11,0.28,0.19
17_290 005,22.11,0.21,0.45
17_056 002,22.11,0.2,0.56
17_058 002,22.11,0.18,0.59
17_172 003,22.11,0.18,0.59
17_185 004,22.11,0.21,0.53
17_U100-003 004,22.11,0.18,0.63
17_168 004,22.11,0.19,0.56
17_284 005,22.11,0.19,0.56
17_146 003,22.11,0.19,0.56
17_039 005,22.11,0.24,0.2
17_069 003,22.11,0.26,0.22
17_085 003,21.05,0.23,0.2
17_233 003,21.05,0.25,0.26
17_047 002,21.05,0.21,0.58
17_142 004,21.05,0.19,0.58
17_050 004,21.05,0.23,0.38
17_049 003,21.05,0.19,0.57
17_273 002,21.05,0.2,0.6
17_013 002,21.05,0.19,0.58
17_152 003,21.05,0.18,0.57
17_150 004,21.05,0.19,0.55
17_162 003,21.05,0.2,0.54
17_182 002,21.05,0.2,0.55
17_246 004,21.05,0.18,0.56
17_278 002,21.05,0.2,0.54
17_250 001,21.05,0.26,0.2
17_019 005,20.0,0.26,0.25
17_215 002,20.0,0.18,0.53
17_044 004,20.0,0.18,0.6
17_188 003,20.0,0.28,0.15
17_301 003,20.0,0.18,0.58
17_275 005,20.0,0.23,0.28
17_095 005,20.0,0.18,0.58
17_129 001,20.0,0.2,0.58
17_316 003,20.0,0.19,0.57
17_255 001,20.0,0.19,0.58
17_321 004,20.0,0.21,0.55
17_277 005,20.0,0.2,0.58
17_073 004,20.0,0.18,0.56
17_023 005,20.0,0.25,0.18
17_U10-005 005,20.0,0.19,0.58
17_126 003,20.0,0.28,0.17
17_126 004,20.0,0.26,0.24
17_030 004,20.0,0.25,0.2
17_178 001,20.0,0.21,0.56
17_028 004,20.0,0.2,0.24
17_069 004,20.0,0.24,0.22
17_317 004,18.95,0.22,0.2
17_033 003,18.95,0.18,0.57
17_310 003,18.95,0.24,0.2
17_133 002,18.95,0.19,0.57
17_054 005,18.95,0.18,0.61
17_056 003,18.95,0.2,0.56
17_164 003,18.95,0.28,0.19
17_140 005,18.95,0.19,0.6
17_332 002,18.95,0.19,0.55
17_013 003,18.95,0.19,0.62
17_115 003,18.95,0.19,0.58
17_114 003,18.95,0.23,0.18
17_217 002,18.95,0.17,0.2
17_335 003,18.95,0.26,0.19
17_246 001,18.95,0.18,0.54
17_125 003,18.95,0.18,0.57
17_326 002,18.95,0.25,0.25
17_040 003,18.95,0.2,0.61
17_268 005,18.95,0.21,0.19
17_253 003,17.89,0.19,0.56
17_072 003,17.89,0.19,0.57
17_U10-007 002,17.89,0.18,0.58
17_033 004,17.89,0.19,0.6
17_134 003,17.89,0.17,0.45
17_301 001,17.89,0.18,0.59
17_076 004,17.89,0.18,0.56
17_261 003,17.89,0.19,0.61
17_129 003,17.89,0.24,0.21
17_269 002,17.89,0.18,0.57
17_121 002,17.89,0.18,0.59
17_195 001,17.89,0.21,0.56
17_116 003,17.89,0.29,0.2
17_262 003,17.89,0.27,0.18
17_288 003,17.89,0.18,0.56
17_207 001,17.89,0.18,0.59
17_158 003,17.89,0.18,0.61
17_009 004,17.89,0.25,0.2
17_078 005,17.89,0.23,0.2
17_253 005,16.84,0.19,0.59
17_253 004,16.84,0.19,0.56
17_U10-007 004,16.84,0.18,0.59
17_201 001,16.84,0.19,0.57
17_133 003,16.84,0.21,0.54
17_316 002,16.84,0.18,0.53
17_333 001,16.84,0.19,0.56
17_197 003,16.84,0.19,0.54
17_106 004,16.84,0.19,0.56
17_196 001,16.84,0.19,0.58
17_121 005,16.84,0.18,0.6
17_300 005,16.84,0.18,0.57
17_U100-007 005,16.84,0.27,0.23
17_195 002,16.84,0.2,0.56
17_082 004,16.84,0.22,0.21
17_152 004,16.84,0.18,0.54
17_312 001,16.84,0.19,0.58
17_084 003,16.84,0.21,0.57
17_075 003,16.84,0.24,0.18
17_252 003,16.84,0.18,0.55
17_214 001,16.84,0.18,0.56
17_200 005,16.84,0.2,0.58
17_027 003,16.84,0.24,0.19
17_087 002,16.84,0.23,0.17
17_090 002,16.84,0.27,0.19
17_059 003,16.84,0.18,0.59
17_177 004,16.84,0.19,0.56
17_102 005,16.84,0.18,0.55
17_253 002,15.79,0.19,0.57
17_167 005,15.79,0.26,0.19
17_319 002,15.79,0.19,0.56
17_237 004,15.79,0.21,0.55
17_258 002,15.79,0.19,0.54
17_118 003,15.79,0.28,0.18
17_315 004,15.79,0.18,0.55
17_248 004,15.79,0.19,0.59
17_093 003,15.79,0.23,0.25
17_116 004,15.79,0.28,0.21
17_295 002,15.79,0.19,0.55
17_150 003,15.79,0.19,0.58
17_055 005,15.79,0.19,0.63
17_080 005,15.79,0.19,0.55
17_181 005,15.79,0.22,0.18
17_337 005,15.79,0.19,0.31
17_225 001,15.79,0.19,0.52
17_155 001,14.74,0.22,0.54
17_282 003,14.74,0.19,0.58
17_133 004,14.74,0.25,0.24
17_085 004,14.74,0.27,0.2
17_045 004,14.74,0.24,0.19
17_294 004,14.74,0.26,0.2
17_280 005,14.74,0.18,0.58
17_220 004,14.74,0.19,0.58
17_227 005,14.74,0.18,0.57
17_036 005,14.74,0.19,0.19
17_027 002,14.74,0.19,0.56
17_288 004,14.74,0.19,0.54
17_311 002,14.74,0.19,0.58
17_179 003,14.74,0.18,0.58
17_260 003,14.74,0.19,0.59
17_235 003,14.74,0.18,0.55
17_239 004,14.74,0.19,0.6
17_191 001,13.68,0.3,0.16
17_240 003,13.68,0.19,0.59
17_240 001,13.68,0.2,0.53
17_308 003,13.68,0.2,0.47
17_024 005,13.68,0.19,0.58
17_204 005,13.68,0.24,0.27
17_265 005,13.68,0.19,0.56
17_255 003,13.68,0.23,0.2
17_061 004,13.68,0.21,0.25
17_117 004,13.68,0.21,0.34
17_U10-002 005,13.68,0.19,0.6
17_010 002,13.68,0.25,0.21
17_010 001,13.68,0.23,0.21
17_180 003,13.68,0.21,0.51
17_U10-000 004,13.68,0.19,0.57
17_229 003,12.63,0.19,0.57
17_282 004,12.63,0.19,0.6
17_188 004,12.63,0.19,0.55
17_024 004,12.63,0.18,0.6
17_U10-009 005,12.63,0.19,0.63
17_199 004,12.63,0.17,0.48
17_333 002,12.63,0.19,0.57
17_259 005,12.63,0.17,0.55
17_099 003,12.63,0.19,0.56
17_049 002,12.63,0.18,0.59
17_105 002,12.63,0.21,0.56
17_120 003,12.63,0.25,0.2
17_174 005,12.63,0.22,0.3
17_248 002,12.63,0.21,0.58
17_150 005,12.63,0.18,0.55
17_335 002,12.63,0.18,0.58
17_329 002,12.63,0.19,0.55
17_322 005,12.63,0.23,0.21
17_236 002,12.63,0.17,0.54
17_260 004,12.63,0.19,0.6
17_235 001,12.63,0.19,0.57
17_264 004,12.63,0.18,0.58
17_177 003,12.63,0.19,0.54
17_313 002,12.63,0.26,0.2
17_053 005,11.58,0.27,0.15
17_170 004,11.58,0.19,0.59
17_310 004,11.58,0.19,0.6
17_205 001,11.58,0.18,0.59
17_097 004,11.58,0.23,0.16
17_070 003,11.58,0.19,0.59
17_077 001,11.58,0.17,0.61
17_216 002,11.58,0.19,0.59
17_141 001,11.58,0.19,0.59
17_315 003,11.58,0.19,0.56
17_234 005,11.58,0.19,0.57
17_064 003,11.58,0.27,0.23
17_127 005,11.58,0.21,0.22
17_242 002,11.58,0.21,0.57
17_057 003,11.58,0.24,0.21
17_018 005,11.58,0.19,0.59
17_010 004,11.58,0.16,0.2
17_292 001,11.58,0.22,0.25
17_240 002,10.53,0.19,0.53
17_094 003,10.53,0.21,0.54
17_219 002,10.53,0.19,0.55
17_336 005,10.53,0.2,0.61
17_289 001,10.53,0.23,0.17
17_204 003,10.53,0.19,0.58
17_261 005,10.53,0.19,0.59
17_056 001,10.53,0.21,0.57
17_020 004,10.53,0.2,0.48
17_213 004,10.53,0.25,0.2
17_058 003,10.53,0.19,0.6
17_196 002,10.53,0.19,0.6
17_259 004,10.53,0.29,0.22
17_332 001,10.53,0.18,0.57
17_073 003,10.53,0.21,0.58
17_172 001,10.53,0.2,0.59
17_228 002,10.53,0.19,0.48
17_252 005,10.53,0.24,0.2
17_025 004,10.53,0.18,0.59
17_057 005,10.53,0.19,0.39
17_125 004,10.53,0.19,0.61
17_037 003,10.53,0.23,0.2
17_160 002,10.53,0.21,0.56
17_235 004,10.53,0.19,0.55
17_040 004,10.53,0.2,0.6
17_028 005,10.53,0.26,0.24
17_001 004,10.53,0.19,0.61
17_089 005,10.53,0.19,0.6
17_177 005,10.53,0.18,0.36
17_313 001,10.53,0.18,0.61
17_171 001,9.47,0.19,0.54
17_328 001,9.47,0.19,0.54
17_188 002,9.47,0.22,0.56
17_074 004,9.47,0.2,0.23
17_U100-001 005,9.47,0.18,0.62
17_199 003,9.47,0.19,0.55
17_U100-009 004,9.47,0.19,0.61
17_324 002,9.47,0.19,0.54
17_121 004,9.47,0.18,0.6
17_245 001,9.47,0.21,0.54
17_209 005,9.47,0.19,0.6
17_228 001,9.47,0.19,0.49
17_075 005,9.47,0.19,0.53
17_127 001,9.47,0.19,0.61
17_246 003,9.47,0.19,0.53
17_207 003,9.47,0.19,0.54
17_264 005,9.47,0.19,0.57
17_239 003,9.47,0.18,0.57
17_225 003,9.47,0.18,0.53
17_254 003,8.42,0.25,0.2
17_229 004,8.42,0.19,0.59
17_135 005,8.42,0.23,0.2
17_201 002,8.42,0.18,0.59
17_319 005,8.42,0.23,0.14
17_316 001,8.42,0.18,0.54
17_U100-009 005,8.42,0.18,0.58
17_050 005,8.42,0.22,0.22
17_195 003,8.42,0.18,0.54
17_263 002,8.42,0.19,0.58
17_306 005,8.42,0.26,0.21
17_114 001,8.42,0.19,0.55
17_203 002,8.42,0.23,0.18
17_274 002,8.42,0.22,0.54
17_059 004,8.42,0.18,0.57
17_302 003,8.42,0.27,0.2
17_254 001,7.37,0.21,0.54
17_229 005,7.37,0.19,0.58
17_191 002,7.37,0.26,0.25
17_299 001,7.37,0.21,0.54
17_201 003,7.37,0.19,0.52
17_218 001,7.37,0.19,0.54
17_205 004,7.37,0.19,0.52
17_035 001,7.37,0.21,0.54
17_015 005,7.37,0.25,0.25
17_237 003,7.37,0.21,0.57
17_279 005,7.37,0.25,0.21
17_199 005,7.37,0.18,0.55
17_333 003,7.37,0.19,0.57
17_056 004,7.37,0.19,0.58
17_164 004,7.37,0.26,0.25
17_097 003,7.37,0.26,0.2
17_077 003,7.37,0.21,0.55
17_077 002,7.37,0.19,0.62
17_141 002,7.37,0.31,0.2
17_139 002,7.37,0.19,0.56
17_315 005,7.37,0.19,0.56
17_082 005,7.37,0.26,0.22
17_263 003,7.37,0.19,0.58
17_312 002,7.37,0.19,0.58
17_295 005,7.37,0.19,0.56
17_327 004,7.37,0.2,0.54
17_169 002,7.37,0.25,0.25
17_U100-003 005,7.37,0.19,0.59
17_127 002,7.37,0.19,0.6
17_U10-003 005,7.37,0.18,0.58
17_162 002,7.37,0.19,0.57
17_271 004,7.37,0.28,0.21
17_087 003,7.37,0.23,0.19
17_235 005,7.37,0.19,0.57
17_081 002,7.37,0.21,0.56
17_156 003,7.37,0.23,0.2
17_188 001,6.32,0.21,0.6
17_063 005,6.32,0.18,0.59
17_243 003,6.32,0.18,0.59
17_272 004,6.32,0.19,0.57
17_247 001,6.32,0.19,0.59
17_186 003,6.32,0.19,0.57
17_208 002,6.32,0.22,0.19
17_165 004,6.32,0.22,0.56
17_251 004,6.32,0.23,0.2
17_142 005,6.32,0.17,0.57
17_077 004,6.32,0.18,0.56
17_212 002,6.32,0.18,0.56
17_258 004,6.32,0.18,0.6
17_049 004,6.32,0.18,0.58
17_245 002,6.32,0.18,0.61
17_287 001,6.32,0.21,0.22
17_172 004,6.32,0.19,0.22
17_034 004,6.32,0.19,0.62
17_151 004,6.32,0.21,0.58
17_115 004,6.32,0.18,0.58
17_064 004,6.32,0.19,0.55
17_295 004,6.32,0.18,0.56
17_228 003,6.32,0.19,0.45
17_148 004,6.32,0.19,0.6
17_314 005,6.32,0.25,0.16
17_146 004,6.32,0.2,0.55
17_311 003,6.32,0.19,0.58
17_207 002,6.32,0.19,0.58
17_060 001,6.32,0.17,0.56
17_037 004,6.32,0.19,0.6
17_178 002,6.32,0.18,0.55
17_268 003,6.32,0.19,0.58
17_313 003,6.32,0.29,0.23
17_155 002,5.26,0.19,0.55
17_219 003,5.26,0.19,0.54
17_325 001,5.26,0.19,0.54
17_204 004,5.26,0.17,0.56
17_097 002,5.26,0.23,0.2
17_020 005,5.26,0.19,0.56
17_324 003,5.26,0.2,0.56
17_176 003,5.26,0.19,0.2
17_241 003,5.26,0.18,0.57
17_011 005,5.26,0.18,0.57
17_091 001,5.26,0.22,0.56
17_244 002,5.26,0.19,0.53
17_118 005,5.26,0.27,0.22
17_273 003,5.26,0.22,0.21
17_153 003,5.26,0.21,0.55
17_173 002,5.26,0.26,0.22
17_210 004,5.26,0.26,0.22
17_256 005,5.26,0.18,0.56
17_162 001,5.26,0.19,0.56
17_203 001,5.26,0.19,0.59
17_179 004,5.26,0.19,0.57
17_010 003,5.26,0.24,0.22
17_236 004,5.26,0.19,0.56
17_180 002,5.26,0.2,0.55
17_193 002,5.26,0.18,0.28
17_317 003,4.21,0.18,0.58
17_211 004,4.21,0.26,0.19
17_211 005,4.21,0.19,0.19
17_191 003,4.21,0.23,0.22
17_072 001,4.21,0.18,0.58
17_257 004,4.21,0.23,0.2
17_132 004,4.21,0.19,0.54
17_111 002,4.21,0.21,0.55
17_269 003,4.21,0.19,0.57
17_058 004,4.21,0.19,0.59
17_142 003,4.21,0.19,0.6
17_142 002,4.21,0.19,0.59
17_077 005,4.21,0.18,0.5
17_176 002,4.21,0.18,0.56
17_141 005,4.21,0.25,0.27
17_244 001,4.21,0.19,0.57
17_273 004,4.21,0.24,0.21
17_206 002,4.21,0.21,0.55
17_173 003,4.21,0.25,0.2
17_152 005,4.21,0.19,0.59
17_172 002,4.21,0.21,0.6
17_291 002,4.21,0.27,0.19
17_185 003,4.21,0.21,0.56
17_148 005,4.21,0.19,0.6
17_217 004,4.21,0.26,0.22
17_096 004,4.21,0.21,0.57
17_203 004,4.21,0.2,0.39
17_207 004,4.21,0.19,0.56
17_236 003,4.21,0.19,0.57
17_278 004,4.21,0.19,0.59
17_103 005,4.21,0.21,0.58
17_123 004,4.21,0.18,0.57
17_081 003,4.21,0.19,0.55
17_081 005,4.21,0.19,0.57
17_296 003,3.16,0.21,0.58
17_053 004,3.16,0.18,0.62
17_154 005,3.16,0.18,0.59
17_272 005,3.16,0.19,0.58
17_205 003,3.16,0.21,0.58
17_187 005,3.16,0.21,0.56
17_166 003,3.16,0.23,0.16
17_186 005,3.16,0.24,0.22
17_165 002,3.16,0.18,0.52
17_199 002,3.16,0.19,0.56
17_316 004,3.16,0.18,0.59
17_006 005,3.16,0.25,0.19
17_163 001,3.16,0.21,0.57
17_226 003,3.16,0.19,0.56
17_258 003,3.16,0.18,0.6
17_141 003,3.16,0.19,0.55
17_118 004,3.16,0.19,0.55
17_315 002,3.16,0.19,0.5
17_206 001,3.16,0.19,0.57
17_230 005,3.16,0.19,0.57
17_073 005,3.16,0.22,0.24
17_312 003,3.16,0.19,0.58
17_262 004,3.16,0.2,0.56
17_136 001,3.16,0.19,0.53
17_034 005,3.16,0.21,0.58
17_323 005,3.16,0.18,0.58
17_291 003,3.16,0.19,0.56
17_185 005,3.16,0.2,0.57
17_266 002,3.16,0.18,0.55
17_327 002,3.16,0.18,0.59
17_281 004,3.16,0.19,0.56
17_256 004,3.16,0.19,0.55
17_320 002,3.16,0.19,0.58
17_320 001,3.16,0.21,0.56
17_183 005,3.16,0.21,0.58
17_318 004,3.16,0.19,0.58
17_027 004,3.16,0.19,0.55
17_182 003,3.16,0.24,0.18
17_126 005,3.16,0.26,0.23
17_040 005,3.16,0.21,0.57
17_337 004,3.16,0.21,0.58
17_239 005,3.16,0.19,0.59
17_157 003,3.16,0.23,0.2
17_302 002,3.16,0.18,0.59
17_156 005,3.16,0.26,0.23
17_254 002,2.11,0.19,0.55
17_296 002,2.11,0.21,0.55
17_083 001,2.11,0.2,0.55
17_215 005,2.11,0.18,0.57
17_074 003,2.11,0.18,0.62
17_325 003,2.11,0.19,0.56
17_247 005,2.11,0.18,0.58
17_233 002,2.11,0.21,0.61
17_186 004,2.11,0.18,0.56
17_111 001,2.11,0.19,0.54
17_111 003,2.11,0.18,0.59
17_129 004,2.11,0.19,0.6
17_129 002,2.11,0.19,0.59
17_226 004,2.11,0.18,0.56
17_047 005,2.11,0.19,0.53
17_212 004,2.11,0.19,0.58
17_283 005,2.11,0.23,0.2
17_216 004,2.11,0.24,0.26
17_141 004,2.11,0.18,0.47
17_139 003,2.11,0.19,0.57
17_231 002,2.11,0.19,0.59
17_332 004,2.11,0.19,0.57
17_332 003,2.11,0.19,0.55
17_206 004,2.11,0.19,0.57
17_U10-006 005,2.11,0.19,0.56
17_136 005,2.11,0.25,0.19
17_136 003,2.11,0.18,0.55
17_075 004,2.11,0.19,0.56
17_281 005,2.11,0.19,0.56
17_214 002,2.11,0.18,0.58
17_320 003,2.11,0.21,0.54
17_127 003,2.11,0.19,0.6
17_113 005,2.11,0.24,0.24
17_066 005,2.11,0.26,0.22
17_016 002,2.11,0.18,0.38
17_318 002,2.11,0.19,0.56
17_217 003,2.11,0.24,0.25
17_335 004,2.11,0.26,0.2
17_329 004,2.11,0.19,0.47
17_246 005,2.11,0.19,0.54
17_057 004,2.11,0.19,0.48
17_305 004,2.11,0.19,0.4
17_037 005,2.11,0.18,0.58
17_194 005,2.11,0.19,0.54
17_158 004,2.11,0.18,0.59
17_326 003,2.11,0.25,0.25
17_222 005,2.11,0.21,0.58
17_123 005,2.11,0.18,0.42
17_250 003,2.11,0.19,0.61
17_313 004,2.11,0.18,0.57
17_122 002,2.11,0.18,0.56
17_296 004,1.05,0.19,0.6
17_296 005,1.05,0.2,0.25
17_317 005,1.05,0.19,0.55
17_101 003,1.05,0.2,0.55
17_072 004,1.05,0.18,0.58
17_155 004,1.05,0.21,0.19
17_033 005,1.05,0.19,0.56
17_218 002,1.05,0.19,0.55
17_218 004,1.05,0.19,0.57
17_247 002,1.05,0.19,0.57
17_289 002,1.05,0.18,0.57
17_035 003,1.05,0.19,0.25
17_301 004,1.05,0.18,0.58
17_129 005,1.05,0.18,0.59
17_333 004,1.05,0.19,0.57
17_164 005,1.05,0.19,0.55
17_198 004,1.05,0.19,0.57
17_070 005,1.05,0.18,0.58
17_142 001,1.05,0.18,0.58
17_176 001,1.05,0.19,0.56
17_106 005,1.05,0.18,0.58
17_216 005,1.05,0.19,0.58
17_049 005,1.05,0.19,0.58
17_175 003,1.05,0.24,0.25
17_245 005,1.05,0.19,0.59
17_091 003,1.05,0.18,0.59
17_091 002,1.05,0.18,0.61
17_105 003,1.05,0.26,0.22
17_244 004,1.05,0.19,0.61
17_079 004,1.05,0.21,0.54
17_231 003,1.05,0.21,0.56
17_332 005,1.05,0.2,0.24
17_153 004,1.05,0.21,0.58
17_093 004,1.05,0.23,0.22
17_238 005,1.05,0.24,0.21
17_312 005,1.05,0.18,0.56
17_136 004,1.05,0.18,0.56
17_224 003,1.05,0.19,0.59
17_224 004,1.05,0.18,0.59
17_266 001,1.05,0.19,0.59
17_169 001,1.05,0.22,0.56
17_168 005,1.05,0.19,0.59
17_214 003,1.05,0.19,0.55
17_127 004,1.05,0.18,0.61
17_147 004,1.05,0.18,0.57
17_284 004,1.05,0.19,0.54
17_318 003,1.05,0.19,0.58
17_318 005,1.05,0.19,0.59
17_217 005,1.05,0.2,0.52
17_329 005,1.05,0.2,0.56
17_046 002,1.05,0.23,0.24
17_305 002,1.05,0.21,0.57
17_179 005,1.05,0.22,0.2
17_098 005,1.05,0.19,0.48
17_278 005,1.05,0.18,0.57
17_021 005,1.05,0.29,0.22
17_158 005,1.05,0.24,0.17
17_326 004,1.05,0.22,0.21
17_059 005,1.05,0.19,0.6
17_157 004,1.05,0.27,0.21
17_221 002,1.05,0.19,0.55
17_302 001,1.05,0.19,0.57
17_268 004,1.05,0.19,0.6
17_250 002,1.05,0.19,0.6
17_292 004,1.05,0.19,0.59
17_225 004,1.05,0.19,0.46
17_122 005,1.05,0.18,0.57
17_254 005,0.0,0.18,0.57
17_254 004,0.0,0.19,0.58
17_334 005,0.0,0.19,0.55
17_171 002,0.0,0.21,0.57
17_171 005,0.0,0.21,0.57
17_171 004,0.0,0.21,0.56
17_171 003,0.0,0.18,0.55
17_101 005,0.0,0.21,0.55
17_101 004,0.0,0.19,0.56
17_191 005,0.0,0.21,0.29
17_191 004,0.0,0.19,0.58
17_328 004,0.0,0.19,0.57
17_328 003,0.0,0.19,0.55
17_328 005,0.0,0.18,0.6
17_328 002,0.0,0.19,0.56
17_072 005,0.0,0.18,0.62
17_155 005,0.0,0.28,0.19
17_155 003,0.0,0.21,0.52
17_240 004,0.0,0.2,0.56
17_240 005,0.0,0.24,0.19
17_282 005,0.0,0.19,0.6
17_083 003,0.0,0.22,0.55
17_083 004,0.0,0.26,0.19
17_083 005,0.0,0.21,0.54
17_083 002,0.0,0.2,0.59
17_257 005,0.0,0.21,0.59
17_310 005,0.0,0.19,0.58
17_299 003,0.0,0.19,0.57
17_299 005,0.0,0.18,0.56
17_299 002,0.0,0.21,0.57
17_299 004,0.0,0.19,0.54
17_094 004,0.0,0.18,0.54
17_094 005,0.0,0.18,0.59
17_134 005,0.0,0.2,0.21
17_134 004,0.0,0.19,0.58
17_044 005,0.0,0.19,0.6
17_188 005,0.0,0.21,0.55
17_219 004,0.0,0.19,0.57
17_219 005,0.0,0.17,0.6
17_201 005,0.0,0.21,0.24
17_201 004,0.0,0.19,0.39
17_243 005,0.0,0.18,0.59
17_074 005,0.0,0.18,0.63
17_218 003,0.0,0.19,0.57
17_218 005,0.0,0.19,0.56
17_133 005,0.0,0.19,0.56
17_325 004,0.0,0.19,0.56
17_325 002,0.0,0.19,0.54
17_325 005,0.0,0.18,0.58
17_085 005,0.0,0.19,0.55
17_205 005,0.0,0.18,0.58
17_247 004,0.0,0.21,0.58
17_247 003,0.0,0.19,0.6
17_289 005,0.0,0.18,0.6
17_289 004,0.0,0.19,0.56
17_289 003,0.0,0.19,0.47
17_035 002,0.0,0.19,0.57
17_035 004,0.0,0.19,0.57
17_035 005,0.0,0.2,0.49
17_112 005,0.0,0.22,0.22
17_132 005,0.0,0.25,0.19
17_166 004,0.0,0.24,0.2
17_166 005,0.0,0.23,0.26
17_166 002,0.0,0.18,0.56
17_301 005,0.0,0.19,0.54
17_233 005,0.0,0.18,0.57
17_233 004,0.0,0.18,0.52
17_065 005,0.0,0.21,0.24
17_065 004,0.0,0.21,0.58
17_208 003,0.0,0.19,0.58
17_208 004,0.0,0.22,0.57
17_208 005,0.0,0.21,0.56
17_208 001,0.0,0.21,0.53
17_076 005,0.0,0.19,0.53
17_111 004,0.0,0.18,0.62
17_111 005,0.0,0.19,0.56
17_237 005,0.0,0.21,0.59
17_131 005,0.0,0.21,0.57
17_165 003,0.0,0.21,0.56
17_165 005,0.0,0.22,0.55
17_045 005,0.0,0.25,0.2
17_316 005,0.0,0.19,0.57
17_333 005,0.0,0.19,0.59
17_056 005,0.0,0.21,0.25
17_144 005,0.0,0.25,0.22
17_198 005,0.0,0.2,0.55
17_294 005,0.0,0.2,0.28
17_086 004,0.0,0.15,0.27
17_086 005,0.0,0.18,0.57
17_086 002,0.0,0.21,0.55
17_086 003,0.0,0.24,0.29
17_269 005,0.0,0.2,0.56
17_269 004,0.0,0.21,0.55
17_251 005,0.0,0.18,0.56
17_293 005,0.0,0.18,0.57
17_293 004,0.0,0.2,0.25
17_293 003,0.0,0.18,0.55
17_097 005,0.0,0.22,0.25
17_163 004,0.0,0.19,0.56
17_163 003,0.0,0.21,0.56
17_163 005,0.0,0.18,0.53
17_163 002,0.0,0.18,0.54
17_107 005,0.0,0.18,0.59
17_197 005,0.0,0.24,0.19
17_197 004,0.0,0.19,0.59
17_213 005,0.0,0.18,0.57
17_213 003,0.0,0.19,0.54
17_058 005,0.0,0.26,0.2
17_255 005,0.0,0.22,0.21
17_255 004,0.0,0.19,0.56
17_324 004,0.0,0.18,0.6
17_324 005,0.0,0.19,0.58
17_212 003,0.0,0.21,0.57
17_212 005,0.0,0.19,0.54
17_176 005,0.0,0.19,0.58
17_176 004,0.0,0.19,0.55
17_196 004,0.0,0.19,0.57
17_196 005,0.0,0.19,0.6
17_196 003,0.0,0.21,0.56
17_061 005,0.0,0.18,0.55
17_241 004,0.0,0.18,0.6
17_241 005,0.0,0.19,0.56
17_038 005,0.0,0.19,0.56
17_099 005,0.0,0.18,0.58
17_099 004,0.0,0.18,0.54
17_258 005,0.0,0.19,0.62
17_175 005,0.0,0.21,0.52
17_175 004,0.0,0.21,0.56
17_175 002,0.0,0.21,0.56
17_245 003,0.0,0.21,0.58
17_245 004,0.0,0.18,0.6
17_091 004,0.0,0.18,0.6
17_091 005,0.0,0.19,0.57
17_105 005,0.0,0.2,0.55
17_105 004,0.0,0.19,0.55
17_287 004,0.0,0.19,0.5
17_287 005,0.0,0.19,0.55
17_287 003,0.0,0.2,0.57
17_287 002,0.0,0.19,0.43
17_195 005,0.0,0.21,0.57
17_195 004,0.0,0.18,0.57
17_139 004,0.0,0.22,0.24
17_139 005,0.0,0.18,0.49
17_202 005,0.0,0.25,0.2
17_120 004,0.0,0.24,0.17
17_120 005,0.0,0.18,0.57
17_244 003,0.0,0.19,0.54
17_244 005,0.0,0.18,0.57
17_079 005,0.0,0.18,0.6
17_321 005,0.0,0.21,0.55
17_231 005,0.0,0.21,0.56
17_231 004,0.0,0.18,0.6
17_273 005,0.0,0.22,0.23
17_138 004,0.0,0.18,0.6
17_138 005,0.0,0.23,0.21
17_206 003,0.0,0.19,0.56
17_206 005,0.0,0.21,0.57
17_248 005,0.0,0.18,0.58
17_248 003,0.0,0.19,0.55
17_153 005,0.0,0.21,0.58
17_093 005,0.0,0.26,0.2
17_173 005,0.0,0.21,0.56
17_173 004,0.0,0.21,0.59
17_117 005,0.0,0.26,0.25
17_137 005,0.0,0.18,0.46
17_137 004,0.0,0.18,0.59
17_263 005,0.0,0.19,0.58
17_263 004,0.0,0.19,0.59
17_172 005,0.0,0.19,0.3
17_116 005,0.0,0.24,0.2
17_312 004,0.0,0.19,0.56
17_262 005,0.0,0.22,0.21
17_084 005,0.0,0.19,0.59
17_291 005,0.0,0.17,0.41
17_291 004,0.0,0.25,0.19
17_151 005,0.0,0.24,0.24
17_224 005,0.0,0.19,0.6
17_266 004,0.0,0.19,0.55
17_266 005,0.0,0.19,0.55
17_266 003,0.0,0.18,0.57
17_115 005,0.0,0.18,0.6
17_149 005,0.0,0.21,0.27
17_064 005,0.0,0.21,0.54
17_327 005,0.0,0.23,0.29
17_327 003,0.0,0.21,0.56
17_169 004,0.0,0.18,0.57
17_169 005,0.0,0.2,0.51
17_169 003,0.0,0.19,0.6
17_228 005,0.0,0.19,0.45
17_228 004,0.0,0.19,0.58
17_210 005,0.0,0.21,0.56
17_210 003,0.0,0.21,0.55
17_184 005,0.0,0.19,0.48
17_025 005,0.0,0.21,0.52
17_114 004,0.0,0.27,0.17
17_114 005,0.0,0.18,0.6
17_114 002,0.0,0.24,0.19
17_036 004,0.0,0.19,0.53
17_214 005,0.0,0.18,0.59
17_214 004,0.0,0.18,0.53
17_320 005,0.0,0.16,0.37
17_320 004,0.0,0.19,0.55
17_298 004,0.0,0.18,0.57
17_298 005,0.0,0.19,0.55
17_298 003,0.0,0.18,0.58
17_285 004,0.0,0.28,0.18
17_285 005,0.0,0.17,0.55
17_331 004,0.0,0.27,0.22
17_331 005,0.0,0.27,0.22
17_147 005,0.0,0.19,0.59
17_016 005,0.0,0.18,0.61
17_016 001,0.0,0.19,0.57
17_016 003,0.0,0.19,0.58
17_016 004,0.0,0.18,0.58
17_242 001,0.0,0.21,0.57
17_242 003,0.0,0.21,0.56
17_242 004,0.0,0.21,0.56
17_242 005,0.0,0.26,0.21
17_162 005,0.0,0.2,0.57
17_162 004,0.0,0.19,0.6
17_027 005,0.0,0.18,0.57
17_335 005,0.0,0.19,0.4
17_271 005,0.0,0.2,0.58
17_182 005,0.0,0.22,0.27
17_182 004,0.0,0.19,0.6
17_096 005,0.0,0.2,0.23
17_329 003,0.0,0.18,0.56
17_046 005,0.0,0.19,0.58
17_046 003,0.0,0.24,0.19
17_046 004,0.0,0.19,0.58
17_146 005,0.0,0.19,0.57
17_288 005,0.0,0.19,0.58
17_270 004,0.0,0.19,0.61
17_270 003,0.0,0.18,0.6
17_270 005,0.0,0.19,0.42
17_270 002,0.0,0.18,0.61
17_030 005,0.0,0.2,0.55
17_203 005,0.0,0.26,0.16
17_311 004,0.0,0.19,0.6
17_311 005,0.0,0.2,0.53
17_125 005,0.0,0.18,0.56
17_232 005,0.0,0.19,0.55
17_232 004,0.0,0.21,0.55
17_274 004,0.0,0.18,0.57
17_274 005,0.0,0.18,0.56
17_274 003,0.0,0.19,0.58
17_145 005,0.0,0.2,0.54
17_305 005,0.0,0.27,0.18
17_305 003,0.0,0.2,0.56
17_087 004,0.0,0.19,0.53
17_087 005,0.0,0.19,0.56
17_207 005,0.0,0.19,0.58
17_060 003,0.0,0.18,0.56
17_060 005,0.0,0.19,0.55
17_060 002,0.0,0.18,0.54
17_060 004,0.0,0.19,0.6
17_249 005,0.0,0.2,0.29
17_010 005,0.0,0.24,0.16
17_160 003,0.0,0.21,0.58
17_160 004,0.0,0.23,0.22
17_160 005,0.0,0.21,0.56
17_104 004,0.0,0.23,0.19
17_104 005,0.0,0.28,0.2
17_071 005,0.0,0.18,0.56
17_236 005,0.0,0.19,0.59
17_194 004,0.0,0.21,0.58
17_180 004,0.0,0.21,0.56
17_180 005,0.0,0.2,0.37
17_260 005,0.0,0.19,0.6
17_309 003,0.0,0.22,0.2
17_309 005,0.0,0.24,0.2
17_309 004,0.0,0.24,0.2
17_309 002,0.0,0.19,0.55
17_326 005,0.0,0.23,0.15
17_090 003,0.0,0.21,0.57
17_090 005,0.0,0.19,0.58
17_090 004,0.0,0.19,0.6
17_178 003,0.0,0.21,0.55
17_178 004,0.0,0.19,0.62
17_178 005,0.0,0.21,0.56
17_193 001,0.0,0.18,0.57
17_193 003,0.0,0.19,0.58
17_193 005,0.0,0.19,0.54
17_193 004,0.0,0.19,0.57
17_U10-000 005,0.0,0.19,0.58
17_001 005,0.0,0.19,0.58
17_001 003,0.0,0.19,0.53
17_001 002,0.0,0.19,0.57
17_157 005,0.0,0.2,0.53
17_221 005,0.0,0.18,0.58
17_221 003,0.0,0.19,0.55
17_221 004,0.0,0.19,0.47
17_302 004,0.0,0.19,0.57
17_302 005,0.0,0.27,0.21
17_250 005,0.0,0.18,0.59
17_250 004,0.0,0.19,0.59
17_081 004,0.0,0.18,0.56
17_292 002,0.0,0.17,0.56
17_292 005,0.0,0.2,0.6
17_292 003,0.0,0.19,0.45
17_313 005,0.0,0.17,0.57
17_225 002,0.0,0.2,0.58
17_225 005,0.0,0.25,0.18
17_122 003,0.0,0.19,0.55
17_122 004,0.0,0.19,0.54
17_267 005,0.0,0.19,0.56
17_156 004,0.0,0.21,0.57
17_069 005,0.0,0.19,0.54
17_042 005,0.0,0.21,0.56
