6_000 001,81.82,0.21,0.61
6_U100-009 001,81.82,0.18,0.58
6_U100-008 001,80.52,0.19,0.62
6_U100-007 001,80.52,0.37,0.22
6_203 001,77.92,0.25,0.52
6_U100-002 001,77.92,0.21,0.58
6_036 001,77.92,0.26,0.49
6_228 001,77.92,0.25,0.44
6_000 002,77.92,0.2,0.59
6_055 001,77.92,0.24,0.47
6_283 001,76.62,0.24,0.48
6_U100-004 001,76.62,0.18,0.55
6_151 001,76.62,0.25,0.47
6_U100-007 002,76.62,0.37,0.24
6_U100-007 003,76.62,0.37,0.25
6_074 001,76.62,0.25,0.5
6_000 003,76.62,0.21,0.57
6_113 001,76.62,0.19,0.5
6_068 001,76.62,0.27,0.5
6_069 001,75.32,0.24,0.48
6_014 001,75.32,0.19,0.48
6_115 001,75.32,0.25,0.44
6_063 001,75.32,0.25,0.49
6_162 001,75.32,0.24,0.44
6_155 001,75.32,0.26,0.5
6_078 001,75.32,0.21,0.5
6_U100-002 002,74.03,0.2,0.6
6_191 002,74.03,0.24,0.45
6_240 001,74.03,0.24,0.49
6_003 001,74.03,0.25,0.5
6_108 001,74.03,0.25,0.45
6_108 002,74.03,0.24,0.43
6_100 002,74.03,0.26,0.5
6_026 001,74.03,0.26,0.47
6_190 001,74.03,0.24,0.48
6_065 001,74.03,0.24,0.46
6_163 001,74.03,0.25,0.44
6_068 002,74.03,0.26,0.49
6_035 002,72.73,0.25,0.46
6_035 001,72.73,0.25,0.5
6_280 001,72.73,0.25,0.45
6_248 001,72.73,0.25,0.43
6_240 004,72.73,0.25,0.44
6_U100-001 001,72.73,0.18,0.58
6_104 002,72.73,0.25,0.45
6_210 001,72.73,0.25,0.45
6_210 003,72.73,0.25,0.44
6_312 001,72.73,0.25,0.47
6_065 002,72.73,0.25,0.5
6_166 001,72.73,0.25,0.44
6_113 002,72.73,0.27,0.46
6_127 001,71.43,0.25,0.44
6_252 001,71.43,0.25,0.43
6_122 001,71.43,0.25,0.45
6_154 001,71.43,0.24,0.45
6_191 001,71.43,0.24,0.46
6_221 002,71.43,0.24,0.49
6_221 001,71.43,0.25,0.49
6_236 001,71.43,0.24,0.43
6_240 002,71.43,0.24,0.49
6_201 001,71.43,0.23,0.51
6_077 001,71.43,0.2,0.53
6_076 001,71.43,0.26,0.45
6_250 001,71.43,0.24,0.45
6_100 001,71.43,0.19,0.49
6_148 001,71.43,0.25,0.44
6_206 001,71.43,0.25,0.43
6_049 002,71.43,0.27,0.48
6_049 001,71.43,0.21,0.53
6_178 001,71.43,0.24,0.43
6_166 002,71.43,0.25,0.45
6_187 001,71.43,0.25,0.44
6_187 003,71.43,0.25,0.45
6_110 001,71.43,0.25,0.44
6_162 002,71.43,0.25,0.45
6_055 003,71.43,0.24,0.45
6_134 001,71.43,0.25,0.44
6_254 002,71.43,0.25,0.48
6_254 001,71.43,0.27,0.48
6_146 001,70.13,0.25,0.44
6_072 001,70.13,0.26,0.49
6_191 004,70.13,0.25,0.46
6_123 001,70.13,0.23,0.47
6_228 002,70.13,0.24,0.43
6_236 002,70.13,0.24,0.44
6_240 003,70.13,0.25,0.43
6_007 001,70.13,0.25,0.5
6_085 001,70.13,0.26,0.46
6_272 001,70.13,0.22,0.46
6_174 001,70.13,0.26,0.49
6_256 001,70.13,0.24,0.44
6_192 001,70.13,0.25,0.44
6_153 002,70.13,0.25,0.45
6_153 003,70.13,0.25,0.45
6_153 001,70.13,0.24,0.44
6_103 001,70.13,0.26,0.5
6_104 001,70.13,0.24,0.43
6_178 002,70.13,0.25,0.42
6_210 004,70.13,0.25,0.45
6_312 003,70.13,0.25,0.44
6_102 001,70.13,0.24,0.43
6_274 001,70.13,0.24,0.45
6_055 002,70.13,0.24,0.48
6_126 002,70.13,0.24,0.46
6_093 001,70.13,0.24,0.49
6_U100-003 001,70.13,0.21,0.58
6_146 002,68.83,0.25,0.49
6_045 001,68.83,0.2,0.46
6_172 001,68.83,0.24,0.44
6_251 002,68.83,0.27,0.45
6_029 001,68.83,0.23,0.45
6_217 002,68.83,0.25,0.45
6_191 003,68.83,0.25,0.46
6_071 001,68.83,0.25,0.46
6_248 002,68.83,0.25,0.44
6_257 002,68.83,0.25,0.44
6_085 002,68.83,0.25,0.44
6_256 002,68.83,0.25,0.45
6_121 001,68.83,0.23,0.44
6_026 002,68.83,0.26,0.5
6_312 004,68.83,0.25,0.44
6_065 003,68.83,0.25,0.48
6_235 002,68.83,0.25,0.46
6_162 003,68.83,0.25,0.45
6_022 001,68.83,0.26,0.45
6_199 001,68.83,0.24,0.44
6_094 001,68.83,0.25,0.45
6_225 002,67.53,0.25,0.48
6_U100-005 001,67.53,0.23,0.45
6_230 001,67.53,0.26,0.44
6_069 002,67.53,0.24,0.46
6_073 001,67.53,0.25,0.46
6_U10-008 001,67.53,0.24,0.45
6_217 001,67.53,0.24,0.43
6_037 001,67.53,0.26,0.5
6_205 001,67.53,0.24,0.45
6_014 002,67.53,0.25,0.49
6_099 001,67.53,0.26,0.5
6_116 001,67.53,0.23,0.45
6_053 001,67.53,0.26,0.44
6_003 002,67.53,0.25,0.47
6_032 001,67.53,0.19,0.48
6_276 001,67.53,0.25,0.49
6_149 003,67.53,0.25,0.49
6_206 002,67.53,0.25,0.44
6_001 001,67.53,0.2,0.55
6_063 002,67.53,0.25,0.53
6_187 002,67.53,0.24,0.5
6_235 001,67.53,0.25,0.48
6_U10-004 001,67.53,0.24,0.47
6_022 002,67.53,0.25,0.47
6_079 001,67.53,0.23,0.52
6_052 001,67.53,0.24,0.48
6_163 002,67.53,0.24,0.48
6_155 002,67.53,0.25,0.44
6_066 001,67.53,0.24,0.48
6_207 003,67.53,0.24,0.44
6_207 001,67.53,0.25,0.45
6_324 001,66.23,0.25,0.44
6_225 001,66.23,0.25,0.47
6_U100-005 002,66.23,0.25,0.49
6_253 001,66.23,0.24,0.44
6_266 001,66.23,0.24,0.44
6_127 003,66.23,0.25,0.45
6_230 002,66.23,0.25,0.46
6_251 001,66.23,0.25,0.5
6_309 001,66.23,0.24,0.5
6_035 003,66.23,0.26,0.47
6_228 003,66.23,0.25,0.44
6_238 001,66.23,0.25,0.44
6_236 003,66.23,0.24,0.45
6_322 001,66.23,0.25,0.52
6_213 002,66.23,0.25,0.45
6_256 004,66.23,0.25,0.46
6_151 002,66.23,0.25,0.43
6_103 002,66.23,0.25,0.49
6_290 001,66.23,0.25,0.49
6_184 001,66.23,0.24,0.43
6_108 004,66.23,0.24,0.44
6_276 002,66.23,0.26,0.49
6_149 005,66.23,0.25,0.49
6_148 002,66.23,0.24,0.45
6_178 003,66.23,0.25,0.48
6_210 002,66.23,0.25,0.45
6_312 002,66.23,0.23,0.44
6_101 001,66.23,0.24,0.46
6_102 003,66.23,0.25,0.44
6_166 003,66.23,0.25,0.45
6_126 003,66.23,0.25,0.45
6_207 004,66.23,0.26,0.45
6_098 001,66.23,0.25,0.47
6_203 002,64.94,0.24,0.5
6_145 001,64.94,0.24,0.51
6_252 004,64.94,0.26,0.49
6_247 001,64.94,0.25,0.45
6_004 002,64.94,0.25,0.48
6_072 002,64.94,0.23,0.43
6_211 001,64.94,0.24,0.48
6_211 002,64.94,0.25,0.47
6_053 002,64.94,0.25,0.46
6_322 002,64.94,0.25,0.44
6_137 001,64.94,0.25,0.5
6_171 001,64.94,0.24,0.5
6_201 002,64.94,0.24,0.47
6_U100-004 003,64.94,0.21,0.52
6_257 001,64.94,0.25,0.51
6_051 001,64.94,0.27,0.47
6_213 001,64.94,0.26,0.43
6_085 004,64.94,0.27,0.49
6_272 002,64.94,0.25,0.5
6_024 001,64.94,0.25,0.48
6_256 003,64.94,0.25,0.44
6_076 002,64.94,0.27,0.47
6_032 002,64.94,0.27,0.49
6_149 001,64.94,0.25,0.49
6_121 003,64.94,0.25,0.45
6_U10-003 002,64.94,0.26,0.51
6_188 001,64.94,0.24,0.42
6_234 001,64.94,0.21,0.49
6_117 002,64.94,0.25,0.46
6_102 002,64.94,0.25,0.45
6_U100-000 002,64.94,0.36,0.23
6_U100-000 001,64.94,0.36,0.23
6_223 001,64.94,0.24,0.43
6_314 001,64.94,0.24,0.42
6_082 002,64.94,0.25,0.44
6_082 003,64.94,0.24,0.48
6_094 003,64.94,0.26,0.51
6_039 001,64.94,0.28,0.48
6_207 002,64.94,0.25,0.42
6_219 001,64.94,0.25,0.49
6_145 004,63.64,0.24,0.44
6_127 004,63.64,0.26,0.46
6_144 001,63.64,0.28,0.45
6_252 003,63.64,0.25,0.44
6_252 002,63.64,0.25,0.44
6_009 002,63.64,0.25,0.46
6_009 003,63.64,0.24,0.45
6_122 002,63.64,0.25,0.46
6_152 001,63.64,0.26,0.5
6_035 005,63.64,0.25,0.47
6_135 002,63.64,0.25,0.45
6_228 004,63.64,0.25,0.44
6_321 002,63.64,0.25,0.45
6_171 002,63.64,0.24,0.45
6_263 001,63.64,0.26,0.48
6_103 004,63.64,0.25,0.47
6_103 003,63.64,0.26,0.47
6_076 003,63.64,0.26,0.5
6_047 001,63.64,0.26,0.47
6_108 003,63.64,0.24,0.45
6_250 004,63.64,0.24,0.45
6_121 002,63.64,0.25,0.48
6_U10-003 001,63.64,0.26,0.47
6_148 004,63.64,0.25,0.43
6_243 001,63.64,0.27,0.48
6_065 004,63.64,0.25,0.44
6_065 005,63.64,0.25,0.49
6_117 003,63.64,0.23,0.44
6_187 004,63.64,0.25,0.44
6_113 003,63.64,0.26,0.51
6_155 004,63.64,0.24,0.49
6_155 003,63.64,0.25,0.44
6_082 001,63.64,0.25,0.43
6_126 001,63.64,0.23,0.46
6_319 001,63.64,0.25,0.45
6_186 001,63.64,0.21,0.47
6_050 001,63.64,0.25,0.47
6_078 002,63.64,0.21,0.51
6_291 002,63.64,0.25,0.45
6_324 002,62.34,0.25,0.49
6_253 002,62.34,0.25,0.43
6_U10-006 001,62.34,0.25,0.45
6_045 002,62.34,0.24,0.47
6_009 001,62.34,0.24,0.43
6_230 003,62.34,0.25,0.43
6_172 003,62.34,0.25,0.46
6_122 003,62.34,0.25,0.45
6_122 004,62.34,0.25,0.44
6_004 001,62.34,0.25,0.52
6_035 004,62.34,0.24,0.46
6_081 001,62.34,0.26,0.5
6_221 003,62.34,0.27,0.46
6_248 005,62.34,0.25,0.44
6_248 003,62.34,0.25,0.48
6_053 003,62.34,0.25,0.48
6_025 002,62.34,0.28,0.47
6_201 003,62.34,0.23,0.45
6_U100-004 005,62.34,0.22,0.55
6_257 003,62.34,0.25,0.44
6_213 004,62.34,0.25,0.43
6_192 002,62.34,0.25,0.43
6_290 002,62.34,0.24,0.45
6_250 002,62.34,0.22,0.46
6_250 003,62.34,0.23,0.45
6_148 003,62.34,0.25,0.45
6_206 003,62.34,0.23,0.44
6_312 005,62.34,0.24,0.42
6_267 002,62.34,0.25,0.44
6_117 001,62.34,0.25,0.43
6_102 004,62.34,0.25,0.43
6_182 001,62.34,0.23,0.42
6_124 001,62.34,0.25,0.45
6_055 004,62.34,0.24,0.51
6_094 002,62.34,0.24,0.44
6_186 002,62.34,0.24,0.44
6_291 001,62.34,0.24,0.42
6_291 004,62.34,0.24,0.5
6_219 002,62.34,0.25,0.44
6_203 003,61.04,0.24,0.43
6_266 002,61.04,0.2,0.48
6_222 001,61.04,0.25,0.44
6_193 001,61.04,0.24,0.49
6_143 001,61.04,0.25,0.49
6_069 003,61.04,0.25,0.45
6_251 004,61.04,0.25,0.47
6_122 005,61.04,0.25,0.45
6_042 004,61.04,0.29,0.48
6_130 001,61.04,0.26,0.49
6_205 002,61.04,0.24,0.45
6_201 004,61.04,0.25,0.5
6_279 001,61.04,0.24,0.49
6_212 001,61.04,0.25,0.43
6_U100-004 002,61.04,0.22,0.58
6_242 001,61.04,0.26,0.51
6_051 002,61.04,0.21,0.51
6_U100-001 002,61.04,0.21,0.53
6_297 001,61.04,0.24,0.51
6_209 001,61.04,0.2,0.45
6_206 004,61.04,0.25,0.45
6_U10-005 002,61.04,0.27,0.46
6_026 003,61.04,0.25,0.47
6_005 001,61.04,0.25,0.5
6_190 003,61.04,0.22,0.47
6_292 001,61.04,0.24,0.47
6_199 003,61.04,0.25,0.44
6_U100-009 002,61.04,0.21,0.48
6_254 003,61.04,0.26,0.49
6_098 002,61.04,0.26,0.49
6_324 003,59.74,0.25,0.44
6_270 001,59.74,0.25,0.44
6_145 002,59.74,0.26,0.46
6_009 004,59.74,0.25,0.49
6_172 002,59.74,0.24,0.49
6_251 003,59.74,0.25,0.43
6_233 001,59.74,0.25,0.52
6_090 002,59.74,0.25,0.45
6_018 001,59.74,0.21,0.57
6_280 002,59.74,0.25,0.44
6_191 005,59.74,0.24,0.43
6_221 004,59.74,0.24,0.51
6_164 001,59.74,0.25,0.44
6_321 001,59.74,0.24,0.51
6_U100-004 004,59.74,0.21,0.57
6_213 003,59.74,0.24,0.47
6_085 003,59.74,0.24,0.45
6_192 003,59.74,0.25,0.44
6_153 004,59.74,0.24,0.46
6_047 002,59.74,0.25,0.52
6_033 001,59.74,0.25,0.49
6_104 003,59.74,0.25,0.44
6_011 001,59.74,0.25,0.48
6_149 002,59.74,0.25,0.48
6_194 001,59.74,0.25,0.49
6_190 002,59.74,0.26,0.5
6_070 001,59.74,0.25,0.48
6_000 004,59.74,0.2,0.52
6_U10-004 002,59.74,0.24,0.47
6_199 002,59.74,0.25,0.49
6_258 003,59.74,0.24,0.44
6_258 001,59.74,0.23,0.47
6_225 004,58.44,0.24,0.44
6_266 003,58.44,0.26,0.49
6_045 003,58.44,0.22,0.5
6_145 003,58.44,0.25,0.43
6_127 002,58.44,0.24,0.51
6_197 001,58.44,0.24,0.44
6_193 002,58.44,0.25,0.47
6_289 001,58.44,0.27,0.49
6_230 004,58.44,0.24,0.49
6_U100-002 003,58.44,0.2,0.61
6_073 002,58.44,0.24,0.49
6_073 003,58.44,0.22,0.44
6_215 002,58.44,0.23,0.51
6_286 001,58.44,0.24,0.47
6_154 002,58.44,0.24,0.47
6_008 001,58.44,0.23,0.48
6_081 003,58.44,0.26,0.49
6_071 002,58.44,0.25,0.51
6_071 003,58.44,0.24,0.48
6_311 001,58.44,0.24,0.51
6_007 002,58.44,0.27,0.48
6_272 003,58.44,0.25,0.5
6_239 001,58.44,0.25,0.45
6_112 001,58.44,0.26,0.45
6_214 001,58.44,0.21,0.49
6_U100-008 003,58.44,0.2,0.61
6_255 002,58.44,0.26,0.43
6_115 003,58.44,0.25,0.43
6_115 002,58.44,0.24,0.52
6_021 001,58.44,0.26,0.49
6_149 004,58.44,0.26,0.48
6_121 004,58.44,0.25,0.49
6_097 001,58.44,0.22,0.56
6_206 005,58.44,0.24,0.44
6_U10-005 001,58.44,0.27,0.44
6_026 004,58.44,0.25,0.44
6_150 001,58.44,0.25,0.51
6_274 002,58.44,0.25,0.47
6_244 001,58.44,0.25,0.44
6_079 002,58.44,0.28,0.47
6_291 003,58.44,0.25,0.45
6_098 003,58.44,0.24,0.45
6_U100-005 003,57.14,0.28,0.46
6_222 002,57.14,0.25,0.44
6_264 001,57.14,0.26,0.5
6_264 002,57.14,0.26,0.49
6_069 004,57.14,0.23,0.49
6_U100-002 004,57.14,0.21,0.6
6_315 001,57.14,0.24,0.52
6_135 001,57.14,0.24,0.43
6_156 001,57.14,0.25,0.51
6_081 002,57.14,0.24,0.47
6_173 001,57.14,0.25,0.5
6_044 001,57.14,0.21,0.48
6_236 004,57.14,0.24,0.43
6_279 003,57.14,0.25,0.48
6_279 002,57.14,0.22,0.47
6_007 004,57.14,0.25,0.46
6_085 005,57.14,0.25,0.49
6_307 001,57.14,0.25,0.52
6_174 002,57.14,0.27,0.49
6_214 002,57.14,0.24,0.43
6_002 002,57.14,0.38,0.22
6_076 005,57.14,0.25,0.43
6_108 005,57.14,0.25,0.45
6_194 002,57.14,0.25,0.44
6_229 002,57.14,0.23,0.51
6_229 001,57.14,0.2,0.5
6_063 003,57.14,0.25,0.44
6_117 004,57.14,0.26,0.5
6_292 002,57.14,0.25,0.48
6_187 005,57.14,0.25,0.45
6_235 003,57.14,0.25,0.49
6_199 004,57.14,0.25,0.45
6_093 002,57.14,0.25,0.48
6_291 005,57.14,0.25,0.44
6_258 004,57.14,0.24,0.5
6_258 002,57.14,0.24,0.42
6_282 001,55.84,0.26,0.49
6_215 003,55.84,0.25,0.44
6_029 002,55.84,0.21,0.51
6_042 002,55.84,0.22,0.53
6_283 003,55.84,0.23,0.48
6_283 002,55.84,0.25,0.52
6_231 001,55.84,0.25,0.45
6_195 002,55.84,0.27,0.47
6_038 001,55.84,0.25,0.5
6_164 002,55.84,0.24,0.43
6_238 002,55.84,0.26,0.5
6_181 001,55.84,0.26,0.49
6_248 004,55.84,0.25,0.45
6_053 004,55.84,0.26,0.5
6_025 001,55.84,0.24,0.51
6_007 005,55.84,0.26,0.49
6_007 003,55.84,0.24,0.43
6_272 004,55.84,0.26,0.46
6_112 002,55.84,0.26,0.51
6_030 002,55.84,0.24,0.49
6_142 001,55.84,0.24,0.48
6_006 001,55.84,0.25,0.51
6_006 002,55.84,0.25,0.51
6_033 002,55.84,0.21,0.49
6_175 002,55.84,0.25,0.44
6_276 003,55.84,0.26,0.45
6_121 005,55.84,0.24,0.47
6_097 002,55.84,0.27,0.48
6_209 002,55.84,0.26,0.45
6_148 005,55.84,0.24,0.43
6_269 001,55.84,0.27,0.49
6_109 002,55.84,0.24,0.45
6_074 003,55.84,0.24,0.49
6_267 001,55.84,0.25,0.44
6_117 005,55.84,0.21,0.48
6_292 004,55.84,0.25,0.45
6_292 003,55.84,0.22,0.48
6_084 001,55.84,0.25,0.48
6_260 001,55.84,0.25,0.47
6_246 001,55.84,0.26,0.46
6_186 003,55.84,0.24,0.48
6_050 002,55.84,0.26,0.49
6_078 004,55.84,0.22,0.49
6_078 003,55.84,0.22,0.5
6_207 005,55.84,0.25,0.44
6_271 001,54.55,0.25,0.45
6_009 005,54.55,0.23,0.47
6_282 003,54.55,0.24,0.47
6_247 002,54.55,0.21,0.54
6_286 002,54.55,0.24,0.45
6_042 001,54.55,0.21,0.54
6_233 002,54.55,0.2,0.48
6_036 002,54.55,0.27,0.45
6_081 004,54.55,0.24,0.5
6_208 001,54.55,0.25,0.47
6_130 002,54.55,0.25,0.46
6_238 003,54.55,0.25,0.51
6_211 004,54.55,0.26,0.47
6_320 001,54.55,0.26,0.48
6_322 003,54.55,0.25,0.44
6_311 002,54.55,0.25,0.43
6_213 005,54.55,0.22,0.47
6_307 002,54.55,0.25,0.51
6_U100-001 003,54.55,0.18,0.52
6_239 003,54.55,0.25,0.44
6_239 002,54.55,0.24,0.49
6_256 005,54.55,0.22,0.43
6_112 003,54.55,0.25,0.43
6_U100-008 004,54.55,0.21,0.58
6_U100-008 002,54.55,0.2,0.64
6_255 001,54.55,0.25,0.44
6_064 001,54.55,0.23,0.48
6_131 001,54.55,0.26,0.46
6_034 001,54.55,0.27,0.46
6_175 001,54.55,0.24,0.49
6_175 003,54.55,0.25,0.44
6_104 004,54.55,0.24,0.45
6_138 001,54.55,0.25,0.45
6_074 002,54.55,0.25,0.47
6_101 002,54.55,0.21,0.51
6_229 003,54.55,0.23,0.51
6_070 003,54.55,0.27,0.45
6_057 002,54.55,0.25,0.5
6_155 005,54.55,0.24,0.51
6_048 002,54.55,0.24,0.48
6_048 001,54.55,0.26,0.5
6_186 004,54.55,0.24,0.44
6_093 003,54.55,0.25,0.51
6_258 005,54.55,0.23,0.5
6_219 004,54.55,0.22,0.47
6_219 003,54.55,0.24,0.43
6_323 001,54.55,0.25,0.5
6_U100-003 002,54.55,0.21,0.58
6_225 003,53.25,0.25,0.45
6_266 004,53.25,0.26,0.45
6_127 005,53.25,0.25,0.48
6_169 001,53.25,0.24,0.51
6_282 002,53.25,0.26,0.47
6_251 005,53.25,0.24,0.46
6_249 001,53.25,0.24,0.43
6_241 001,53.25,0.25,0.45
6_042 003,53.25,0.25,0.54
6_042 005,53.25,0.23,0.4
6_004 003,53.25,0.24,0.46
6_090 001,53.25,0.22,0.48
6_217 003,53.25,0.24,0.51
6_037 002,53.25,0.25,0.5
6_195 001,53.25,0.25,0.46
6_038 002,53.25,0.27,0.45
6_218 001,53.25,0.25,0.45
6_228 005,53.25,0.25,0.44
6_211 003,53.25,0.25,0.44
6_236 005,53.25,0.23,0.44
6_116 002,53.25,0.23,0.47
6_003 003,53.25,0.22,0.51
6_265 001,53.25,0.25,0.51
6_257 004,53.25,0.24,0.51
6_185 002,53.25,0.25,0.49
6_239 004,53.25,0.25,0.49
6_024 002,53.25,0.27,0.5
6_136 001,53.25,0.25,0.47
6_107 001,53.25,0.25,0.44
6_142 002,53.25,0.25,0.49
6_103 005,53.25,0.24,0.52
6_076 004,53.25,0.26,0.52
6_032 003,53.25,0.22,0.46
6_100 003,53.25,0.26,0.47
6_100 005,53.25,0.23,0.52
6_318 001,53.25,0.21,0.47
6_158 001,53.25,0.25,0.44
6_U10-005 004,53.25,0.23,0.45
6_147 001,53.25,0.23,0.53
6_198 001,53.25,0.27,0.48
6_194 003,53.25,0.24,0.48
6_267 003,53.25,0.25,0.44
6_234 002,53.25,0.24,0.44
6_063 004,53.25,0.25,0.49
6_070 002,53.25,0.25,0.49
6_166 004,53.25,0.25,0.44
6_132 001,53.25,0.24,0.44
6_274 003,53.25,0.24,0.51
6_300 001,53.25,0.25,0.5
6_126 004,53.25,0.25,0.45
6_157 002,53.25,0.25,0.44
6_284 001,53.25,0.26,0.49
6_U100-003 003,53.25,0.26,0.49
6_172 004,51.95,0.25,0.43
6_215 001,51.95,0.23,0.43
6_315 002,51.95,0.26,0.52
6_249 002,51.95,0.25,0.5
6_241 002,51.95,0.26,0.45
6_154 003,51.95,0.22,0.45
6_135 003,51.95,0.24,0.52
6_091 001,51.95,0.24,0.46
6_233 004,51.95,0.25,0.5
6_037 003,51.95,0.26,0.45
6_028 002,51.95,0.25,0.49
6_038 003,51.95,0.26,0.51
6_038 004,51.95,0.25,0.5
6_130 003,51.95,0.23,0.49
6_181 002,51.95,0.26,0.48
6_321 003,51.95,0.22,0.51
6_116 003,51.95,0.24,0.46
6_322 004,51.95,0.24,0.51
6_240 005,51.95,0.24,0.43
6_171 003,51.95,0.26,0.5
6_212 002,51.95,0.25,0.47
6_242 004,51.95,0.26,0.52
6_U10-000 001,51.95,0.26,0.52
6_263 002,51.95,0.25,0.48
6_192 004,51.95,0.25,0.44
6_192 005,51.95,0.24,0.46
6_255 003,51.95,0.25,0.49
6_128 001,51.95,0.25,0.47
6_100 004,51.95,0.23,0.47
6_318 002,51.95,0.19,0.49
6_096 001,51.95,0.26,0.45
6_150 002,51.95,0.25,0.44
6_106 001,51.95,0.25,0.44
6_292 005,51.95,0.21,0.5
6_182 003,51.95,0.23,0.43
6_057 001,51.95,0.25,0.5
6_314 002,51.95,0.24,0.49
6_163 003,51.95,0.25,0.44
6_055 005,51.95,0.24,0.48
6_319 002,51.95,0.25,0.48
6_319 003,51.95,0.25,0.45
6_186 005,51.95,0.21,0.47
6_157 001,51.95,0.25,0.44
6_066 002,51.95,0.24,0.49
6_027 002,51.95,0.2,0.47
6_324 004,50.65,0.26,0.45
6_271 002,50.65,0.25,0.46
6_U10-006 002,50.65,0.24,0.44
6_086 002,50.65,0.24,0.49
6_086 001,50.65,0.25,0.46
6_252 005,50.65,0.25,0.48
6_310 001,50.65,0.24,0.44
6_282 004,50.65,0.26,0.47
6_247 003,50.65,0.22,0.5
6_U10-007 001,50.65,0.24,0.45
6_215 004,50.65,0.24,0.45
6_152 002,50.65,0.26,0.45
6_004 004,50.65,0.25,0.48
6_275 001,50.65,0.26,0.48
6_135 005,50.65,0.24,0.44
6_167 001,50.65,0.25,0.45
6_231 002,50.65,0.25,0.51
6_036 003,50.65,0.27,0.47
6_090 004,50.65,0.24,0.44
6_090 003,50.65,0.25,0.45
6_020 001,50.65,0.27,0.47
6_217 004,50.65,0.22,0.49
6_018 003,50.65,0.23,0.47
6_028 001,50.65,0.25,0.5
6_287 001,50.65,0.24,0.46
6_221 005,50.65,0.24,0.47
6_071 004,50.65,0.24,0.51
6_053 005,50.65,0.24,0.52
6_025 003,50.65,0.26,0.49
6_161 001,50.65,0.24,0.51
6_214 003,50.65,0.25,0.51
6_214 005,50.65,0.23,0.51
6_153 005,50.65,0.25,0.45
6_U100-008 005,50.65,0.2,0.63
6_031 001,50.65,0.25,0.45
6_255 004,50.65,0.26,0.47
6_006 003,50.65,0.25,0.51
6_033 003,50.65,0.26,0.48
6_064 002,50.65,0.26,0.52
6_184 003,50.65,0.25,0.44
6_092 001,50.65,0.19,0.49
6_118 001,50.65,0.21,0.44
6_175 004,50.65,0.21,0.49
6_U10-005 003,50.65,0.25,0.48
6_001 002,50.65,0.24,0.5
6_109 001,50.65,0.23,0.47
6_198 003,50.65,0.27,0.49
6_194 004,50.65,0.25,0.45
6_190 004,50.65,0.24,0.43
6_229 004,50.65,0.25,0.52
6_013 001,50.65,0.26,0.48
6_U10-002 001,50.65,0.25,0.47
6_000 005,50.65,0.2,0.64
6_223 002,50.65,0.25,0.44
6_U10-004 003,50.65,0.25,0.48
6_299 001,50.65,0.24,0.43
6_284 002,50.65,0.24,0.43
6_160 001,49.35,0.25,0.45
6_302 001,49.35,0.24,0.45
6_080 001,49.35,0.25,0.45
6_146 004,49.35,0.25,0.45
6_270 003,49.35,0.25,0.44
6_310 003,49.35,0.25,0.45
6_172 005,49.35,0.25,0.43
6_315 004,49.35,0.25,0.51
6_004 005,49.35,0.21,0.52
6_167 003,49.35,0.24,0.44
6_081 005,49.35,0.24,0.43
6_280 003,49.35,0.25,0.44
6_195 003,49.35,0.25,0.45
6_195 004,49.35,0.26,0.46
6_038 005,49.35,0.27,0.49
6_208 002,49.35,0.26,0.44
6_173 002,49.35,0.24,0.49
6_321 004,49.35,0.24,0.44
6_317 002,49.35,0.22,0.51
6_056 001,49.35,0.25,0.45
6_242 003,49.35,0.27,0.48
6_242 002,49.35,0.23,0.48
6_272 005,49.35,0.25,0.45
6_U100-001 005,49.35,0.22,0.44
6_151 003,49.35,0.25,0.43
6_030 003,49.35,0.24,0.48
6_030 001,49.35,0.25,0.45
6_214 004,49.35,0.25,0.52
6_142 003,49.35,0.25,0.44
6_184 002,49.35,0.24,0.46
6_250 005,49.35,0.25,0.44
6_011 002,49.35,0.28,0.5
6_089 001,49.35,0.22,0.46
6_308 001,49.35,0.27,0.48
6_318 004,49.35,0.26,0.49
6_269 002,49.35,0.24,0.49
6_109 003,49.35,0.25,0.46
6_198 002,49.35,0.25,0.49
6_267 004,49.35,0.25,0.44
6_101 003,49.35,0.25,0.43
6_070 004,49.35,0.24,0.5
6_260 002,49.35,0.26,0.48
6_182 004,49.35,0.27,0.48
6_223 003,49.35,0.25,0.44
6_124 002,49.35,0.25,0.43
6_057 003,49.35,0.24,0.5
6_079 003,49.35,0.27,0.5
6_082 004,49.35,0.25,0.44
6_157 003,49.35,0.24,0.44
6_266 005,48.05,0.26,0.49
6_145 005,48.05,0.24,0.51
6_169 004,48.05,0.24,0.43
6_144 002,48.05,0.25,0.45
6_264 004,48.05,0.25,0.46
6_310 002,48.05,0.25,0.44
6_230 005,48.05,0.24,0.49
6_073 004,48.05,0.24,0.48
6_215 005,48.05,0.24,0.51
6_023 001,48.05,0.25,0.48
6_249 003,48.05,0.25,0.45
6_U10-008 002,48.05,0.26,0.46
6_216 003,48.05,0.24,0.53
6_135 004,48.05,0.25,0.44
6_167 002,48.05,0.25,0.45
6_280 004,48.05,0.25,0.44
6_208 005,48.05,0.24,0.5
6_123 002,48.05,0.25,0.45
6_071 005,48.05,0.26,0.52
6_321 005,48.05,0.24,0.53
6_212 003,48.05,0.25,0.47
6_U10-000 002,48.05,0.31,0.26
6_301 001,48.05,0.26,0.47
6_015 001,48.05,0.21,0.47
6_021 003,48.05,0.25,0.48
6_131 003,48.05,0.24,0.49
6_184 004,48.05,0.25,0.44
6_297 002,48.05,0.25,0.5
6_U10-003 003,48.05,0.27,0.48
6_188 002,48.05,0.24,0.44
6_198 004,48.05,0.25,0.5
6_063 005,48.05,0.24,0.51
6_U10-002 002,48.05,0.23,0.44
6_182 002,48.05,0.25,0.47
6_113 004,48.05,0.22,0.49
6_094 004,48.05,0.24,0.47
6_319 004,48.05,0.24,0.44
6_U100-009 005,48.05,0.22,0.45
6_027 001,48.05,0.25,0.46
6_098 004,48.05,0.25,0.48
6_323 002,48.05,0.28,0.49
6_010 001,46.75,0.25,0.48
6_010 002,46.75,0.21,0.48
6_146 003,46.75,0.25,0.46
6_270 002,46.75,0.24,0.45
6_U10-006 003,46.75,0.25,0.47
6_169 002,46.75,0.24,0.44
6_197 002,46.75,0.25,0.51
6_129 001,46.75,0.25,0.48
6_286 003,46.75,0.24,0.48
6_309 002,46.75,0.24,0.46
6_211 005,46.75,0.25,0.49
6_322 005,46.75,0.24,0.51
6_137 002,46.75,0.23,0.45
6_171 005,46.75,0.24,0.46
6_119 001,46.75,0.24,0.45
6_185 001,46.75,0.25,0.43
6_U100-001 004,46.75,0.21,0.53
6_002 001,46.75,0.25,0.48
6_047 003,46.75,0.26,0.49
6_060 001,46.75,0.24,0.49
6_049 003,46.75,0.2,0.48
6_194 005,46.75,0.25,0.47
6_190 005,46.75,0.24,0.48
6_150 003,46.75,0.23,0.47
6_226 001,46.75,0.25,0.49
6_084 002,46.75,0.2,0.47
6_132 002,46.75,0.24,0.44
6_274 005,46.75,0.25,0.45
6_110 002,46.75,0.25,0.45
6_246 003,46.75,0.26,0.48
6_082 005,46.75,0.26,0.49
6_157 004,46.75,0.26,0.44
6_066 003,46.75,0.26,0.5
6_134 002,46.75,0.25,0.44
6_323 003,46.75,0.25,0.47
6_U10-006 004,45.45,0.25,0.46
6_169 003,45.45,0.25,0.49
6_310 004,45.45,0.24,0.44
6_U100-002 005,45.45,0.2,0.55
6_315 005,45.45,0.26,0.46
6_315 003,45.45,0.25,0.44
6_U10-008 003,45.45,0.23,0.46
6_154 004,45.45,0.24,0.44
6_216 001,45.45,0.18,0.52
6_156 002,45.45,0.24,0.44
6_072 003,45.45,0.26,0.5
6_028 003,45.45,0.26,0.46
6_208 003,45.45,0.24,0.47
6_205 003,45.45,0.25,0.44
6_116 004,45.45,0.24,0.44
6_171 004,45.45,0.24,0.5
6_059 001,45.45,0.18,0.57
6_051 003,45.45,0.27,0.5
6_U10-000 003,45.45,0.29,0.3
6_263 004,45.45,0.27,0.49
6_142 005,45.45,0.25,0.43
6_142 004,45.45,0.25,0.44
6_115 004,45.45,0.24,0.43
6_060 002,45.45,0.27,0.5
6_U100-006 001,45.45,0.22,0.48
6_U100-006 002,45.45,0.32,0.25
6_318 003,45.45,0.22,0.48
6_096 002,45.45,0.25,0.45
6_188 003,45.45,0.24,0.43
6_234 003,45.45,0.25,0.48
6_132 004,45.45,0.24,0.45
6_124 005,45.45,0.25,0.5
6_124 004,45.45,0.25,0.45
6_124 003,45.45,0.25,0.45
6_022 003,45.45,0.25,0.47
6_246 002,45.45,0.25,0.45
6_134 003,45.45,0.25,0.44
6_323 004,45.45,0.27,0.5
6_222 003,44.16,0.25,0.45
6_144 003,44.16,0.25,0.47
6_193 004,44.16,0.23,0.51
6_143 002,44.16,0.25,0.48
6_069 005,44.16,0.24,0.45
6_073 005,44.16,0.26,0.45
6_309 004,44.16,0.25,0.49
6_216 002,44.16,0.21,0.48
6_170 001,44.16,0.23,0.5
6_170 002,44.16,0.24,0.54
6_156 003,44.16,0.25,0.45
6_037 004,44.16,0.26,0.48
6_095 001,44.16,0.26,0.46
6_218 002,44.16,0.25,0.45
6_317 001,44.16,0.27,0.49
6_279 004,44.16,0.25,0.48
6_U10-000 004,44.16,0.27,0.27
6_161 002,44.16,0.26,0.46
6_200 001,44.16,0.24,0.48
6_301 003,44.16,0.26,0.5
6_301 002,44.16,0.26,0.49
6_307 003,44.16,0.22,0.52
6_041 001,44.16,0.25,0.46
6_112 004,44.16,0.25,0.48
6_177 001,44.16,0.25,0.45
6_032 004,44.16,0.2,0.47
6_021 002,44.16,0.26,0.48
6_034 002,44.16,0.21,0.55
6_293 002,44.16,0.24,0.44
6_096 003,44.16,0.25,0.46
6_049 004,44.16,0.21,0.54
6_178 004,44.16,0.25,0.43
6_210 005,44.16,0.25,0.44
6_296 001,44.16,0.24,0.48
6_226 002,44.16,0.25,0.44
6_U10-002 003,44.16,0.23,0.44
6_179 001,44.16,0.19,0.5
6_U10-004 004,44.16,0.19,0.49
6_110 003,44.16,0.25,0.44
6_139 001,44.16,0.23,0.46
6_052 005,44.16,0.22,0.37
6_126 005,44.16,0.25,0.45
6_039 002,44.16,0.19,0.48
6_253 003,42.86,0.25,0.44
6_120 001,42.86,0.25,0.49
6_289 002,42.86,0.25,0.45
6_067 002,42.86,0.24,0.44
6_241 003,42.86,0.26,0.45
6_233 003,42.86,0.24,0.51
6_181 003,42.86,0.26,0.46
6_320 003,42.86,0.24,0.47
6_317 003,42.86,0.2,0.49
6_003 004,42.86,0.26,0.5
6_204 001,42.86,0.24,0.44
6_025 004,42.86,0.25,0.49
6_077 002,42.86,0.24,0.47
6_200 002,42.86,0.25,0.43
6_185 003,42.86,0.25,0.44
6_041 002,42.86,0.24,0.5
6_151 004,42.86,0.24,0.42
6_255 005,42.86,0.24,0.5
6_131 005,42.86,0.25,0.46
6_011 003,42.86,0.27,0.46
6_293 001,42.86,0.24,0.44
6_158 002,42.86,0.25,0.44
6_111 001,42.86,0.25,0.47
6_245 001,42.86,0.19,0.5
6_183 001,42.86,0.24,0.43
6_262 001,42.86,0.26,0.47
6_084 004,42.86,0.2,0.48
6_132 003,42.86,0.24,0.45
6_274 004,42.86,0.24,0.51
6_235 004,42.86,0.25,0.45
6_U100-009 004,42.86,0.18,0.53
6_203 004,41.56,0.24,0.44
6_294 001,41.56,0.25,0.44
6_264 003,41.56,0.25,0.5
6_282 005,41.56,0.24,0.45
6_249 005,41.56,0.25,0.45
6_275 003,41.56,0.25,0.49
6_072 004,41.56,0.23,0.45
6_020 004,41.56,0.28,0.48
6_020 002,41.56,0.26,0.49
6_173 003,41.56,0.24,0.48
6_218 003,41.56,0.24,0.44
6_205 004,41.56,0.25,0.45
6_014 003,41.56,0.25,0.48
6_320 002,41.56,0.27,0.49
6_311 004,41.56,0.24,0.5
6_024 003,41.56,0.26,0.49
6_019 001,41.56,0.24,0.5
6_177 002,41.56,0.25,0.44
6_227 001,41.56,0.24,0.43
6_131 002,41.56,0.25,0.46
6_097 003,41.56,0.2,0.59
6_005 002,41.56,0.25,0.47
6_234 004,41.56,0.26,0.47
6_220 001,41.56,0.24,0.44
6_284 003,41.56,0.21,0.43
6_078 005,41.56,0.23,0.48
6_U100-009 003,41.56,0.24,0.52
6_302 002,40.26,0.24,0.5
6_045 004,40.26,0.22,0.52
6_143 004,40.26,0.25,0.48
6_067 001,40.26,0.25,0.43
6_U10-008 004,40.26,0.25,0.47
6_072 005,40.26,0.25,0.48
6_018 002,40.26,0.21,0.58
6_130 004,40.26,0.25,0.5
6_137 003,40.26,0.25,0.45
6_212 004,40.26,0.23,0.49
6_311 003,40.26,0.25,0.43
6_263 003,40.26,0.26,0.51
6_030 004,40.26,0.25,0.47
6_107 002,40.26,0.25,0.44
6_002 003,40.26,0.25,0.48
6_290 003,40.26,0.26,0.47
6_189 001,40.26,0.25,0.44
6_047 005,40.26,0.25,0.52
6_064 003,40.26,0.25,0.43
6_U100-007 004,40.26,0.39,0.25
6_276 004,40.26,0.26,0.47
6_001 003,40.26,0.22,0.29
6_109 004,40.26,0.23,0.43
6_198 005,40.26,0.25,0.51
6_229 005,40.26,0.22,0.5
6_296 002,40.26,0.21,0.51
6_013 002,40.26,0.27,0.49
6_046 002,40.26,0.22,0.45
6_223 004,40.26,0.25,0.5
6_048 003,40.26,0.26,0.49
6_278 002,38.96,0.25,0.51
6_010 003,38.96,0.25,0.49
6_146 005,38.96,0.25,0.46
6_222 004,38.96,0.25,0.44
6_169 005,38.96,0.24,0.44
6_173 004,38.96,0.25,0.44
6_164 003,38.96,0.26,0.51
6_181 004,38.96,0.26,0.49
6_025 005,38.96,0.27,0.48
6_077 004,38.96,0.26,0.49
6_174 003,38.96,0.24,0.51
6_151 005,38.96,0.24,0.43
6_032 005,38.96,0.23,0.48
6_047 004,38.96,0.27,0.46
6_313 001,38.96,0.24,0.5
6_104 005,38.96,0.25,0.44
6_269 004,38.96,0.25,0.49
6_269 005,38.96,0.25,0.44
6_074 004,38.96,0.27,0.46
6_106 002,38.96,0.24,0.43
6_106 003,38.96,0.25,0.44
6_U100-000 005,38.96,0.37,0.22
6_U10-004 005,38.96,0.25,0.49
6_052 002,38.96,0.26,0.48
6_088 001,38.96,0.23,0.43
6_098 005,38.96,0.22,0.45
6_324 005,37.66,0.24,0.42
6_225 005,37.66,0.24,0.43
6_086 003,37.66,0.25,0.52
6_120 002,37.66,0.25,0.48
6_197 003,37.66,0.25,0.45
6_193 003,37.66,0.24,0.5
6_129 003,37.66,0.24,0.49
6_303 002,37.66,0.25,0.5
6_018 004,37.66,0.2,0.63
6_208 004,37.66,0.25,0.49
6_218 004,37.66,0.25,0.47
6_044 002,37.66,0.26,0.51
6_164 004,37.66,0.26,0.52
6_238 004,37.66,0.27,0.49
6_257 005,37.66,0.26,0.45
6_U10-000 005,37.66,0.32,0.25
6_301 004,37.66,0.26,0.47
6_239 005,37.66,0.26,0.46
6_136 002,37.66,0.25,0.48
6_131 004,37.66,0.25,0.44
6_308 002,37.66,0.27,0.51
6_158 003,37.66,0.26,0.44
6_101 004,37.66,0.25,0.5
6_070 005,37.66,0.26,0.5
6_166 005,37.66,0.24,0.5
6_046 001,37.66,0.22,0.48
6_U100-000 004,37.66,0.24,0.48
6_057 004,37.66,0.26,0.51
6_079 004,37.66,0.21,0.48
6_314 003,37.66,0.22,0.5
6_093 004,37.66,0.23,0.49
6_268 001,36.36,0.25,0.45
6_285 002,36.36,0.23,0.49
6_193 005,36.36,0.25,0.45
6_143 003,36.36,0.25,0.44
6_216 004,36.36,0.19,0.52
6_283 004,36.36,0.25,0.47
6_036 004,36.36,0.27,0.49
6_090 005,36.36,0.24,0.45
6_123 004,36.36,0.25,0.45
6_051 004,36.36,0.28,0.49
6_077 005,36.36,0.19,0.49
6_200 004,36.36,0.25,0.43
6_112 005,36.36,0.24,0.51
6_290 004,36.36,0.25,0.49
6_006 004,36.36,0.26,0.51
6_006 005,36.36,0.25,0.52
6_060 004,36.36,0.27,0.48
6_089 002,36.36,0.24,0.44
6_243 002,36.36,0.27,0.47
6_269 003,36.36,0.25,0.5
6_049 005,36.36,0.2,0.53
6_026 005,36.36,0.24,0.52
6_245 002,36.36,0.27,0.49
6_226 003,36.36,0.25,0.44
6_106 004,36.36,0.25,0.44
6_295 001,36.36,0.26,0.48
6_058 001,36.36,0.21,0.46
6_U10-001 002,36.36,0.26,0.5
6_284 004,36.36,0.24,0.44
6_254 004,36.36,0.27,0.48
6_U100-003 004,36.36,0.24,0.48
6_298 001,35.06,0.25,0.45
6_U10-007 002,35.06,0.26,0.5
6_249 004,35.06,0.26,0.5
6_303 001,35.06,0.26,0.48
6_091 002,35.06,0.26,0.45
6_037 005,35.06,0.27,0.49
6_123 003,35.06,0.24,0.48
6_181 005,35.06,0.27,0.48
6_320 004,35.06,0.27,0.48
6_061 001,35.06,0.24,0.45
6_212 005,35.06,0.25,0.49
6_200 003,35.06,0.24,0.47
6_200 005,35.06,0.24,0.48
6_019 002,35.06,0.25,0.5
6_030 005,35.06,0.26,0.49
6_031 002,35.06,0.24,0.5
6_060 003,35.06,0.24,0.51
6_276 005,35.06,0.25,0.44
6_138 003,35.06,0.23,0.44
6_U10-003 004,35.06,0.26,0.49
6_245 003,35.06,0.24,0.44
6_105 001,35.06,0.23,0.5
6_101 005,35.06,0.26,0.47
6_114 002,35.06,0.27,0.51
6_296 004,35.06,0.25,0.49
6_013 003,35.06,0.25,0.5
6_262 002,35.06,0.24,0.5
6_U10-002 004,35.06,0.24,0.44
6_084 003,35.06,0.2,0.49
6_273 001,35.06,0.24,0.45
6_050 004,35.06,0.25,0.45
6_254 005,35.06,0.25,0.47
6_278 001,33.77,0.25,0.5
6_271 003,33.77,0.24,0.5
6_045 005,33.77,0.2,0.5
6_129 002,33.77,0.27,0.51
6_286 005,33.77,0.23,0.49
6_309 003,33.77,0.19,0.51
6_287 004,33.77,0.26,0.5
6_195 005,33.77,0.24,0.45
6_265 002,33.77,0.24,0.45
6_201 005,33.77,0.24,0.48
6_279 005,33.77,0.26,0.47
6_051 005,33.77,0.27,0.49
6_077 003,33.77,0.19,0.47
6_307 004,33.77,0.26,0.47
6_083 001,33.77,0.25,0.47
6_313 003,33.77,0.2,0.49
6_U100-006 004,33.77,0.2,0.53
6_209 004,33.77,0.27,0.48
6_U10-003 005,33.77,0.24,0.45
6_109 005,33.77,0.25,0.43
6_245 004,33.77,0.26,0.46
6_267 005,33.77,0.25,0.45
6_202 001,33.77,0.25,0.47
6_040 002,33.77,0.27,0.48
6_132 005,33.77,0.24,0.44
6_110 004,33.77,0.25,0.44
6_162 004,33.77,0.25,0.45
6_300 002,33.77,0.25,0.5
6_306 003,33.77,0.21,0.5
6_306 001,33.77,0.2,0.49
6_246 004,33.77,0.25,0.5
6_066 004,33.77,0.26,0.49
6_068 003,33.77,0.26,0.46
6_050 003,33.77,0.23,0.52
6_134 004,33.77,0.25,0.45
6_134 005,33.77,0.24,0.5
6_268 002,32.47,0.26,0.5
6_U100-005 004,32.47,0.21,0.55
6_298 002,32.47,0.25,0.48
6_285 001,32.47,0.24,0.47
6_143 005,32.47,0.25,0.45
6_310 005,32.47,0.23,0.46
6_U10-007 004,32.47,0.26,0.47
6_275 002,32.47,0.19,0.5
6_231 003,32.47,0.25,0.49
6_130 005,32.47,0.22,0.51
6_238 005,32.47,0.27,0.5
6_003 005,32.47,0.21,0.52
6_301 005,32.47,0.25,0.48
6_185 004,32.47,0.25,0.48
6_174 005,32.47,0.25,0.49
6_002 004,32.47,0.24,0.49
6_140 001,32.47,0.25,0.52
6_138 002,32.47,0.25,0.45
6_243 004,32.47,0.25,0.44
6_318 005,32.47,0.23,0.52
6_005 004,32.47,0.26,0.48
6_183 003,32.47,0.25,0.48
6_183 002,32.47,0.24,0.48
6_232 001,32.47,0.24,0.49
6_150 004,32.47,0.26,0.51
6_057 005,32.47,0.25,0.5
6_022 004,32.47,0.26,0.47
6_300 003,32.47,0.25,0.47
6_306 002,32.47,0.22,0.48
6_259 001,32.47,0.25,0.45
6_048 004,32.47,0.25,0.5
6_066 005,32.47,0.2,0.46
6_088 002,32.47,0.24,0.46
6_323 005,32.47,0.24,0.51
6_281 004,31.17,0.24,0.49
6_016 002,31.17,0.2,0.48
6_012 001,31.17,0.25,0.48
6_018 005,31.17,0.22,0.58
6_028 004,31.17,0.25,0.48
6_305 001,31.17,0.22,0.5
6_174 004,31.17,0.24,0.43
6_033 004,31.17,0.19,0.5
6_064 004,31.17,0.24,0.46
6_297 003,31.17,0.2,0.53
6_209 003,31.17,0.26,0.47
6_243 005,31.17,0.27,0.48
6_168 001,31.17,0.24,0.46
6_168 002,31.17,0.23,0.45
6_114 001,31.17,0.25,0.48
6_296 003,31.17,0.24,0.48
6_237 001,31.17,0.25,0.45
6_079 005,31.17,0.28,0.46
6_314 004,31.17,0.2,0.52
6_219 005,31.17,0.19,0.49
6_027 003,31.17,0.24,0.46
6_U100-003 005,31.17,0.2,0.55
6_080 003,29.87,0.26,0.48
6_253 004,29.87,0.25,0.45
6_016 001,29.87,0.27,0.5
6_286 004,29.87,0.22,0.46
6_U10-008 005,29.87,0.25,0.48
6_287 002,29.87,0.26,0.48
6_116 005,29.87,0.24,0.44
6_125 001,29.87,0.26,0.48
6_196 001,29.87,0.25,0.48
6_189 002,29.87,0.24,0.46
6_021 004,29.87,0.25,0.48
6_313 002,29.87,0.25,0.42
6_175 005,29.87,0.24,0.5
6_U100-007 005,29.87,0.35,0.24
6_128 002,29.87,0.25,0.49
6_243 003,29.87,0.27,0.47
6_237 003,29.87,0.27,0.45
6_300 004,29.87,0.24,0.51
6_295 002,29.87,0.25,0.48
6_319 005,29.87,0.25,0.44
6_302 003,28.57,0.24,0.44
6_080 002,28.57,0.27,0.49
6_010 005,28.57,0.25,0.47
6_U10-007 003,28.57,0.26,0.48
6_023 002,28.57,0.22,0.49
6_091 004,28.57,0.26,0.46
6_020 005,28.57,0.27,0.49
6_287 003,28.57,0.24,0.44
6_014 004,28.57,0.23,0.49
6_054 001,28.57,0.19,0.48
6_002 005,28.57,0.25,0.5
6_015 003,28.57,0.26,0.49
6_138 004,28.57,0.2,0.51
6_096 005,28.57,0.25,0.47
6_005 003,28.57,0.26,0.48
6_005 005,28.57,0.27,0.49
6_040 001,28.57,0.28,0.47
6_040 003,28.57,0.27,0.46
6_304 001,28.57,0.26,0.44
6_262 004,28.57,0.25,0.44
6_262 003,28.57,0.25,0.48
6_182 005,28.57,0.25,0.49
6_237 002,28.57,0.24,0.49
6_314 005,28.57,0.2,0.51
6_306 004,28.57,0.24,0.48
6_093 005,28.57,0.26,0.48
6_027 004,28.57,0.2,0.51
6_U10-006 005,27.27,0.21,0.5
6_086 004,27.27,0.24,0.47
6_275 005,27.27,0.2,0.51
6_167 004,27.27,0.24,0.47
6_008 002,27.27,0.23,0.48
6_020 003,27.27,0.25,0.48
6_320 005,27.27,0.28,0.48
6_031 004,27.27,0.22,0.46
6_083 002,27.27,0.25,0.45
6_060 005,27.27,0.26,0.48
6_092 002,27.27,0.25,0.46
6_293 003,27.27,0.24,0.5
6_158 005,27.27,0.24,0.44
6_147 002,27.27,0.24,0.51
6_188 004,27.27,0.21,0.51
6_017 001,27.27,0.21,0.46
6_084 005,27.27,0.23,0.47
6_260 003,27.27,0.27,0.45
6_139 002,27.27,0.25,0.45
6_160 003,25.97,0.25,0.47
6_247 005,25.97,0.2,0.53
6_U10-007 005,25.97,0.23,0.5
6_129 005,25.97,0.25,0.45
6_156 004,25.97,0.25,0.48
6_123 005,25.97,0.23,0.47
6_305 002,25.97,0.25,0.51
6_041 005,25.97,0.26,0.51
6_196 002,25.97,0.27,0.48
6_290 005,25.97,0.24,0.43
6_011 004,25.97,0.27,0.49
6_089 003,25.97,0.24,0.48
6_224 001,25.97,0.25,0.49
6_096 004,25.97,0.25,0.45
6_040 004,25.97,0.27,0.48
6_022 005,25.97,0.28,0.49
6_300 005,25.97,0.25,0.48
6_306 005,25.97,0.24,0.49
6_295 004,25.97,0.25,0.47
6_094 005,25.97,0.25,0.45
6_U10-001 001,25.97,0.26,0.5
6_088 003,25.97,0.22,0.5
6_160 002,24.68,0.25,0.48
6_010 004,24.68,0.24,0.48
6_270 004,24.68,0.25,0.49
6_247 004,24.68,0.24,0.5
6_023 003,24.68,0.2,0.48
6_012 002,24.68,0.23,0.48
6_303 003,24.68,0.26,0.51
6_029 004,24.68,0.25,0.53
6_241 005,24.68,0.25,0.47
6_275 004,24.68,0.26,0.48
6_170 003,24.68,0.24,0.47
6_041 004,24.68,0.26,0.48
6_041 003,24.68,0.27,0.47
6_189 003,24.68,0.24,0.45
6_021 005,24.68,0.28,0.48
6_U100-006 003,24.68,0.23,0.44
6_158 004,24.68,0.22,0.45
6_U10-005 005,24.68,0.19,0.49
6_040 005,24.68,0.28,0.48
6_304 004,24.68,0.25,0.45
6_013 005,24.68,0.22,0.48
6_013 004,24.68,0.25,0.5
6_235 005,24.68,0.25,0.46
6_U10-001 003,24.68,0.26,0.48
6_253 005,23.38,0.26,0.46
6_270 005,23.38,0.25,0.48
6_086 005,23.38,0.24,0.44
6_261 004,23.38,0.24,0.45
6_241 004,23.38,0.25,0.44
6_154 005,23.38,0.26,0.48
6_008 003,23.38,0.2,0.47
6_028 005,23.38,0.25,0.48
6_056 002,23.38,0.25,0.47
6_031 003,23.38,0.25,0.46
6_034 004,23.38,0.28,0.46
6_075 001,23.38,0.25,0.47
6_011 005,23.38,0.26,0.47
6_128 003,23.38,0.24,0.46
6_111 002,23.38,0.25,0.49
6_105 002,23.38,0.23,0.5
6_234 005,23.38,0.22,0.5
6_102 005,23.38,0.24,0.46
6_U100-000 003,23.38,0.26,0.49
6_237 004,23.38,0.25,0.48
6_052 003,23.38,0.27,0.49
6_246 005,23.38,0.25,0.48
6_295 003,23.38,0.25,0.5
6_050 005,23.38,0.26,0.46
6_160 005,22.08,0.25,0.49
6_285 003,22.08,0.25,0.48
6_264 005,22.08,0.21,0.5
6_023 004,22.08,0.25,0.49
6_091 003,22.08,0.25,0.45
6_185 005,22.08,0.25,0.48
6_316 001,22.08,0.26,0.48
6_024 004,22.08,0.26,0.5
6_227 003,22.08,0.25,0.5
6_074 005,22.08,0.29,0.29
6_087 002,22.08,0.23,0.42
6_106 005,22.08,0.28,0.32
6_223 005,22.08,0.25,0.51
6_288 003,20.78,0.26,0.51
6_080 004,20.78,0.27,0.48
6_120 003,20.78,0.24,0.51
6_261 001,20.78,0.25,0.49
6_152 003,20.78,0.26,0.44
6_287 005,20.78,0.23,0.49
6_305 003,20.78,0.2,0.51
6_265 003,20.78,0.24,0.45
6_265 004,20.78,0.23,0.45
6_311 005,20.78,0.19,0.53
6_242 005,20.78,0.22,0.49
6_141 001,20.78,0.25,0.48
6_015 002,20.78,0.27,0.49
6_015 004,20.78,0.26,0.49
6_227 004,20.78,0.26,0.47
6_168 004,20.78,0.24,0.45
6_133 001,20.78,0.25,0.5
6_133 002,20.78,0.28,0.49
6_087 003,20.78,0.23,0.47
6_165 001,20.78,0.26,0.49
6_U10-002 005,20.78,0.23,0.45
6_244 002,20.78,0.25,0.49
6_048 005,20.78,0.25,0.48
6_277 001,19.48,0.25,0.48
6_288 001,19.48,0.24,0.47
6_281 001,19.48,0.25,0.48
6_067 003,19.48,0.25,0.46
6_216 005,19.48,0.25,0.3
6_231 004,19.48,0.25,0.45
6_036 005,19.48,0.27,0.48
6_095 002,19.48,0.27,0.47
6_305 004,19.48,0.25,0.49
6_014 005,19.48,0.23,0.48
6_056 003,19.48,0.24,0.5
6_196 003,19.48,0.25,0.47
6_196 004,19.48,0.25,0.47
6_062 001,19.48,0.23,0.51
6_034 005,19.48,0.25,0.49
6_313 005,19.48,0.23,0.5
6_097 004,19.48,0.22,0.5
6_209 005,19.48,0.24,0.49
6_147 004,19.48,0.24,0.51
6_188 005,19.48,0.25,0.46
6_017 002,19.48,0.26,0.47
6_087 001,19.48,0.25,0.43
6_052 004,19.48,0.27,0.48
6_220 002,19.48,0.25,0.44
6_220 004,19.48,0.25,0.5
6_302 005,18.18,0.24,0.52
6_271 004,18.18,0.26,0.47
6_144 004,18.18,0.26,0.48
6_289 003,18.18,0.27,0.49
6_129 004,18.18,0.26,0.45
6_044 003,18.18,0.21,0.52
6_164 005,18.18,0.24,0.49
6_317 004,18.18,0.26,0.45
6_059 002,18.18,0.2,0.5
6_140 002,18.18,0.24,0.5
6_227 002,18.18,0.25,0.48
6_033 005,18.18,0.26,0.48
6_184 005,18.18,0.25,0.44
6_313 004,18.18,0.25,0.47
6_128 004,18.18,0.24,0.44
6_262 005,18.18,0.25,0.45
6_273 003,18.18,0.21,0.53
6_299 002,18.18,0.23,0.52
6_039 004,18.18,0.24,0.47
6_157 005,18.18,0.25,0.48
6_U10-001 004,18.18,0.24,0.48
6_027 005,18.18,0.26,0.49
6_278 003,16.88,0.24,0.48
6_271 005,16.88,0.25,0.46
6_016 004,16.88,0.23,0.48
6_095 003,16.88,0.25,0.45
6_218 005,16.88,0.25,0.48
6_099 002,16.88,0.24,0.44
6_059 003,16.88,0.23,0.51
6_180 002,16.88,0.25,0.5
6_297 004,16.88,0.26,0.46
6_092 003,16.88,0.27,0.48
6_224 003,16.88,0.25,0.46
6_111 003,16.88,0.24,0.48
6_273 002,16.88,0.24,0.45
6_U10-009 001,16.88,0.26,0.48
6_U10-009 003,16.88,0.25,0.47
6_220 003,16.88,0.21,0.5
6_039 003,16.88,0.2,0.47
6_068 004,16.88,0.24,0.44
6_U10-001 005,16.88,0.25,0.51
6_302 004,15.58,0.25,0.45
6_298 003,15.58,0.24,0.48
6_120 004,15.58,0.24,0.51
6_152 004,15.58,0.24,0.49
6_012 003,15.58,0.25,0.48
6_029 003,15.58,0.21,0.48
6_156 005,15.58,0.25,0.51
6_056 005,15.58,0.24,0.49
6_316 002,15.58,0.24,0.51
6_019 003,15.58,0.26,0.5
6_107 003,15.58,0.25,0.44
6_196 005,15.58,0.26,0.47
6_031 005,15.58,0.22,0.49
6_015 005,15.58,0.25,0.48
6_034 003,15.58,0.26,0.5
6_118 002,15.58,0.22,0.45
6_147 003,15.58,0.22,0.53
6_001 004,15.58,0.27,0.48
6_017 003,15.58,0.26,0.46
6_017 005,15.58,0.25,0.48
6_202 002,15.58,0.25,0.47
6_087 004,15.58,0.23,0.43
6_114 004,15.58,0.25,0.47
6_114 003,15.58,0.23,0.46
6_232 002,15.58,0.25,0.43
6_150 005,15.58,0.24,0.5
6_046 004,15.58,0.22,0.47
6_113 005,15.58,0.27,0.49
6_259 002,15.58,0.24,0.48
6_058 002,15.58,0.26,0.5
6_088 004,15.58,0.24,0.46
6_277 002,14.29,0.22,0.49
6_277 005,14.29,0.25,0.47
6_160 004,14.29,0.25,0.48
6_080 005,14.29,0.25,0.5
6_197 004,14.29,0.24,0.49
6_016 003,14.29,0.25,0.48
6_204 003,14.29,0.24,0.47
6_056 004,14.29,0.23,0.45
6_180 001,14.29,0.25,0.43
6_136 004,14.29,0.23,0.39
6_140 004,14.29,0.25,0.48
6_227 005,14.29,0.25,0.48
6_062 004,14.29,0.27,0.48
6_092 004,14.29,0.27,0.5
6_118 003,14.29,0.23,0.46
6_U100-006 005,14.29,0.3,0.28
6_183 004,14.29,0.24,0.49
6_046 003,14.29,0.22,0.46
6_179 002,14.29,0.25,0.5
6_244 003,14.29,0.24,0.48
6_299 003,14.29,0.24,0.51
6_043 001,14.29,0.26,0.49
6_088 005,14.29,0.27,0.44
6_268 004,12.99,0.26,0.49
6_278 004,12.99,0.24,0.47
6_012 005,12.99,0.27,0.49
6_283 005,12.99,0.25,0.53
6_159 002,12.99,0.25,0.51
6_204 002,12.99,0.24,0.44
6_061 002,12.99,0.24,0.44
6_119 002,12.99,0.24,0.52
6_263 005,12.99,0.25,0.48
6_141 002,12.99,0.26,0.48
6_141 003,12.99,0.24,0.49
6_115 005,12.99,0.27,0.48
6_224 002,12.99,0.25,0.45
6_147 005,12.99,0.24,0.47
6_296 005,12.99,0.2,0.5
6_304 002,12.99,0.24,0.48
6_046 005,12.99,0.24,0.46
6_273 004,12.99,0.21,0.52
6_110 005,12.99,0.25,0.48
6_U10-009 002,12.99,0.21,0.52
6_277 004,11.69,0.23,0.46
6_277 003,11.69,0.25,0.48
6_281 002,11.69,0.25,0.47
6_281 003,11.69,0.23,0.47
6_U100-005 005,11.69,0.25,0.46
6_203 005,11.69,0.27,0.49
6_289 004,11.69,0.25,0.46
6_095 005,11.69,0.24,0.52
6_125 002,11.69,0.25,0.45
6_119 004,11.69,0.23,0.46
6_136 005,11.69,0.25,0.49
6_308 003,11.69,0.24,0.46
6_245 005,11.69,0.27,0.49
6_105 004,11.69,0.25,0.5
6_105 003,11.69,0.25,0.46
6_133 004,11.69,0.26,0.46
6_133 005,11.69,0.22,0.51
6_237 005,11.69,0.27,0.48
6_295 005,11.69,0.25,0.48
6_268 003,10.39,0.24,0.49
6_294 003,10.39,0.26,0.48
6_029 005,10.39,0.2,0.47
6_170 004,10.39,0.23,0.5
6_008 004,10.39,0.23,0.47
6_008 005,10.39,0.24,0.47
6_044 005,10.39,0.26,0.49
6_204 004,10.39,0.24,0.49
6_161 003,10.39,0.26,0.51
6_054 002,10.39,0.19,0.46
6_136 003,10.39,0.25,0.48
6_107 004,10.39,0.25,0.48
6_064 005,10.39,0.26,0.47
6_224 004,10.39,0.25,0.45
6_111 004,10.39,0.24,0.43
6_133 003,10.39,0.21,0.5
6_U10-009 004,10.39,0.27,0.48
6_043 003,10.39,0.23,0.5
6_043 002,10.39,0.26,0.47
6_288 002,9.09,0.25,0.44
6_222 005,9.09,0.25,0.45
6_170 005,9.09,0.24,0.49
6_231 005,9.09,0.24,0.48
6_217 005,9.09,0.26,0.48
6_095 004,9.09,0.26,0.46
6_159 001,9.09,0.2,0.49
6_119 003,9.09,0.24,0.53
6_177 003,9.09,0.27,0.47
6_083 003,9.09,0.26,0.46
6_097 005,9.09,0.19,0.57
6_293 004,9.09,0.25,0.45
6_017 004,9.09,0.22,0.47
6_183 005,9.09,0.19,0.5
6_304 005,9.09,0.25,0.49
6_U10-009 005,9.09,0.26,0.48
6_139 003,9.09,0.25,0.5
6_058 004,9.09,0.22,0.46
6_278 005,7.79,0.25,0.49
6_281 005,7.79,0.21,0.48
6_285 005,7.79,0.24,0.47
6_120 005,7.79,0.24,0.53
6_261 002,7.79,0.23,0.47
6_012 004,7.79,0.2,0.48
6_233 005,7.79,0.22,0.52
6_280 005,7.79,0.25,0.51
6_205 005,7.79,0.24,0.45
6_265 005,7.79,0.25,0.46
6_316 003,7.79,0.21,0.52
6_177 004,7.79,0.25,0.45
6_189 004,7.79,0.24,0.45
6_168 003,7.79,0.23,0.51
6_202 003,7.79,0.24,0.5
6_232 004,7.79,0.24,0.45
6_165 003,7.79,0.25,0.51
6_298 005,6.49,0.26,0.49
6_285 004,6.49,0.25,0.51
6_294 004,6.49,0.28,0.47
6_294 002,6.49,0.24,0.48
6_144 005,6.49,0.26,0.47
6_067 005,6.49,0.25,0.44
6_303 005,6.49,0.27,0.45
6_099 003,6.49,0.26,0.5
6_204 005,6.49,0.24,0.45
6_176 001,6.49,0.25,0.49
6_059 004,6.49,0.22,0.46
6_059 005,6.49,0.22,0.45
6_161 004,6.49,0.24,0.51
6_180 003,6.49,0.25,0.49
6_107 005,6.49,0.25,0.46
6_141 005,6.49,0.25,0.46
6_140 003,6.49,0.25,0.47
6_083 005,6.49,0.25,0.45
6_062 002,6.49,0.21,0.48
6_297 005,6.49,0.21,0.51
6_092 005,6.49,0.24,0.52
6_138 005,6.49,0.2,0.48
6_111 005,6.49,0.21,0.47
6_105 005,6.49,0.24,0.5
6_202 004,6.49,0.25,0.53
6_165 002,6.49,0.24,0.49
6_179 003,6.49,0.25,0.46
6_179 005,6.49,0.25,0.49
6_139 004,6.49,0.24,0.44
6_039 005,6.49,0.21,0.47
6_058 003,6.49,0.24,0.48
6_043 005,6.49,0.24,0.46
6_268 005,5.19,0.22,0.51
6_288 004,5.19,0.25,0.48
6_298 004,5.19,0.25,0.48
6_016 005,5.19,0.27,0.48
6_023 005,5.19,0.26,0.47
6_152 005,5.19,0.25,0.5
6_099 005,5.19,0.26,0.44
6_137 004,5.19,0.23,0.44
6_062 005,5.19,0.23,0.39
6_118 005,5.19,0.22,0.46
6_128 005,5.19,0.25,0.45
6_224 005,5.19,0.25,0.49
6_202 005,5.19,0.24,0.45
6_165 004,5.19,0.25,0.5
6_165 005,5.19,0.24,0.45
6_162 005,5.19,0.24,0.5
6_163 004,5.19,0.24,0.5
6_199 005,5.19,0.19,0.44
6_261 003,3.9,0.25,0.47
6_067 004,3.9,0.28,0.45
6_044 004,3.9,0.2,0.49
6_099 004,3.9,0.24,0.43
6_125 003,3.9,0.25,0.5
6_024 005,3.9,0.27,0.49
6_180 004,3.9,0.25,0.5
6_180 005,3.9,0.25,0.48
6_141 004,3.9,0.25,0.46
6_062 003,3.9,0.23,0.51
6_118 004,3.9,0.22,0.45
6_308 005,3.9,0.24,0.51
6_001 005,3.9,0.2,0.45
6_232 003,3.9,0.24,0.44
6_304 003,3.9,0.25,0.45
6_179 004,3.9,0.25,0.46
6_244 004,3.9,0.25,0.48
6_220 005,3.9,0.26,0.51
6_259 003,3.9,0.24,0.47
6_058 005,3.9,0.25,0.48
6_288 005,2.6,0.26,0.51
6_294 005,2.6,0.25,0.46
6_289 005,2.6,0.28,0.48
6_159 003,2.6,0.26,0.5
6_317 005,2.6,0.26,0.46
6_019 005,2.6,0.25,0.48
6_019 004,2.6,0.26,0.5
6_140 005,2.6,0.24,0.45
6_308 004,2.6,0.24,0.53
6_293 005,2.6,0.24,0.48
6_178 005,2.6,0.23,0.45
6_260 005,2.6,0.24,0.49
6_273 005,2.6,0.25,0.53
6_299 004,2.6,0.24,0.53
6_299 005,2.6,0.24,0.45
6_303 004,1.3,0.27,0.49
6_176 002,1.3,0.25,0.46
6_176 004,1.3,0.24,0.44
6_176 003,1.3,0.25,0.49
6_125 005,1.3,0.24,0.43
6_125 004,1.3,0.25,0.51
6_119 005,1.3,0.23,0.46
6_161 005,1.3,0.24,0.51
6_083 004,1.3,0.26,0.45
6_089 004,1.3,0.25,0.47
6_260 004,1.3,0.28,0.48
6_163 005,1.3,0.24,0.49
6_043 004,1.3,0.27,0.47
6_197 005,0.0,0.24,0.44
6_261 005,0.0,0.24,0.48
6_309 005,0.0,0.27,0.5
6_167 005,0.0,0.24,0.48
6_091 005,0.0,0.25,0.48
6_173 005,0.0,0.22,0.45
6_305 005,0.0,0.26,0.48
6_159 005,0.0,0.25,0.49
6_159 004,0.0,0.24,0.45
6_137 005,0.0,0.24,0.51
6_176 005,0.0,0.25,0.5
6_061 003,0.0,0.27,0.46
6_061 005,0.0,0.25,0.44
6_061 004,0.0,0.24,0.43
6_054 005,0.0,0.21,0.48
6_054 004,0.0,0.19,0.46
6_054 003,0.0,0.19,0.5
6_307 005,0.0,0.26,0.51
6_316 004,0.0,0.24,0.48
6_316 005,0.0,0.26,0.51
6_177 005,0.0,0.25,0.47
6_189 005,0.0,0.23,0.45
6_075 003,0.0,0.24,0.45
6_075 005,0.0,0.24,0.48
6_075 004,0.0,0.25,0.48
6_075 002,0.0,0.24,0.47
6_089 005,0.0,0.24,0.44
6_168 005,0.0,0.25,0.47
6_087 005,0.0,0.24,0.43
6_114 005,0.0,0.2,0.51
6_232 005,0.0,0.25,0.48
6_226 004,0.0,0.19,0.49
6_226 005,0.0,0.22,0.49
6_244 005,0.0,0.25,0.48
6_139 005,0.0,0.26,0.48
6_259 004,0.0,0.23,0.45
6_259 005,0.0,0.25,0.45
6_068 005,0.0,0.27,0.46
6_284 005,0.0,0.25,0.5
