7_047 001,98.11,0.4,0.67
7_083 001,98.11,0.4,0.65
7_047 003,97.84,0.4,0.66
7_134 001,97.57,0.4,0.65
7_047 004,97.57,0.4,0.67
7_083 002,97.57,0.39,0.64
7_134 003,97.3,0.4,0.65
7_047 002,97.3,0.4,0.66
7_047 005,97.3,0.4,0.66
7_099 001,97.3,0.4,0.66
7_049 001,97.3,0.4,0.66
7_188 001,97.3,0.4,0.65
7_188 003,97.3,0.4,0.65
7_062 001,97.04,0.4,0.66
7_134 002,97.04,0.41,0.65
7_134 004,97.04,0.4,0.65
7_170 001,97.04,0.39,0.66
7_209 001,97.04,0.4,0.66
7_099 002,97.04,0.4,0.65
7_099 003,97.04,0.41,0.67
7_128 001,97.04,0.4,0.65
7_062 002,96.77,0.4,0.66
7_018 001,96.77,0.4,0.65
7_208 001,96.77,0.4,0.65
7_049 002,96.77,0.4,0.67
7_024 001,96.5,0.4,0.67
7_112 001,96.5,0.4,0.66
7_049 004,96.5,0.4,0.66
7_162 001,96.5,0.4,0.66
7_261 002,96.23,0.4,0.66
7_261 001,96.23,0.4,0.67
7_188 002,96.23,0.4,0.66
7_099 004,95.96,0.41,0.66
7_035 001,95.69,0.4,0.67
7_049 003,95.69,0.4,0.66
7_162 002,95.69,0.4,0.66
7_208 002,95.15,0.4,0.66
7_000 004,95.15,0.5,0.45
7_000 005,95.15,0.48,0.45
7_192 001,95.15,0.4,0.67
7_002 005,95.15,0.49,0.48
7_079 001,95.15,0.48,0.49
7_188 004,95.15,0.4,0.65
7_044 002,94.88,0.48,0.47
7_028 001,94.88,0.4,0.66
7_000 001,94.88,0.49,0.46
7_000 003,94.88,0.48,0.46
7_192 002,94.88,0.4,0.64
7_002 004,94.88,0.5,0.48
7_170 002,94.61,0.4,0.66
7_044 001,94.61,0.48,0.47
7_000 002,94.61,0.49,0.46
7_261 003,94.61,0.4,0.66
7_128 002,94.61,0.4,0.65
7_002 003,94.61,0.48,0.47
7_079 002,94.61,0.48,0.49
7_035 002,94.34,0.39,0.65
7_044 005,94.34,0.48,0.47
7_261 004,94.34,0.4,0.66
7_002 002,94.34,0.47,0.47
7_079 003,94.34,0.47,0.5
7_020 001,94.07,0.49,0.47
7_030 001,94.07,0.5,0.49
7_044 003,94.07,0.48,0.47
7_170 003,93.8,0.47,0.47
7_020 002,93.8,0.49,0.47
7_267 001,93.8,0.47,0.45
7_070 001,93.8,0.49,0.49
7_030 004,93.8,0.49,0.48
7_065 001,93.8,0.44,0.51
7_162 003,93.8,0.4,0.65
7_002 001,93.8,0.5,0.48
7_079 005,93.8,0.46,0.49
7_020 005,93.53,0.49,0.47
7_020 003,93.53,0.49,0.48
7_044 004,93.53,0.5,0.46
7_083 003,93.53,0.47,0.46
7_020 004,93.26,0.49,0.44
7_030 003,93.26,0.49,0.48
7_030 002,93.26,0.48,0.49
7_065 002,93.26,0.48,0.48
7_267 002,92.99,0.44,0.49
7_209 002,92.99,0.4,0.65
7_261 005,92.99,0.4,0.66
7_079 004,92.99,0.47,0.43
7_062 003,92.72,0.46,0.48
7_134 005,92.72,0.41,0.65
7_034 001,92.72,0.41,0.54
7_037 001,92.72,0.4,0.66
7_128 003,92.72,0.48,0.46
7_016 001,92.45,0.4,0.58
7_138 002,92.45,0.44,0.51
7_111 001,91.64,0.4,0.67
7_022 001,91.64,0.4,0.68
7_128 004,91.64,0.47,0.46
7_138 001,91.37,0.42,0.53
7_032 001,91.37,0.47,0.47
7_022 002,91.11,0.39,0.66
7_032 004,90.57,0.44,0.5
7_004 001,90.3,0.42,0.5
7_086 001,90.03,0.4,0.66
7_032 003,90.03,0.49,0.48
7_070 002,89.76,0.47,0.45
7_193 001,89.76,0.39,0.66
7_035 003,89.49,0.39,0.64
7_209 003,89.49,0.4,0.66
7_128 005,89.49,0.44,0.51
7_162 004,89.49,0.44,0.5
7_028 002,89.22,0.41,0.67
7_208 003,88.95,0.4,0.65
7_037 002,88.95,0.46,0.46
7_259 001,88.14,0.47,0.47
7_209 004,88.14,0.4,0.67
7_192 003,88.14,0.39,0.65
7_031 001,87.87,0.4,0.54
7_267 003,87.87,0.4,0.57
7_038 001,87.87,0.4,0.6
7_107 001,87.87,0.4,0.66
7_061 001,87.6,0.42,0.36
7_138 003,87.6,0.46,0.49
7_032 002,87.6,0.4,0.66
7_259 002,87.33,0.4,0.57
7_050 001,87.33,0.4,0.65
7_062 004,87.06,0.44,0.48
7_004 002,87.06,0.42,0.53
7_012 001,87.06,0.4,0.58
7_065 003,86.79,0.4,0.66
7_194 001,86.79,0.4,0.64
7_282 001,86.52,0.43,0.5
7_138 004,86.52,0.4,0.58
7_208 004,86.25,0.41,0.56
7_028 003,85.98,0.44,0.5
7_112 003,85.44,0.4,0.57
7_065 004,85.44,0.4,0.58
7_155 001,85.44,0.47,0.47
7_070 004,85.18,0.4,0.58
7_072 001,85.18,0.47,0.42
7_061 002,84.91,0.45,0.36
7_193 002,84.91,0.42,0.51
7_112 002,84.91,0.45,0.44
7_267 004,84.64,0.47,0.49
7_004 003,84.64,0.39,0.55
7_030 005,84.64,0.4,0.58
7_123 001,84.64,0.42,0.46
7_048 002,83.83,0.41,0.55
7_070 003,83.56,0.47,0.43
7_111 002,83.56,0.41,0.49
7_199 001,83.29,0.4,0.64
7_170 004,83.29,0.43,0.49
7_259 003,82.21,0.4,0.57
7_268 001,82.21,0.48,0.47
7_004 004,81.94,0.4,0.63
7_061 003,81.67,0.42,0.36
7_031 002,81.67,0.5,0.48
7_072 002,81.67,0.43,0.43
7_140 001,81.4,0.47,0.46
7_048 001,80.86,0.4,0.57
7_100 002,80.59,0.41,0.51
7_037 004,80.59,0.45,0.46
7_083 004,80.59,0.4,0.56
7_279 001,80.32,0.4,0.56
7_259 004,80.05,0.4,0.6
7_038 002,80.05,0.43,0.46
7_016 002,80.05,0.4,0.59
7_203 001,79.78,0.43,0.45
7_111 003,79.78,0.41,0.52
7_100 001,79.78,0.4,0.57
7_145 002,79.78,0.43,0.49
7_282 002,79.51,0.37,0.56
7_037 003,79.51,0.4,0.6
7_221 001,79.51,0.41,0.62
7_268 002,79.25,0.4,0.55
7_024 002,78.71,0.42,0.42
7_112 004,78.44,0.5,0.49
7_104 001,78.44,0.39,0.63
7_139 001,78.17,0.4,0.6
7_208 005,78.17,0.4,0.55
7_022 003,77.9,0.4,0.65
7_194 002,77.9,0.41,0.65
7_072 003,77.36,0.45,0.41
7_198 001,77.09,0.41,0.59
7_070 005,77.09,0.44,0.51
7_191 001,77.09,0.39,0.56
7_188 005,76.82,0.4,0.64
7_151 001,76.55,0.4,0.65
7_111 004,76.28,0.4,0.59
7_121 002,76.01,0.41,0.52
7_209 005,75.74,0.41,0.57
7_279 002,75.2,0.4,0.64
7_170 005,74.12,0.4,0.53
7_083 005,73.58,0.39,0.64
7_135 001,73.05,0.34,0.33
7_100 003,72.51,0.43,0.45
7_049 005,72.51,0.4,0.66
7_072 005,72.24,0.43,0.43
7_155 002,72.24,0.43,0.5
7_110 001,71.7,0.4,0.66
7_213 001,71.43,0.4,0.39
7_267 005,70.89,0.44,0.45
7_145 003,70.89,0.4,0.65
7_004 005,70.62,0.4,0.59
7_110 002,70.35,0.39,0.61
7_139 002,67.92,0.4,0.56
7_072 004,67.92,0.39,0.41
7_139 003,67.65,0.39,0.57
7_121 001,67.65,0.38,0.53
7_274 001,67.39,0.38,0.55
7_145 001,66.31,0.4,0.67
7_276 001,66.04,0.32,0.37
7_034 002,64.96,0.46,0.43
7_145 004,64.69,0.4,0.66
7_192 004,64.42,0.45,0.46
7_155 003,63.61,0.43,0.41
7_100 004,62.8,0.43,0.44
7_012 002,61.73,0.39,0.39
7_073 001,61.46,0.4,0.64
7_022 004,60.92,0.39,0.62
7_282 003,59.84,0.28,0.57
7_155 004,59.03,0.39,0.44
7_227 001,58.22,0.42,0.38
7_067 001,58.22,0.41,0.64
7_034 003,57.95,0.43,0.41
7_186 001,57.68,0.38,0.52
7_061 004,57.41,0.43,0.39
7_028 004,57.41,0.43,0.43
7_065 005,56.87,0.38,0.52
7_192 005,55.53,0.39,0.61
7_198 002,54.99,0.37,0.55
7_191 003,54.99,0.44,0.44
7_035 004,53.91,0.39,0.59
7_203 002,53.64,0.43,0.49
7_137 001,52.56,0.37,0.38
7_191 002,52.02,0.39,0.39
7_179 001,52.02,0.43,0.39
7_137 002,51.75,0.36,0.34
7_034 004,51.21,0.46,0.44
7_012 003,49.87,0.46,0.45
7_193 003,49.6,0.38,0.57
7_274 003,49.06,0.26,0.37
7_276 002,48.52,0.31,0.38
7_282 004,47.98,0.27,0.49
7_274 002,47.44,0.38,0.38
7_150 001,47.17,0.36,0.41
7_186 002,46.9,0.37,0.49
7_259 005,46.36,0.42,0.38
7_048 003,46.36,0.4,0.56
7_203 003,46.09,0.41,0.62
7_055 001,46.09,0.33,0.59
7_123 002,45.55,0.4,0.38
7_101 001,44.74,0.43,0.43
7_193 004,44.47,0.35,0.52
7_191 004,44.47,0.39,0.37
7_024 003,44.2,0.42,0.49
7_179 002,44.2,0.41,0.38
7_227 002,43.13,0.39,0.37
7_221 002,43.13,0.4,0.59
7_016 003,42.05,0.45,0.48
7_227 003,40.16,0.39,0.36
7_199 002,39.89,0.35,0.3
7_250 001,39.89,0.38,0.33
7_135 002,39.62,0.34,0.32
7_038 003,39.62,0.37,0.52
7_038 004,39.62,0.38,0.62
7_058 001,39.35,0.42,0.42
7_159 001,39.35,0.33,0.47
7_032 005,38.54,0.42,0.38
7_276 003,37.47,0.41,0.41
7_101 002,37.2,0.42,0.42
7_110 003,37.2,0.42,0.39
7_015 001,36.93,0.29,0.28
7_099 005,36.66,0.39,0.64
7_179 003,36.12,0.42,0.41
7_189 001,35.85,0.37,0.39
7_137 003,35.58,0.39,0.38
7_139 004,35.31,0.45,0.51
7_073 002,34.77,0.4,0.62
7_123 003,34.77,0.33,0.34
7_187 001,34.5,0.35,0.34
7_199 003,34.23,0.29,0.35
7_058 002,33.15,0.42,0.45
7_276 004,33.15,0.33,0.25
7_269 001,33.15,0.33,0.47
7_276 005,32.88,0.34,0.35
7_187 002,32.61,0.33,0.31
7_274 004,32.61,0.31,0.29
7_207 001,32.35,0.29,0.21
7_138 005,32.35,0.37,0.36
7_018 002,31.81,0.39,0.4
7_014 001,31.27,0.39,0.61
7_203 004,31.27,0.32,0.51
7_107 002,30.19,0.38,0.6
7_015 002,29.38,0.25,0.24
7_220 001,28.84,0.25,0.27
7_162 005,28.84,0.39,0.63
7_123 004,28.57,0.3,0.31
7_187 003,28.3,0.36,0.35
7_221 003,27.76,0.39,0.62
7_062 005,27.49,0.35,0.45
7_022 005,27.49,0.38,0.59
7_268 003,27.22,0.28,0.26
7_024 004,26.95,0.43,0.4
7_203 005,26.95,0.4,0.36
7_282 005,26.68,0.31,0.38
7_220 003,26.42,0.26,0.25
7_016 004,26.42,0.4,0.41
7_275 001,26.15,0.21,0.19
7_111 005,25.88,0.34,0.39
7_207 002,25.61,0.24,0.26
7_227 004,25.34,0.32,0.27
7_106 001,25.34,0.35,0.45
7_199 004,25.07,0.28,0.24
7_006 001,25.07,0.31,0.31
7_220 002,24.8,0.24,0.26
7_031 004,24.53,0.21,0.2
7_021 001,23.99,0.29,0.2
7_005 001,23.45,0.22,0.29
7_018 004,23.45,0.25,0.27
7_147 001,22.91,0.26,0.18
7_005 002,22.91,0.22,0.2
7_018 003,22.91,0.38,0.43
7_281 001,22.91,0.3,0.35
7_016 005,22.64,0.34,0.27
7_147 003,22.37,0.18,0.23
7_015 003,22.37,0.33,0.32
7_067 003,22.37,0.24,0.2
7_191 005,22.37,0.38,0.39
7_263 001,22.1,0.34,0.45
7_086 003,22.1,0.19,0.25
7_227 005,21.56,0.21,0.19
7_279 003,21.56,0.23,0.18
7_028 005,21.29,0.4,0.34
7_060 001,20.75,0.21,0.23
7_275 002,20.75,0.33,0.3
7_031 003,20.75,0.36,0.48
7_043 004,20.22,0.25,0.22
7_038 005,20.22,0.27,0.24
7_164 001,20.22,0.39,0.63
7_216 002,20.22,0.26,0.28
7_018 005,19.95,0.17,0.17
7_053 001,19.95,0.29,0.28
7_135 003,19.68,0.31,0.27
7_074 002,19.68,0.38,0.34
7_155 005,19.68,0.22,0.25
7_023 001,19.41,0.19,0.21
7_112 005,19.41,0.19,0.2
7_086 002,19.41,0.19,0.2
7_026 001,18.87,0.22,0.21
7_110 004,18.87,0.36,0.35
7_121 004,18.6,0.26,0.25
7_023 003,18.6,0.2,0.24
7_025 001,18.33,0.37,0.32
7_216 001,18.33,0.2,0.29
7_198 004,17.79,0.26,0.24
7_105 001,17.79,0.23,0.2
7_172 001,17.79,0.28,0.5
7_050 002,17.79,0.33,0.38
7_151 002,17.52,0.22,0.2
7_003 001,17.52,0.32,0.46
7_034 005,17.25,0.36,0.35
7_067 002,17.25,0.39,0.62
7_274 005,17.25,0.3,0.27
7_220 004,16.98,0.26,0.26
7_023 002,16.98,0.2,0.21
7_139 005,16.71,0.22,0.22
7_021 003,16.71,0.17,0.2
7_046 001,16.44,0.29,0.36
7_184 001,16.44,0.2,0.21
7_198 003,16.17,0.25,0.21
7_275 003,16.17,0.25,0.28
7_152 001,15.9,0.24,0.26
7_121 003,15.9,0.34,0.34
7_186 003,15.36,0.34,0.45
7_221 005,15.36,0.4,0.6
7_093 002,15.09,0.17,0.2
7_005 004,14.82,0.19,0.2
7_060 002,14.56,0.16,0.18
7_135 004,14.56,0.26,0.28
7_043 001,14.56,0.36,0.55
7_226 001,14.56,0.22,0.23
7_110 005,14.56,0.38,0.39
7_221 004,14.56,0.38,0.58
7_061 005,14.29,0.38,0.29
7_147 002,14.29,0.2,0.24
7_074 001,14.29,0.44,0.43
7_241 003,14.29,0.21,0.23
7_181 001,14.29,0.23,0.26
7_005 003,14.02,0.18,0.22
7_150 003,14.02,0.22,0.2
7_240 002,14.02,0.27,0.41
7_241 001,14.02,0.23,0.26
7_151 003,13.75,0.2,0.2
7_006 002,13.48,0.27,0.24
7_174 001,13.48,0.2,0.22
7_037 005,13.48,0.35,0.37
7_273 001,13.21,0.21,0.22
7_035 005,13.21,0.33,0.4
7_043 002,13.21,0.18,0.21
7_098 001,13.21,0.17,0.25
7_140 002,13.21,0.27,0.26
7_226 002,13.21,0.22,0.25
7_040 001,13.21,0.24,0.35
7_219 001,12.94,0.22,0.21
7_068 003,12.94,0.25,0.34
7_172 003,12.94,0.33,0.25
7_074 003,12.94,0.35,0.37
7_068 001,12.67,0.35,0.51
7_074 004,12.67,0.44,0.39
7_103 001,12.67,0.25,0.19
7_241 005,12.67,0.24,0.21
7_102 001,12.67,0.4,0.62
7_226 003,12.4,0.21,0.25
7_106 002,12.4,0.34,0.33
7_229 001,12.4,0.22,0.25
7_132 001,12.4,0.37,0.52
7_216 003,12.4,0.25,0.23
7_107 003,12.4,0.27,0.38
7_135 005,12.13,0.23,0.29
7_078 001,12.13,0.19,0.22
7_207 004,12.13,0.25,0.31
7_244 001,12.13,0.21,0.21
7_078 002,11.86,0.21,0.24
7_279 004,11.86,0.29,0.29
7_055 002,11.86,0.33,0.56
7_240 001,11.86,0.26,0.24
7_094 001,11.86,0.22,0.23
7_056 001,11.59,0.22,0.23
7_003 003,11.59,0.19,0.21
7_148 001,11.59,0.25,0.47
7_131 001,11.32,0.21,0.2
7_073 003,11.32,0.18,0.23
7_207 003,11.32,0.22,0.25
7_168 001,11.32,0.22,0.24
7_060 003,11.05,0.2,0.22
7_199 005,11.05,0.2,0.2
7_021 002,11.05,0.22,0.25
7_121 005,11.05,0.27,0.25
7_265 001,11.05,0.37,0.31
7_098 004,11.05,0.23,0.28
7_023 005,11.05,0.2,0.23
7_216 005,11.05,0.32,0.3
7_273 002,10.78,0.21,0.25
7_226 004,10.78,0.23,0.24
7_008 002,10.78,0.21,0.21
7_172 002,10.78,0.36,0.36
7_263 002,10.78,0.29,0.32
7_090 001,10.78,0.34,0.29
7_050 003,10.78,0.34,0.5
7_081 001,10.78,0.24,0.24
7_025 002,10.51,0.31,0.34
7_140 003,10.51,0.3,0.38
7_241 004,10.51,0.25,0.27
7_137 004,10.51,0.25,0.26
7_241 002,10.24,0.25,0.26
7_272 001,10.24,0.39,0.61
7_198 005,9.97,0.16,0.27
7_024 005,9.97,0.21,0.23
7_076 001,9.97,0.32,0.35
7_011 001,9.97,0.17,0.22
7_057 001,9.97,0.24,0.27
7_082 002,9.97,0.2,0.23
7_140 004,9.97,0.35,0.32
7_015 004,9.97,0.23,0.22
7_053 004,9.97,0.23,0.3
7_234 001,9.97,0.27,0.29
7_212 001,9.97,0.32,0.34
7_077 001,9.97,0.23,0.28
7_179 004,9.97,0.24,0.26
7_260 001,9.7,0.23,0.25
7_012 005,9.7,0.25,0.29
7_181 002,9.7,0.2,0.22
7_068 004,9.43,0.29,0.31
7_078 003,9.43,0.18,0.21
7_278 001,9.43,0.26,0.25
7_164 002,9.43,0.35,0.51
7_226 005,9.43,0.2,0.22
7_281 005,9.43,0.21,0.24
7_168 002,9.43,0.26,0.25
7_181 004,9.43,0.23,0.29
7_116 001,9.16,0.25,0.24
7_006 003,9.16,0.24,0.24
7_268 004,9.16,0.22,0.23
7_164 005,9.16,0.35,0.58
7_054 001,9.16,0.3,0.39
7_174 004,9.16,0.21,0.23
7_053 003,9.16,0.34,0.32
7_053 002,9.16,0.28,0.25
7_003 002,9.16,0.22,0.21
7_269 002,9.16,0.24,0.24
7_216 004,9.16,0.22,0.22
7_011 002,8.89,0.15,0.21
7_157 001,8.89,0.21,0.21
7_157 003,8.89,0.25,0.27
7_008 004,8.89,0.2,0.22
7_008 003,8.89,0.23,0.23
7_172 004,8.89,0.27,0.27
7_074 005,8.89,0.33,0.36
7_102 002,8.89,0.32,0.49
7_273 003,8.63,0.22,0.23
7_113 002,8.63,0.24,0.33
7_157 005,8.63,0.21,0.23
7_207 005,8.63,0.22,0.2
7_106 004,8.63,0.33,0.32
7_012 004,8.63,0.23,0.22
7_181 005,8.63,0.17,0.21
7_107 005,8.63,0.24,0.42
7_094 002,8.63,0.24,0.24
7_164 003,8.36,0.34,0.5
7_157 002,8.36,0.23,0.26
7_159 002,8.36,0.27,0.2
7_254 001,8.36,0.24,0.24
7_269 003,8.36,0.21,0.23
7_094 003,8.36,0.21,0.24
7_060 004,8.09,0.2,0.24
7_078 005,8.09,0.17,0.21
7_132 002,8.09,0.29,0.42
7_063 001,7.82,0.32,0.48
7_056 002,7.82,0.18,0.2
7_041 003,7.82,0.25,0.19
7_098 003,7.82,0.24,0.31
7_082 001,7.82,0.26,0.28
7_174 002,7.82,0.24,0.26
7_172 005,7.82,0.32,0.34
7_281 004,7.82,0.22,0.21
7_137 005,7.55,0.26,0.18
7_007 005,7.55,0.22,0.22
7_130 001,7.28,0.19,0.23
7_021 005,7.28,0.24,0.27
7_098 002,7.28,0.23,0.28
7_023 004,7.28,0.22,0.24
7_040 002,7.28,0.21,0.19
7_108 001,7.28,0.2,0.28
7_107 004,7.28,0.22,0.25
7_215 003,7.01,0.24,0.31
7_215 001,7.01,0.25,0.33
7_104 002,7.01,0.27,0.52
7_213 003,7.01,0.22,0.33
7_055 003,7.01,0.23,0.29
7_177 001,6.74,0.2,0.2
7_113 005,6.74,0.22,0.24
7_262 002,6.74,0.31,0.25
7_058 005,6.74,0.2,0.22
7_175 001,6.74,0.25,0.37
7_054 002,6.74,0.27,0.29
7_149 001,6.74,0.2,0.21
7_240 004,6.74,0.27,0.42
7_108 002,6.74,0.2,0.22
7_007 002,6.74,0.22,0.24
7_168 003,6.74,0.21,0.23
7_181 003,6.74,0.17,0.28
7_116 004,6.47,0.2,0.22
7_176 001,6.47,0.26,0.25
7_007 004,6.47,0.21,0.25
7_113 001,6.2,0.26,0.29
7_058 003,6.2,0.31,0.26
7_101 003,6.2,0.22,0.16
7_151 004,5.93,0.28,0.26
7_127 001,5.93,0.19,0.2
7_280 001,5.66,0.22,0.25
7_140 005,5.66,0.27,0.31
7_166 001,5.66,0.19,0.22
7_244 002,5.66,0.16,0.18
7_149 003,5.66,0.21,0.24
7_240 003,5.66,0.19,0.23
7_108 003,5.66,0.22,0.25
7_041 002,5.39,0.27,0.3
7_202 002,5.39,0.2,0.21
7_206 001,5.39,0.27,0.3
7_096 001,5.39,0.19,0.3
7_082 003,5.39,0.26,0.28
7_218 001,5.39,0.25,0.28
7_102 004,5.39,0.21,0.23
7_215 002,5.12,0.25,0.29
7_116 003,5.12,0.25,0.26
7_151 005,5.12,0.17,0.16
7_248 001,5.12,0.2,0.25
7_082 005,5.12,0.23,0.2
7_157 004,5.12,0.2,0.22
7_119 001,5.12,0.28,0.2
7_150 002,5.12,0.31,0.5
7_223 002,4.85,0.21,0.27
7_131 002,4.85,0.23,0.22
7_265 002,4.85,0.26,0.25
7_078 004,4.85,0.18,0.23
7_106 003,4.85,0.26,0.35
7_218 003,4.85,0.25,0.28
7_149 002,4.85,0.22,0.25
7_058 004,4.58,0.27,0.2
7_166 002,4.58,0.22,0.25
7_008 001,4.58,0.2,0.22
7_109 001,4.58,0.21,0.24
7_007 003,4.58,0.21,0.22
7_077 002,4.58,0.21,0.29
7_116 002,4.31,0.25,0.25
7_219 003,4.31,0.23,0.25
7_076 002,4.31,0.3,0.33
7_093 001,4.31,0.36,0.34
7_262 004,4.31,0.24,0.18
7_048 004,4.31,0.21,0.18
7_068 002,4.31,0.32,0.46
7_026 004,4.31,0.23,0.25
7_026 002,4.31,0.23,0.24
7_105 003,4.31,0.2,0.22
7_246 001,4.31,0.21,0.23
7_266 001,4.31,0.24,0.28
7_076 003,4.04,0.33,0.3
7_088 001,4.04,0.19,0.24
7_098 005,4.04,0.21,0.28
7_253 001,4.04,0.18,0.2
7_189 002,4.04,0.22,0.24
7_064 003,4.04,0.19,0.21
7_194 003,4.04,0.32,0.2
7_033 001,4.04,0.23,0.18
7_010 002,4.04,0.19,0.19
7_147 004,3.77,0.22,0.22
7_262 003,3.77,0.23,0.24
7_187 005,3.77,0.33,0.32
7_166 003,3.77,0.2,0.24
7_166 005,3.77,0.22,0.22
7_174 005,3.77,0.24,0.25
7_165 001,3.77,0.18,0.18
7_108 005,3.77,0.26,0.24
7_007 001,3.77,0.22,0.22
7_178 001,3.77,0.19,0.23
7_219 005,3.5,0.21,0.21
7_113 003,3.5,0.25,0.22
7_069 004,3.5,0.24,0.23
7_142 001,3.5,0.19,0.26
7_064 002,3.5,0.25,0.26
7_103 002,3.5,0.33,0.37
7_081 002,3.5,0.23,0.23
7_183 001,3.5,0.22,0.2
7_021 004,3.23,0.25,0.26
7_015 005,3.23,0.22,0.26
7_046 003,3.23,0.24,0.24
7_174 003,3.23,0.18,0.21
7_213 004,3.23,0.19,0.28
7_084 001,3.23,0.21,0.24
7_179 005,3.23,0.27,0.27
7_201 001,2.96,0.19,0.23
7_014 002,2.96,0.29,0.33
7_041 001,2.96,0.29,0.34
7_265 004,2.96,0.18,0.23
7_088 003,2.96,0.18,0.19
7_164 004,2.96,0.23,0.25
7_190 003,2.96,0.22,0.24
7_263 003,2.96,0.18,0.2
7_269 005,2.96,0.24,0.27
7_014 003,2.7,0.2,0.2
7_250 003,2.7,0.19,0.18
7_275 004,2.7,0.2,0.24
7_232 003,2.7,0.21,0.25
7_011 004,2.7,0.28,0.23
7_011 003,2.7,0.29,0.28
7_068 005,2.7,0.18,0.18
7_268 005,2.7,0.19,0.18
7_054 004,2.7,0.2,0.19
7_150 004,2.7,0.31,0.34
7_218 004,2.7,0.21,0.27
7_281 002,2.7,0.29,0.36
7_090 004,2.7,0.21,0.24
7_158 001,2.7,0.21,0.21
7_211 004,2.7,0.19,0.2
7_060 005,2.43,0.2,0.21
7_076 004,2.43,0.21,0.24
7_076 005,2.43,0.27,0.26
7_154 003,2.43,0.24,0.39
7_088 002,2.43,0.19,0.22
7_180 001,2.43,0.2,0.22
7_253 002,2.43,0.22,0.25
7_278 004,2.43,0.25,0.2
7_100 005,2.43,0.26,0.24
7_244 003,2.43,0.2,0.2
7_105 002,2.43,0.27,0.31
7_218 002,2.43,0.24,0.27
7_213 002,2.43,0.24,0.2
7_269 004,2.43,0.23,0.23
7_264 003,2.43,0.18,0.19
7_114 001,2.43,0.23,0.26
7_009 001,2.43,0.2,0.25
7_010 001,2.43,0.2,0.19
7_102 003,2.43,0.36,0.55
7_158 002,2.43,0.22,0.19
7_273 004,2.16,0.23,0.25
7_113 004,2.16,0.21,0.23
7_043 003,2.16,0.2,0.24
7_262 001,2.16,0.22,0.17
7_152 002,2.16,0.29,0.44
7_069 003,2.16,0.2,0.24
7_069 002,2.16,0.2,0.23
7_249 001,2.16,0.21,0.22
7_005 005,2.16,0.28,0.34
7_019 001,2.16,0.21,0.24
7_213 005,2.16,0.22,0.24
7_090 002,2.16,0.2,0.22
7_266 003,2.16,0.2,0.21
7_234 003,2.16,0.24,0.31
7_033 002,2.16,0.2,0.21
7_108 004,2.16,0.31,0.27
7_116 005,1.89,0.24,0.28
7_223 003,1.89,0.22,0.26
7_131 003,1.89,0.23,0.22
7_048 005,1.89,0.21,0.26
7_069 001,1.89,0.22,0.22
7_214 001,1.89,0.27,0.3
7_127 003,1.89,0.2,0.2
7_064 001,1.89,0.25,0.32
7_104 004,1.89,0.29,0.33
7_264 002,1.89,0.24,0.24
7_055 004,1.89,0.27,0.31
7_109 002,1.89,0.2,0.22
7_109 004,1.89,0.28,0.18
7_234 004,1.89,0.23,0.25
7_229 002,1.89,0.17,0.21
7_102 005,1.89,0.18,0.18
7_183 003,1.89,0.2,0.21
7_039 002,1.62,0.17,0.28
7_223 001,1.62,0.26,0.24
7_202 005,1.62,0.21,0.21
7_169 002,1.62,0.23,0.16
7_154 001,1.62,0.25,0.25
7_258 001,1.62,0.27,0.29
7_026 005,1.62,0.18,0.23
7_026 003,1.62,0.22,0.23
7_255 003,1.62,0.26,0.28
7_233 001,1.62,0.22,0.24
7_235 001,1.62,0.27,0.29
7_212 002,1.62,0.2,0.17
7_158 004,1.62,0.21,0.2
7_211 001,1.62,0.23,0.25
7_094 004,1.62,0.24,0.24
7_177 003,1.35,0.18,0.25
7_280 003,1.35,0.24,0.3
7_278 002,1.35,0.31,0.25
7_101 004,1.35,0.22,0.27
7_193 005,1.35,0.23,0.27
7_123 005,1.35,0.16,0.18
7_127 005,1.35,0.22,0.21
7_066 001,1.35,0.2,0.25
7_165 002,1.35,0.22,0.2
7_104 003,1.35,0.35,0.53
7_234 002,1.35,0.26,0.26
7_176 002,1.08,0.25,0.24
7_219 004,1.08,0.21,0.24
7_097 003,1.08,0.2,0.24
7_052 004,1.08,0.2,0.21
7_057 004,1.08,0.27,0.28
7_190 001,1.08,0.16,0.26
7_186 004,1.08,0.31,0.38
7_281 003,1.08,0.28,0.37
7_081 003,1.08,0.21,0.25
7_036 001,1.08,0.19,0.21
7_071 005,1.08,0.17,0.2
7_273 005,0.81,0.19,0.21
7_163 001,0.81,0.25,0.36
7_169 001,0.81,0.19,0.2
7_006 004,0.81,0.18,0.23
7_025 003,0.81,0.26,0.2
7_088 005,0.81,0.21,0.23
7_117 001,0.81,0.26,0.22
7_258 002,0.81,0.22,0.26
7_278 003,0.81,0.18,0.22
7_206 002,0.81,0.22,0.26
7_106 005,0.81,0.25,0.2
7_075 004,0.81,0.22,0.25
7_027 002,0.81,0.26,0.27
7_027 001,0.81,0.36,0.48
7_270 001,0.81,0.18,0.3
7_054 003,0.81,0.22,0.36
7_190 002,0.81,0.19,0.19
7_173 002,0.81,0.24,0.31
7_239 002,0.81,0.18,0.23
7_127 002,0.81,0.26,0.2
7_186 005,0.81,0.28,0.29
7_271 002,0.81,0.24,0.26
7_090 003,0.81,0.18,0.18
7_136 002,0.81,0.19,0.28
7_009 005,0.81,0.23,0.23
7_010 003,0.81,0.2,0.2
7_145 005,0.81,0.35,0.37
7_071 002,0.81,0.18,0.26
7_092 002,0.54,0.21,0.2
7_039 003,0.54,0.21,0.19
7_041 004,0.54,0.22,0.25
7_130 002,0.54,0.25,0.23
7_232 002,0.54,0.23,0.21
7_232 001,0.54,0.25,0.28
7_169 004,0.54,0.19,0.21
7_025 005,0.54,0.26,0.3
7_265 003,0.54,0.26,0.26
7_129 001,0.54,0.21,0.23
7_180 002,0.54,0.2,0.18
7_057 002,0.54,0.21,0.25
7_075 003,0.54,0.2,0.23
7_075 002,0.54,0.21,0.22
7_027 003,0.54,0.35,0.43
7_270 002,0.54,0.25,0.3
7_040 004,0.54,0.18,0.23
7_230 003,0.54,0.23,0.23
7_019 002,0.54,0.23,0.25
7_066 002,0.54,0.16,0.19
7_271 003,0.54,0.22,0.25
7_271 004,0.54,0.27,0.25
7_271 001,0.54,0.16,0.18
7_235 003,0.54,0.23,0.26
7_149 005,0.54,0.19,0.21
7_109 003,0.54,0.21,0.18
7_229 004,0.54,0.2,0.2
7_148 002,0.54,0.36,0.44
7_071 001,0.54,0.24,0.31
7_171 002,0.27,0.18,0.18
7_039 004,0.27,0.2,0.24
7_223 004,0.27,0.21,0.24
7_219 002,0.27,0.23,0.24
7_041 005,0.27,0.17,0.22
7_210 003,0.27,0.2,0.19
7_144 001,0.27,0.22,0.24
7_095 001,0.27,0.19,0.18
7_017 001,0.27,0.19,0.19
7_260 004,0.27,0.22,0.24
7_248 002,0.27,0.19,0.21
7_248 003,0.27,0.19,0.21
7_182 003,0.27,0.21,0.2
7_182 002,0.27,0.24,0.36
7_001 001,0.27,0.23,0.23
7_189 004,0.27,0.19,0.2
7_085 003,0.27,0.25,0.23
7_206 003,0.27,0.3,0.31
7_220 005,0.27,0.31,0.27
7_082 004,0.27,0.27,0.28
7_255 001,0.27,0.2,0.22
7_255 004,0.27,0.21,0.18
7_166 004,0.27,0.24,0.22
7_222 001,0.27,0.19,0.25
7_239 001,0.27,0.21,0.2
7_239 005,0.27,0.21,0.19
7_246 002,0.27,0.23,0.2
7_218 005,0.27,0.24,0.26
7_153 002,0.27,0.24,0.27
7_251 001,0.27,0.23,0.26
7_087 002,0.27,0.21,0.21
7_212 003,0.27,0.2,0.19
7_009 002,0.27,0.21,0.26
7_009 004,0.27,0.25,0.3
7_156 002,0.27,0.3,0.29
7_156 004,0.27,0.2,0.22
7_045 001,0.27,0.2,0.22
7_158 003,0.27,0.18,0.2
7_211 003,0.27,0.21,0.24
7_063 005,0.0,0.22,0.27
7_063 002,0.0,0.26,0.26
7_063 003,0.0,0.3,0.33
7_063 004,0.0,0.23,0.27
7_013 002,0.0,0.17,0.18
7_013 001,0.0,0.18,0.24
7_013 003,0.0,0.18,0.21
7_013 005,0.0,0.19,0.21
7_013 004,0.0,0.21,0.21
7_177 004,0.0,0.19,0.2
7_177 005,0.0,0.2,0.18
7_177 002,0.0,0.19,0.18
7_171 004,0.0,0.21,0.22
7_171 005,0.0,0.32,0.36
7_171 003,0.0,0.26,0.25
7_171 001,0.0,0.22,0.25
7_201 003,0.0,0.18,0.17
7_201 005,0.0,0.27,0.2
7_201 004,0.0,0.16,0.19
7_201 002,0.0,0.16,0.19
7_014 005,0.0,0.24,0.29
7_014 004,0.0,0.25,0.22
7_236 004,0.0,0.2,0.2
7_236 003,0.0,0.21,0.23
7_236 005,0.0,0.24,0.25
7_236 001,0.0,0.25,0.28
7_236 002,0.0,0.23,0.23
7_215 004,0.0,0.29,0.36
7_215 005,0.0,0.27,0.27
7_250 005,0.0,0.15,0.19
7_250 004,0.0,0.2,0.22
7_250 002,0.0,0.24,0.21
7_092 001,0.0,0.32,0.36
7_092 005,0.0,0.2,0.2
7_092 003,0.0,0.19,0.21
7_092 004,0.0,0.21,0.21
7_039 005,0.0,0.26,0.25
7_039 001,0.0,0.25,0.33
7_051 001,0.0,0.21,0.26
7_051 003,0.0,0.18,0.3
7_051 002,0.0,0.19,0.21
7_051 004,0.0,0.18,0.19
7_051 005,0.0,0.15,0.18
7_176 004,0.0,0.19,0.22
7_176 005,0.0,0.21,0.26
7_176 003,0.0,0.2,0.24
7_161 002,0.0,0.19,0.23
7_161 001,0.0,0.28,0.4
7_161 003,0.0,0.27,0.3
7_161 005,0.0,0.22,0.3
7_161 004,0.0,0.2,0.21
7_056 005,0.0,0.18,0.2
7_056 004,0.0,0.2,0.22
7_056 003,0.0,0.23,0.23
7_223 005,0.0,0.21,0.23
7_275 005,0.0,0.2,0.19
7_280 004,0.0,0.22,0.25
7_280 002,0.0,0.19,0.23
7_280 005,0.0,0.2,0.27
7_210 004,0.0,0.2,0.22
7_210 001,0.0,0.3,0.28
7_210 002,0.0,0.19,0.23
7_210 005,0.0,0.18,0.22
7_097 005,0.0,0.21,0.25
7_097 004,0.0,0.22,0.21
7_097 001,0.0,0.23,0.23
7_097 002,0.0,0.21,0.26
7_130 005,0.0,0.23,0.18
7_130 003,0.0,0.21,0.22
7_130 004,0.0,0.18,0.19
7_031 005,0.0,0.26,0.41
7_147 005,0.0,0.18,0.2
7_144 004,0.0,0.24,0.26
7_144 002,0.0,0.19,0.23
7_144 003,0.0,0.25,0.21
7_144 005,0.0,0.22,0.22
7_141 001,0.0,0.27,0.21
7_141 005,0.0,0.16,0.22
7_141 003,0.0,0.23,0.19
7_141 004,0.0,0.19,0.29
7_141 002,0.0,0.22,0.17
7_163 003,0.0,0.26,0.32
7_163 005,0.0,0.24,0.25
7_163 004,0.0,0.23,0.36
7_163 002,0.0,0.2,0.22
7_202 001,0.0,0.22,0.25
7_202 004,0.0,0.24,0.23
7_202 003,0.0,0.21,0.22
7_256 005,0.0,0.22,0.23
7_256 001,0.0,0.25,0.23
7_256 004,0.0,0.2,0.26
7_256 002,0.0,0.21,0.31
7_256 003,0.0,0.27,0.26
7_095 002,0.0,0.25,0.35
7_095 005,0.0,0.24,0.25
7_095 004,0.0,0.22,0.29
7_095 003,0.0,0.17,0.2
7_195 003,0.0,0.27,0.29
7_195 004,0.0,0.18,0.18
7_195 001,0.0,0.24,0.33
7_195 002,0.0,0.21,0.22
7_195 005,0.0,0.23,0.31
7_232 004,0.0,0.18,0.24
7_232 005,0.0,0.22,0.18
7_017 005,0.0,0.21,0.2
7_017 002,0.0,0.19,0.18
7_017 004,0.0,0.23,0.24
7_017 003,0.0,0.18,0.17
7_196 001,0.0,0.19,0.2
7_196 002,0.0,0.17,0.23
7_196 003,0.0,0.21,0.24
7_196 005,0.0,0.21,0.18
7_196 004,0.0,0.22,0.23
7_205 002,0.0,0.21,0.25
7_205 004,0.0,0.22,0.19
7_205 001,0.0,0.21,0.22
7_205 003,0.0,0.21,0.26
7_205 005,0.0,0.2,0.22
7_169 005,0.0,0.23,0.23
7_169 003,0.0,0.19,0.21
7_131 005,0.0,0.19,0.2
7_131 004,0.0,0.24,0.21
7_093 005,0.0,0.18,0.18
7_093 003,0.0,0.37,0.37
7_093 004,0.0,0.2,0.24
7_043 005,0.0,0.19,0.22
7_262 005,0.0,0.24,0.24
7_122 003,0.0,0.25,0.23
7_122 004,0.0,0.23,0.23
7_122 001,0.0,0.21,0.24
7_122 005,0.0,0.19,0.2
7_122 002,0.0,0.25,0.21
7_006 005,0.0,0.21,0.22
7_011 005,0.0,0.22,0.22
7_152 003,0.0,0.22,0.23
7_152 005,0.0,0.21,0.2
7_152 004,0.0,0.22,0.27
7_069 005,0.0,0.18,0.23
7_025 004,0.0,0.25,0.16
7_265 005,0.0,0.2,0.18
7_125 003,0.0,0.22,0.27
7_125 004,0.0,0.29,0.33
7_125 005,0.0,0.26,0.29
7_125 002,0.0,0.24,0.28
7_125 001,0.0,0.31,0.36
7_129 004,0.0,0.21,0.23
7_129 003,0.0,0.22,0.22
7_129 002,0.0,0.23,0.18
7_129 005,0.0,0.17,0.22
7_260 005,0.0,0.23,0.24
7_260 003,0.0,0.21,0.19
7_260 002,0.0,0.24,0.22
7_248 005,0.0,0.22,0.29
7_248 004,0.0,0.19,0.27
7_182 005,0.0,0.2,0.23
7_182 001,0.0,0.22,0.23
7_182 004,0.0,0.19,0.28
7_154 005,0.0,0.2,0.19
7_154 004,0.0,0.2,0.29
7_154 002,0.0,0.18,0.2
7_088 004,0.0,0.24,0.23
7_117 004,0.0,0.21,0.23
7_117 005,0.0,0.18,0.21
7_117 003,0.0,0.14,0.19
7_117 002,0.0,0.19,0.21
7_258 003,0.0,0.16,0.21
7_258 004,0.0,0.19,0.23
7_258 005,0.0,0.26,0.27
7_001 002,0.0,0.22,0.24
7_001 004,0.0,0.16,0.18
7_001 003,0.0,0.17,0.19
7_001 005,0.0,0.22,0.21
7_180 005,0.0,0.2,0.2
7_180 004,0.0,0.2,0.22
7_180 003,0.0,0.19,0.2
7_253 004,0.0,0.22,0.26
7_253 003,0.0,0.24,0.26
7_253 005,0.0,0.23,0.24
7_189 003,0.0,0.22,0.18
7_189 005,0.0,0.22,0.29
7_249 002,0.0,0.2,0.22
7_249 004,0.0,0.16,0.18
7_249 005,0.0,0.2,0.24
7_249 003,0.0,0.23,0.21
7_187 004,0.0,0.27,0.29
7_278 005,0.0,0.26,0.22
7_029 003,0.0,0.26,0.17
7_029 002,0.0,0.22,0.22
7_029 001,0.0,0.24,0.32
7_029 005,0.0,0.23,0.28
7_029 004,0.0,0.26,0.25
7_085 001,0.0,0.33,0.32
7_085 005,0.0,0.21,0.22
7_085 004,0.0,0.22,0.23
7_085 002,0.0,0.28,0.3
7_185 001,0.0,0.24,0.3
7_185 005,0.0,0.26,0.27
7_185 004,0.0,0.22,0.24
7_185 002,0.0,0.18,0.24
7_185 003,0.0,0.25,0.29
7_206 004,0.0,0.25,0.28
7_206 005,0.0,0.23,0.25
7_096 004,0.0,0.22,0.21
7_096 002,0.0,0.19,0.21
7_096 003,0.0,0.26,0.32
7_096 005,0.0,0.21,0.21
7_052 005,0.0,0.22,0.23
7_052 003,0.0,0.18,0.25
7_052 001,0.0,0.25,0.26
7_052 002,0.0,0.26,0.33
7_237 003,0.0,0.19,0.24
7_237 004,0.0,0.2,0.22
7_237 005,0.0,0.22,0.24
7_237 002,0.0,0.19,0.29
7_237 001,0.0,0.23,0.21
7_057 003,0.0,0.25,0.26
7_057 005,0.0,0.18,0.24
7_101 005,0.0,0.22,0.26
7_146 003,0.0,0.18,0.22
7_146 002,0.0,0.36,0.52
7_146 005,0.0,0.22,0.23
7_146 004,0.0,0.17,0.21
7_146 001,0.0,0.18,0.18
7_143 001,0.0,0.2,0.2
7_143 003,0.0,0.18,0.19
7_143 005,0.0,0.2,0.22
7_143 002,0.0,0.25,0.22
7_143 004,0.0,0.16,0.24
7_073 004,0.0,0.31,0.33
7_073 005,0.0,0.2,0.2
7_255 002,0.0,0.24,0.21
7_255 005,0.0,0.25,0.25
7_115 002,0.0,0.24,0.26
7_115 004,0.0,0.2,0.27
7_115 005,0.0,0.23,0.23
7_115 001,0.0,0.25,0.24
7_115 003,0.0,0.19,0.22
7_204 003,0.0,0.17,0.21
7_204 005,0.0,0.21,0.26
7_204 001,0.0,0.18,0.18
7_204 004,0.0,0.2,0.19
7_204 002,0.0,0.21,0.2
7_080 005,0.0,0.21,0.25
7_080 004,0.0,0.18,0.24
7_080 002,0.0,0.2,0.27
7_080 001,0.0,0.18,0.19
7_080 003,0.0,0.25,0.22
7_159 005,0.0,0.18,0.23
7_159 004,0.0,0.19,0.21
7_159 003,0.0,0.2,0.19
7_075 001,0.0,0.23,0.23
7_075 005,0.0,0.19,0.2
7_027 004,0.0,0.2,0.24
7_027 005,0.0,0.21,0.24
7_175 003,0.0,0.29,0.3
7_175 005,0.0,0.29,0.33
7_175 004,0.0,0.26,0.29
7_175 002,0.0,0.25,0.32
7_277 001,0.0,0.21,0.25
7_277 005,0.0,0.21,0.21
7_277 003,0.0,0.19,0.22
7_277 002,0.0,0.23,0.22
7_277 004,0.0,0.27,0.29
7_233 004,0.0,0.19,0.22
7_233 003,0.0,0.18,0.21
7_233 002,0.0,0.18,0.2
7_233 005,0.0,0.19,0.21
7_270 004,0.0,0.18,0.2
7_270 005,0.0,0.22,0.34
7_270 003,0.0,0.24,0.26
7_046 004,0.0,0.2,0.23
7_046 002,0.0,0.26,0.3
7_046 005,0.0,0.19,0.21
7_279 005,0.0,0.19,0.18
7_054 005,0.0,0.2,0.19
7_222 003,0.0,0.15,0.22
7_222 005,0.0,0.29,0.25
7_222 002,0.0,0.23,0.19
7_222 004,0.0,0.33,0.27
7_190 005,0.0,0.23,0.23
7_190 004,0.0,0.19,0.23
7_059 005,0.0,0.21,0.24
7_059 002,0.0,0.19,0.23
7_059 001,0.0,0.2,0.2
7_059 003,0.0,0.18,0.23
7_059 004,0.0,0.19,0.21
7_119 003,0.0,0.29,0.18
7_119 005,0.0,0.2,0.2
7_119 004,0.0,0.23,0.22
7_119 002,0.0,0.23,0.26
7_244 005,0.0,0.19,0.19
7_244 004,0.0,0.2,0.19
7_252 005,0.0,0.2,0.28
7_252 001,0.0,0.19,0.26
7_252 004,0.0,0.27,0.25
7_252 002,0.0,0.21,0.23
7_252 003,0.0,0.18,0.32
7_040 003,0.0,0.22,0.27
7_040 005,0.0,0.21,0.19
7_214 005,0.0,0.2,0.23
7_214 002,0.0,0.24,0.25
7_214 003,0.0,0.2,0.24
7_214 004,0.0,0.23,0.27
7_173 005,0.0,0.18,0.2
7_173 001,0.0,0.18,0.28
7_173 003,0.0,0.2,0.17
7_173 004,0.0,0.17,0.21
7_008 005,0.0,0.19,0.22
7_239 004,0.0,0.2,0.22
7_239 003,0.0,0.19,0.2
7_245 001,0.0,0.18,0.22
7_245 004,0.0,0.2,0.23
7_245 002,0.0,0.22,0.21
7_245 005,0.0,0.21,0.23
7_245 003,0.0,0.21,0.26
7_142 003,0.0,0.21,0.23
7_142 002,0.0,0.2,0.22
7_142 004,0.0,0.21,0.24
7_142 005,0.0,0.22,0.23
7_105 004,0.0,0.27,0.36
7_105 005,0.0,0.2,0.18
7_127 004,0.0,0.21,0.22
7_230 004,0.0,0.2,0.25
7_230 005,0.0,0.25,0.27
7_230 002,0.0,0.21,0.26
7_230 001,0.0,0.2,0.29
7_019 004,0.0,0.29,0.34
7_019 003,0.0,0.21,0.24
7_019 005,0.0,0.2,0.22
7_197 002,0.0,0.2,0.2
7_197 003,0.0,0.18,0.19
7_197 001,0.0,0.18,0.17
7_197 005,0.0,0.18,0.2
7_197 004,0.0,0.2,0.21
7_246 005,0.0,0.19,0.24
7_246 003,0.0,0.2,0.21
7_246 004,0.0,0.21,0.22
7_150 005,0.0,0.26,0.43
7_126 003,0.0,0.19,0.22
7_126 002,0.0,0.21,0.24
7_126 001,0.0,0.2,0.24
7_126 004,0.0,0.2,0.22
7_126 005,0.0,0.23,0.24
7_053 005,0.0,0.25,0.22
7_003 004,0.0,0.31,0.43
7_003 005,0.0,0.21,0.18
7_247 004,0.0,0.17,0.3
7_247 003,0.0,0.19,0.28
7_247 005,0.0,0.18,0.26
7_247 001,0.0,0.18,0.28
7_247 002,0.0,0.2,0.26
7_064 004,0.0,0.22,0.25
7_064 005,0.0,0.26,0.21
7_228 005,0.0,0.26,0.26
7_228 003,0.0,0.2,0.23
7_228 004,0.0,0.18,0.25
7_228 001,0.0,0.22,0.23
7_228 002,0.0,0.2,0.26
7_066 005,0.0,0.2,0.2
7_066 004,0.0,0.18,0.26
7_066 003,0.0,0.29,0.38
7_067 005,0.0,0.2,0.2
7_067 004,0.0,0.26,0.29
7_165 005,0.0,0.18,0.21
7_165 003,0.0,0.23,0.21
7_165 004,0.0,0.24,0.22
7_184 002,0.0,0.31,0.28
7_184 003,0.0,0.21,0.18
7_184 004,0.0,0.17,0.21
7_184 005,0.0,0.23,0.26
7_238 004,0.0,0.32,0.39
7_238 002,0.0,0.32,0.41
7_238 005,0.0,0.21,0.2
7_238 001,0.0,0.35,0.53
7_238 003,0.0,0.36,0.52
7_042 001,0.0,0.21,0.25
7_042 003,0.0,0.23,0.3
7_042 004,0.0,0.19,0.23
7_042 002,0.0,0.22,0.26
7_042 005,0.0,0.27,0.38
7_254 003,0.0,0.25,0.31
7_254 005,0.0,0.22,0.24
7_254 004,0.0,0.23,0.23
7_254 002,0.0,0.26,0.24
7_104 005,0.0,0.24,0.26
7_224 004,0.0,0.18,0.24
7_224 005,0.0,0.19,0.24
7_224 003,0.0,0.16,0.23
7_224 002,0.0,0.18,0.2
7_224 001,0.0,0.17,0.2
7_263 004,0.0,0.19,0.19
7_263 005,0.0,0.21,0.23
7_271 005,0.0,0.2,0.2
7_090 005,0.0,0.25,0.32
7_235 005,0.0,0.2,0.22
7_235 002,0.0,0.2,0.2
7_235 004,0.0,0.24,0.19
7_089 004,0.0,0.2,0.23
7_089 001,0.0,0.21,0.24
7_089 002,0.0,0.2,0.23
7_089 003,0.0,0.2,0.22
7_089 005,0.0,0.24,0.26
7_167 005,0.0,0.21,0.26
7_167 001,0.0,0.23,0.23
7_167 004,0.0,0.2,0.3
7_167 002,0.0,0.2,0.21
7_167 003,0.0,0.23,0.28
7_266 004,0.0,0.21,0.2
7_266 005,0.0,0.22,0.25
7_266 002,0.0,0.19,0.22
7_149 004,0.0,0.23,0.23
7_217 001,0.0,0.23,0.26
7_217 003,0.0,0.22,0.3
7_217 004,0.0,0.2,0.2
7_217 005,0.0,0.19,0.21
7_217 002,0.0,0.24,0.23
7_153 004,0.0,0.28,0.24
7_153 005,0.0,0.2,0.28
7_153 001,0.0,0.2,0.27
7_153 003,0.0,0.21,0.27
7_194 005,0.0,0.17,0.17
7_194 004,0.0,0.22,0.2
7_086 005,0.0,0.19,0.21
7_086 004,0.0,0.21,0.31
7_103 005,0.0,0.22,0.2
7_103 004,0.0,0.21,0.22
7_103 003,0.0,0.23,0.19
7_050 005,0.0,0.17,0.21
7_050 004,0.0,0.4,0.47
7_264 001,0.0,0.22,0.3
7_264 004,0.0,0.24,0.28
7_264 005,0.0,0.17,0.22
7_055 005,0.0,0.28,0.35
7_251 004,0.0,0.19,0.22
7_251 002,0.0,0.21,0.25
7_251 005,0.0,0.18,0.25
7_251 003,0.0,0.2,0.24
7_114 002,0.0,0.3,0.29
7_114 005,0.0,0.24,0.33
7_114 004,0.0,0.24,0.3
7_114 003,0.0,0.22,0.24
7_136 004,0.0,0.19,0.23
7_136 005,0.0,0.21,0.27
7_136 001,0.0,0.2,0.26
7_136 003,0.0,0.24,0.21
7_109 005,0.0,0.2,0.26
7_234 005,0.0,0.24,0.23
7_240 005,0.0,0.22,0.21
7_033 003,0.0,0.22,0.26
7_033 005,0.0,0.23,0.26
7_033 004,0.0,0.24,0.27
7_160 004,0.0,0.18,0.18
7_160 005,0.0,0.19,0.23
7_160 002,0.0,0.25,0.23
7_160 003,0.0,0.26,0.25
7_160 001,0.0,0.18,0.21
7_087 005,0.0,0.19,0.21
7_087 001,0.0,0.2,0.2
7_087 004,0.0,0.15,0.24
7_087 003,0.0,0.18,0.18
7_229 005,0.0,0.18,0.18
7_229 003,0.0,0.2,0.24
7_212 005,0.0,0.19,0.19
7_212 004,0.0,0.2,0.21
7_009 003,0.0,0.22,0.26
7_010 005,0.0,0.19,0.2
7_010 004,0.0,0.19,0.18
7_242 005,0.0,0.2,0.22
7_242 001,0.0,0.25,0.23
7_242 004,0.0,0.18,0.22
7_242 002,0.0,0.24,0.24
7_242 003,0.0,0.24,0.25
7_091 001,0.0,0.19,0.2
7_091 005,0.0,0.18,0.22
7_091 004,0.0,0.22,0.25
7_091 003,0.0,0.17,0.22
7_091 002,0.0,0.2,0.22
7_084 005,0.0,0.17,0.2
7_084 003,0.0,0.19,0.2
7_084 002,0.0,0.21,0.24
7_084 004,0.0,0.24,0.28
7_225 002,0.0,0.24,0.25
7_225 003,0.0,0.2,0.16
7_225 004,0.0,0.25,0.25
7_225 001,0.0,0.23,0.28
7_225 005,0.0,0.23,0.3
7_231 005,0.0,0.21,0.23
7_231 002,0.0,0.23,0.25
7_231 003,0.0,0.22,0.25
7_231 001,0.0,0.26,0.29
7_231 004,0.0,0.2,0.23
7_200 001,0.0,0.25,0.27
7_200 005,0.0,0.23,0.19
7_200 002,0.0,0.19,0.25
7_200 003,0.0,0.2,0.25
7_200 004,0.0,0.21,0.22
7_272 002,0.0,0.25,0.3
7_272 005,0.0,0.29,0.29
7_272 004,0.0,0.3,0.31
7_272 003,0.0,0.23,0.28
7_243 001,0.0,0.22,0.24
7_243 004,0.0,0.29,0.3
7_243 005,0.0,0.21,0.25
7_243 002,0.0,0.25,0.26
7_243 003,0.0,0.25,0.32
7_132 005,0.0,0.27,0.31
7_132 004,0.0,0.29,0.33
7_132 003,0.0,0.26,0.37
7_120 004,0.0,0.31,0.27
7_120 005,0.0,0.2,0.22
7_120 003,0.0,0.19,0.26
7_120 001,0.0,0.2,0.26
7_120 002,0.0,0.17,0.24
7_118 003,0.0,0.17,0.2
7_118 005,0.0,0.24,0.22
7_118 001,0.0,0.19,0.25
7_118 004,0.0,0.21,0.2
7_118 002,0.0,0.18,0.18
7_124 001,0.0,0.25,0.37
7_124 003,0.0,0.22,0.42
7_124 005,0.0,0.26,0.28
7_124 004,0.0,0.26,0.36
7_124 002,0.0,0.2,0.24
7_081 005,0.0,0.25,0.25
7_081 004,0.0,0.25,0.26
7_257 003,0.0,0.23,0.28
7_257 004,0.0,0.22,0.26
7_257 005,0.0,0.21,0.25
7_257 001,0.0,0.22,0.27
7_257 002,0.0,0.23,0.26
7_077 004,0.0,0.2,0.26
7_077 003,0.0,0.22,0.18
7_077 005,0.0,0.26,0.31
7_156 001,0.0,0.26,0.28
7_156 005,0.0,0.22,0.2
7_156 003,0.0,0.33,0.32
7_036 004,0.0,0.2,0.2
7_036 002,0.0,0.27,0.26
7_036 005,0.0,0.2,0.22
7_036 003,0.0,0.21,0.25
7_148 005,0.0,0.22,0.26
7_148 004,0.0,0.26,0.26
7_148 003,0.0,0.32,0.43
7_045 005,0.0,0.18,0.29
7_045 002,0.0,0.18,0.19
7_045 003,0.0,0.21,0.23
7_045 004,0.0,0.23,0.24
7_158 005,0.0,0.2,0.2
7_183 004,0.0,0.22,0.24
7_183 005,0.0,0.26,0.31
7_183 002,0.0,0.24,0.26
7_071 003,0.0,0.17,0.28
7_071 004,0.0,0.17,0.29
7_133 005,0.0,0.22,0.19
7_133 001,0.0,0.23,0.23
7_133 002,0.0,0.19,0.3
7_133 004,0.0,0.2,0.29
7_133 003,0.0,0.21,0.2
7_168 004,0.0,0.22,0.22
7_168 005,0.0,0.23,0.27
7_211 005,0.0,0.23,0.22
7_211 002,0.0,0.23,0.24
7_178 002,0.0,0.24,0.21
7_178 004,0.0,0.22,0.24
7_178 003,0.0,0.19,0.2
7_178 005,0.0,0.2,0.23
7_094 005,0.0,0.21,0.27
