3_U100-000 001,70.3,0.71,0.76
3_U100-006 001,69.97,0.71,0.77
3_U100-009 002,69.97,0.72,0.77
3_U100-001 002,69.64,0.72,0.76
3_U100-002 001,69.64,0.72,0.77
3_U100-006 002,69.31,0.72,0.76
3_U100-008 001,69.31,0.71,0.77
3_U100-001 001,69.31,0.71,0.77
3_U100-005 001,69.31,0.71,0.78
3_U100-004 001,68.98,0.71,0.78
3_U100-003 001,68.98,0.72,0.77
3_U100-009 001,68.98,0.7,0.79
3_U10-005 001,68.65,0.71,0.77
3_U100-007 003,68.65,0.72,0.77
3_U100-000 002,68.65,0.71,0.77
3_U100-006 003,68.32,0.71,0.77
3_U100-007 001,67.66,0.71,0.78
3_U10-007 002,67.33,0.74,0.75
3_U10-007 005,67.33,0.73,0.76
3_U10-007 004,67.33,0.7,0.78
3_U10-007 003,67.33,0.72,0.75
3_U10-007 001,67.33,0.71,0.77
3_U100-001 003,67.0,0.71,0.77
3_U100-007 002,67.0,0.72,0.77
3_U100-002 003,66.67,0.71,0.79
3_U100-005 003,66.34,0.72,0.77
3_U100-003 002,66.01,0.71,0.78
3_U100-009 003,66.01,0.71,0.77
3_U100-005 002,66.01,0.72,0.77
3_U100-002 002,66.01,0.71,0.77
3_U100-008 002,65.68,0.72,0.77
3_U10-005 002,65.35,0.7,0.78
3_U100-004 002,65.02,0.71,0.77
3_U100-008 004,65.02,0.71,0.77
3_U10-008 001,65.02,0.72,0.76
3_U10-000 001,64.03,0.7,0.77
3_U100-000 003,64.03,0.71,0.77
3_U100-006 004,63.37,0.71,0.78
3_000 001,63.37,0.71,0.76
3_U100-008 003,63.04,0.71,0.77
3_U10-006 001,63.04,0.72,0.77
3_U100-004 003,62.71,0.72,0.77
3_U100-003 003,62.71,0.71,0.78
3_U100-009 004,62.71,0.71,0.78
3_U100-005 004,62.71,0.7,0.78
3_U100-006 005,62.38,0.71,0.75
3_U100-001 004,62.38,0.7,0.77
3_U100-008 005,61.06,0.7,0.78
3_U10-005 004,60.73,0.71,0.78
3_U100-001 005,60.73,0.71,0.77
3_U10-008 002,60.4,0.7,0.77
3_U10-009 001,59.74,0.72,0.75
3_U100-005 005,59.74,0.71,0.77
3_U10-005 005,58.75,0.71,0.78
3_U10-002 001,58.75,0.71,0.77
3_U100-007 004,58.75,0.7,0.78
3_U100-003 005,58.09,0.71,0.77
3_U10-005 003,57.76,0.72,0.77
3_U10-000 003,57.76,0.71,0.77
3_U100-000 005,57.76,0.71,0.77
3_U100-009 005,57.43,0.7,0.78
3_U100-007 005,57.43,0.71,0.77
3_U100-002 005,57.43,0.71,0.78
3_U100-003 004,57.1,0.72,0.77
3_U100-002 004,56.44,0.7,0.78
3_U100-004 005,55.78,0.71,0.78
3_U100-004 004,54.79,0.7,0.78
3_U10-001 001,54.79,0.72,0.76
3_U10-000 004,54.46,0.71,0.77
3_U10-004 002,54.13,0.72,0.76
3_U100-000 004,54.13,0.7,0.78
3_U10-002 002,53.47,0.72,0.77
3_U10-004 001,52.81,0.72,0.76
3_U10-003 001,52.48,0.72,0.76
3_U10-000 002,52.15,0.69,0.77
3_U10-001 002,51.82,0.72,0.76
3_U10-009 003,50.83,0.68,0.77
3_U10-000 005,49.5,0.71,0.76
3_U10-003 002,48.84,0.68,0.74
3_U10-004 003,48.51,0.71,0.78
3_009 001,47.85,0.7,0.76
3_U10-001 003,47.85,0.71,0.77
3_U10-009 004,47.52,0.72,0.76
3_U10-001 004,47.52,0.71,0.77
3_U10-004 004,47.19,0.71,0.78
3_008 001,46.86,0.74,0.75
3_U10-002 003,45.87,0.72,0.76
3_000 002,45.87,0.71,0.74
3_008 002,45.21,0.72,0.75
3_022 001,45.21,0.74,0.75
3_U10-008 005,45.21,0.72,0.75
3_U10-009 002,45.21,0.71,0.77
3_U10-003 003,44.88,0.72,0.77
3_U10-008 004,44.55,0.74,0.75
3_U10-006 002,44.55,0.71,0.78
3_U10-008 003,43.89,0.73,0.76
3_U10-009 005,43.56,0.72,0.76
3_U10-001 005,42.24,0.72,0.76
3_008 003,41.25,0.71,0.77
3_000 003,41.25,0.69,0.74
3_000 005,40.92,0.27,0.28
3_002 001,40.59,0.7,0.77
3_014 002,40.26,0.72,0.76
3_U10-004 005,39.27,0.72,0.76
3_009 002,38.94,0.71,0.78
3_021 002,37.95,0.71,0.75
3_014 001,37.62,0.71,0.77
3_000 004,37.62,0.7,0.72
3_U10-002 005,37.29,0.72,0.77
3_021 001,37.29,0.71,0.77
3_U10-006 003,37.29,0.72,0.76
3_008 004,36.3,0.72,0.76
3_U10-002 004,36.3,0.71,0.79
3_011 001,35.64,0.72,0.77
3_027 001,34.98,0.72,0.77
3_004 001,34.32,0.72,0.76
3_002 002,34.32,0.71,0.76
3_012 001,34.32,0.71,0.75
3_U10-003 004,33.99,0.68,0.76
3_008 005,33.99,0.71,0.77
3_028 001,33.99,0.7,0.77
3_U10-006 004,33.99,0.71,0.78
3_002 005,33.66,0.71,0.79
3_018 001,33.66,0.71,0.76
3_003 001,33.66,0.71,0.76
3_005 001,33.33,0.72,0.76
3_013 002,33.0,0.73,0.75
3_027 003,33.0,0.72,0.77
3_U10-006 005,33.0,0.72,0.77
3_013 004,32.67,0.74,0.75
3_030 001,32.67,0.71,0.75
3_010 001,32.67,0.72,0.77
3_011 002,32.34,0.72,0.76
3_022 002,32.01,0.71,0.75
3_009 003,32.01,0.71,0.75
3_031 001,31.35,0.71,0.75
3_003 002,31.02,0.71,0.75
3_024 002,30.36,0.71,0.78
3_005 002,30.36,0.72,0.75
3_U10-003 005,30.03,0.71,0.76
3_002 003,29.7,0.69,0.79
3_024 001,29.37,0.7,0.76
3_006 001,29.37,0.72,0.75
3_013 003,29.04,0.68,0.76
3_010 003,29.04,0.71,0.75
3_013 001,28.38,0.74,0.75
3_030 002,28.38,0.71,0.76
3_012 002,28.38,0.72,0.77
3_018 002,28.05,0.72,0.76
3_002 004,27.72,0.67,0.76
3_005 003,27.72,0.71,0.76
3_007 001,27.72,0.72,0.76
3_013 005,27.06,0.71,0.76
3_004 002,26.73,0.71,0.75
3_023 001,26.73,0.72,0.77
3_027 002,26.73,0.72,0.76
3_027 005,26.73,0.71,0.78
3_031 002,26.73,0.71,0.76
3_016 001,26.4,0.71,0.75
3_021 004,26.4,0.71,0.77
3_014 003,26.07,0.72,0.77
3_021 003,26.07,0.56,0.65
3_022 003,25.74,0.69,0.75
3_009 004,25.74,0.65,0.75
3_010 002,25.41,0.7,0.75
3_030 003,24.75,0.7,0.76
3_005 004,24.75,0.71,0.77
3_011 003,24.75,0.72,0.76
3_003 003,24.42,0.71,0.75
3_001 001,24.09,0.7,0.75
3_012 003,24.09,0.7,0.75
3_006 002,22.11,0.72,0.77
3_017 001,21.78,0.74,0.76
3_031 003,21.78,0.71,0.75
3_021 005,21.45,0.72,0.76
3_025 001,20.79,0.73,0.76
3_004 003,20.46,0.71,0.73
3_029 002,20.46,0.72,0.77
3_024 003,20.13,0.72,0.77
3_005 005,19.14,0.71,0.76
3_003 004,19.14,0.7,0.75
3_026 001,19.14,0.71,0.75
3_009 005,19.14,0.7,0.76
3_014 004,18.81,0.71,0.77
3_030 004,18.81,0.7,0.76
3_015 001,18.48,0.72,0.77
3_012 004,18.48,0.71,0.76
3_025 002,18.15,0.72,0.76
3_031 004,18.15,0.69,0.76
3_018 003,17.49,0.71,0.77
3_006 003,17.49,0.71,0.75
3_027 004,17.49,0.71,0.77
3_026 002,17.16,0.72,0.77
3_012 005,17.16,0.7,0.75
3_025 003,15.84,0.72,0.75
3_029 001,15.84,0.71,0.75
3_011 004,15.84,0.7,0.75
3_007 002,15.84,0.71,0.76
3_017 002,15.51,0.72,0.76
3_031 005,15.51,0.71,0.76
3_026 004,15.18,0.73,0.77
3_014 005,14.85,0.72,0.75
3_015 002,14.19,0.72,0.75
3_001 004,14.19,0.61,0.67
3_001 002,14.19,0.69,0.74
3_011 005,13.86,0.69,0.75
3_004 005,12.54,0.69,0.74
3_001 003,12.54,0.71,0.75
3_016 003,11.88,0.7,0.75
3_010 004,11.88,0.7,0.75
3_026 003,11.55,0.7,0.75
3_024 004,11.22,0.7,0.77
3_016 002,10.89,0.66,0.74
3_028 004,10.89,0.71,0.77
3_010 005,10.89,0.62,0.64
3_004 004,10.56,0.7,0.75
3_029 003,10.56,0.69,0.75
3_018 004,10.56,0.5,0.47
3_003 005,10.23,0.71,0.76
3_015 005,9.9,0.71,0.75
3_017 004,9.57,0.71,0.76
3_022 005,8.91,0.71,0.76
3_017 005,8.58,0.69,0.77
3_028 002,7.92,0.71,0.78
3_023 002,7.26,0.6,0.63
3_022 004,7.26,0.68,0.76
3_017 003,6.93,0.71,0.77
3_006 004,6.93,0.71,0.75
3_028 003,6.6,0.71,0.77
3_020 001,6.27,0.27,0.33
3_029 005,5.94,0.72,0.77
3_026 005,5.94,0.71,0.76
3_025 004,4.95,0.73,0.76
3_029 004,4.95,0.68,0.76
3_015 004,4.62,0.72,0.76
3_020 002,4.29,0.28,0.34
3_007 004,4.29,0.67,0.74
3_028 005,3.96,0.6,0.68
3_007 003,3.96,0.7,0.75
3_023 003,3.63,0.47,0.51
3_024 005,3.3,0.64,0.7
3_006 005,2.97,0.61,0.66
3_015 003,2.31,0.62,0.63
3_023 004,1.65,0.53,0.57
3_016 004,0.0,0.64,0.74
3_016 005,0.0,0.55,0.57
3_025 005,0.0,0.25,0.29
3_020 004,0.0,0.27,0.21
3_020 003,0.0,0.24,0.21
3_020 005,0.0,0.2,0.24
3_018 005,0.0,0.53,0.58
3_023 005,0.0,0.59,0.63
3_030 005,0.0,0.61,0.68
3_019 001,0.0,0.58,0.61
3_019 004,0.0,0.57,0.62
3_019 005,0.0,0.48,0.48
3_019 003,0.0,0.53,0.57
3_019 002,0.0,0.47,0.47
3_001 005,0.0,0.49,0.56
3_007 005,0.0,0.45,0.43
