2_U10-003 002,85.85,0.77,0.33
2_U100-003 001,85.85,0.78,0.33
2_184 001,85.85,0.79,0.33
2_U100-007 001,85.85,0.8,0.33
2_002 001,85.85,0.81,0.33
2_U10-003 001,84.91,0.78,0.33
2_060 001,84.91,0.82,0.33
2_U10-007 001,84.91,0.79,0.34
2_043 001,84.91,0.8,0.33
2_U10-000 002,83.96,0.8,0.33
2_U10-000 001,83.96,0.79,0.32
2_023 001,83.96,0.8,0.33
2_U100-000 002,83.96,0.78,0.33
2_U10-000 003,83.02,0.8,0.33
2_111 001,83.02,0.8,0.33
2_U100-006 001,83.02,0.78,0.33
2_U10-007 002,83.02,0.79,0.34
2_U10-001 002,83.02,0.76,0.34
2_U10-001 001,83.02,0.78,0.33
2_023 002,82.08,0.71,0.32
2_023 003,82.08,0.72,0.34
2_268 001,82.08,0.74,0.34
2_U100-003 002,82.08,0.75,0.32
2_U100-007 004,82.08,0.72,0.33
2_011 001,82.08,0.78,0.33
2_U10-001 004,82.08,0.78,0.33
2_U10-001 003,82.08,0.79,0.34
2_U100-005 001,82.08,0.65,0.24
2_043 003,82.08,0.81,0.33
2_043 002,82.08,0.84,0.33
2_050 001,81.13,0.73,0.33
2_193 001,81.13,0.78,0.34
2_196 003,81.13,0.74,0.34
2_U100-006 002,81.13,0.74,0.32
2_U100-003 004,81.13,0.73,0.33
2_U100-001 001,81.13,0.73,0.33
2_U100-001 002,81.13,0.74,0.33
2_U100-000 001,81.13,0.74,0.34
2_U100-008 001,81.13,0.7,0.32
2_U100-002 001,81.13,0.71,0.32
2_U100-009 001,81.13,0.68,0.25
2_U100-005 002,81.13,0.63,0.24
2_050 002,80.19,0.73,0.33
2_193 002,80.19,0.72,0.34
2_U100-006 003,80.19,0.72,0.32
2_U100-003 005,80.19,0.6,0.25
2_U100-007 002,80.19,0.62,0.24
2_011 002,80.19,0.72,0.33
2_U100-001 003,80.19,0.71,0.33
2_U10-007 004,80.19,0.74,0.34
2_U10-007 003,80.19,0.77,0.32
2_002 002,80.19,0.7,0.33
2_U100-008 003,80.19,0.73,0.33
2_U10-001 005,80.19,0.74,0.33
2_U10-003 003,79.25,0.74,0.33
2_050 003,79.25,0.74,0.31
2_023 004,79.25,0.72,0.33
2_196 001,79.25,0.73,0.33
2_196 002,79.25,0.75,0.31
2_U100-003 003,79.25,0.64,0.24
2_U10-006 001,79.25,0.72,0.34
2_U100-001 004,79.25,0.59,0.25
2_U100-004 001,79.25,0.72,0.32
2_160 001,79.25,0.74,0.33
2_U100-008 002,79.25,0.74,0.33
2_U100-008 004,79.25,0.7,0.33
2_U100-002 003,79.25,0.68,0.32
2_U100-002 002,79.25,0.73,0.32
2_U100-009 004,79.25,0.6,0.24
2_U100-005 003,79.25,0.65,0.33
2_268 002,78.3,0.78,0.34
2_U100-007 003,78.3,0.62,0.25
2_U100-007 005,78.3,0.69,0.33
2_U100-000 003,78.3,0.73,0.33
2_U100-004 002,78.3,0.74,0.33
2_186 001,78.3,0.79,0.33
2_U100-002 004,78.3,0.68,0.32
2_U100-009 002,78.3,0.63,0.24
2_196 004,77.36,0.73,0.33
2_160 002,77.36,0.72,0.33
2_U100-005 004,77.36,0.72,0.33
2_271 001,77.36,0.76,0.34
2_197 001,76.42,0.75,0.34
2_023 005,76.42,0.6,0.25
2_213 001,76.42,0.78,0.33
2_U100-000 004,76.42,0.75,0.34
2_U10-007 005,76.42,0.75,0.33
2_199 001,76.42,0.76,0.33
2_U100-002 005,76.42,0.73,0.33
2_U100-009 003,76.42,0.65,0.34
2_018 002,75.47,0.77,0.32
2_268 003,75.47,0.78,0.32
2_077 001,75.47,0.68,0.34
2_U100-000 005,75.47,0.69,0.32
2_U100-008 005,75.47,0.66,0.33
2_096 001,75.47,0.81,0.33
2_085 001,75.47,0.64,0.33
2_U10-003 004,74.53,0.73,0.34
2_247 001,74.53,0.65,0.34
2_247 002,74.53,0.61,0.35
2_067 001,74.53,0.82,0.32
2_069 001,74.53,0.68,0.34
2_181 002,74.53,0.7,0.33
2_107 001,74.53,0.56,0.33
2_U100-005 005,74.53,0.64,0.34
2_018 001,73.58,0.79,0.32
2_196 005,73.58,0.67,0.34
2_140 001,73.58,0.69,0.33
2_113 001,73.58,0.66,0.33
2_255 001,73.58,0.7,0.34
2_198 002,73.58,0.76,0.33
2_111 002,72.64,0.68,0.34
2_041 001,72.64,0.64,0.34
2_077 003,72.64,0.71,0.34
2_011 003,72.64,0.68,0.32
2_198 001,72.64,0.77,0.33
2_273 001,72.64,0.7,0.34
2_085 002,72.64,0.66,0.34
2_274 001,71.7,0.67,0.33
2_027 001,71.7,0.68,0.34
2_018 003,71.7,0.79,0.33
2_197 002,71.7,0.69,0.34
2_200 001,71.7,0.76,0.33
2_077 002,71.7,0.7,0.33
2_234 001,71.7,0.67,0.34
2_160 003,71.7,0.73,0.32
2_274 003,70.75,0.64,0.35
2_262 001,70.75,0.72,0.33
2_193 003,70.75,0.75,0.33
2_089 001,70.75,0.74,0.33
2_255 002,70.75,0.7,0.34
2_077 004,70.75,0.7,0.34
2_234 002,70.75,0.66,0.34
2_069 002,70.75,0.73,0.33
2_273 002,70.75,0.72,0.34
2_092 001,70.75,0.62,0.34
2_274 002,69.81,0.63,0.35
2_114 001,69.81,0.65,0.33
2_181 001,69.81,0.78,0.33
2_273 004,69.81,0.67,0.33
2_273 003,69.81,0.73,0.33
2_050 005,68.87,0.68,0.33
2_U10-006 002,68.87,0.7,0.31
2_255 003,68.87,0.74,0.34
2_166 001,68.87,0.72,0.34
2_036 001,68.87,0.71,0.33
2_U100-004 003,68.87,0.72,0.33
2_244 001,68.87,0.67,0.34
2_142 001,68.87,0.73,0.34
2_092 002,68.87,0.65,0.34
2_096 002,68.87,0.72,0.33
2_043 004,68.87,0.75,0.33
2_018 004,67.92,0.69,0.34
2_247 004,67.92,0.64,0.35
2_268 004,67.92,0.61,0.35
2_041 002,67.92,0.66,0.34
2_012 001,67.92,0.33,0.77
2_077 005,67.92,0.7,0.33
2_181 003,67.92,0.68,0.33
2_277 001,66.98,0.54,0.33
2_247 003,66.98,0.66,0.34
2_140 002,66.98,0.64,0.33
2_113 002,66.98,0.67,0.33
2_001 001,66.98,0.62,0.35
2_U100-009 005,66.98,0.72,0.33
2_U10-003 005,66.04,0.79,0.34
2_027 002,66.04,0.64,0.34
2_050 004,66.04,0.71,0.33
2_204 001,66.04,0.69,0.33
2_029 001,66.04,0.65,0.33
2_101 002,66.04,0.73,0.34
2_101 001,66.04,0.78,0.33
2_214 001,66.04,0.33,0.63
2_140 003,66.04,0.68,0.34
2_255 004,66.04,0.69,0.35
2_198 003,66.04,0.68,0.34
2_186 002,66.04,0.71,0.34
2_274 005,65.09,0.61,0.34
2_193 004,65.09,0.77,0.33
2_248 001,65.09,0.69,0.35
2_205 001,65.09,0.69,0.34
2_U100-006 004,65.09,0.65,0.34
2_244 002,65.09,0.5,0.33
2_043 005,65.09,0.74,0.33
2_058 001,64.15,0.32,0.79
2_172 001,64.15,0.72,0.33
2_092 003,64.15,0.56,0.34
2_274 004,63.21,0.63,0.36
2_048 001,63.21,0.58,0.35
2_113 003,63.21,0.64,0.34
2_U10-006 003,63.21,0.62,0.34
2_012 002,63.21,0.32,0.79
2_033 001,63.21,0.74,0.33
2_181 004,63.21,0.63,0.33
2_096 003,63.21,0.55,0.33
2_185 001,63.21,0.77,0.33
2_133 001,62.26,0.77,0.32
2_193 005,62.26,0.72,0.33
2_029 002,62.26,0.64,0.33
2_269 001,62.26,0.62,0.33
2_U10-006 004,62.26,0.6,0.34
2_036 002,62.26,0.71,0.33
2_112 001,62.26,0.71,0.33
2_256 001,62.26,0.69,0.33
2_061 001,61.32,0.71,0.34
2_184 002,61.32,0.55,0.35
2_012 003,61.32,0.33,0.76
2_186 003,61.32,0.73,0.33
2_243 001,61.32,0.61,0.34
2_108 002,61.32,0.66,0.34
2_108 001,61.32,0.67,0.33
2_280 001,60.38,0.68,0.33
2_018 005,60.38,0.77,0.32
2_U10-006 005,60.38,0.7,0.34
2_U10-005 001,60.38,0.61,0.35
2_207 001,59.43,0.63,0.34
2_042 001,59.43,0.71,0.32
2_114 003,59.43,0.66,0.34
2_070 001,59.43,0.61,0.34
2_112 002,59.43,0.68,0.33
2_276 001,59.43,0.77,0.33
2_268 005,58.49,0.75,0.33
2_205 002,58.49,0.69,0.33
2_002 003,58.49,0.71,0.33
2_273 005,58.49,0.68,0.35
2_059 001,58.49,0.74,0.33
2_280 003,57.55,0.52,0.33
2_280 002,57.55,0.69,0.34
2_097 001,57.55,0.64,0.34
2_192 001,57.55,0.58,0.33
2_029 003,57.55,0.67,0.34
2_247 005,57.55,0.61,0.33
2_011 004,57.55,0.69,0.34
2_112 003,57.55,0.64,0.33
2_118 001,57.55,0.64,0.34
2_133 002,56.6,0.68,0.34
2_248 002,56.6,0.67,0.34
2_067 002,56.6,0.63,0.34
2_214 002,56.6,0.33,0.61
2_146 001,56.6,0.65,0.35
2_003 001,56.6,0.32,0.79
2_124 001,56.6,0.7,0.34
2_112 005,56.6,0.7,0.33
2_012 004,55.66,0.33,0.75
2_213 002,55.66,0.66,0.34
2_182 001,55.66,0.59,0.34
2_069 004,55.66,0.63,0.34
2_276 004,55.66,0.8,0.33
2_170 001,55.66,0.64,0.34
2_176 001,54.72,0.58,0.35
2_231 001,54.72,0.53,0.35
2_052 001,54.72,0.66,0.33
2_283 001,54.72,0.72,0.34
2_283 002,54.72,0.75,0.32
2_114 002,54.72,0.72,0.33
2_234 003,54.72,0.67,0.34
2_186 004,54.72,0.74,0.32
2_244 004,54.72,0.62,0.34
2_U10-005 002,54.72,0.6,0.35
2_272 001,54.72,0.72,0.34
2_251 001,53.77,0.61,0.34
2_068 001,53.77,0.56,0.34
2_060 002,53.77,0.73,0.33
2_266 001,53.77,0.59,0.33
2_252 001,53.77,0.62,0.34
2_003 003,53.77,0.33,0.73
2_042 002,53.77,0.67,0.33
2_114 004,53.77,0.56,0.34
2_002 005,53.77,0.62,0.34
2_276 002,53.77,0.78,0.33
2_279 001,53.77,0.63,0.34
2_207 002,52.83,0.56,0.34
2_132 001,52.83,0.32,0.67
2_029 004,52.83,0.62,0.32
2_278 001,52.83,0.65,0.33
2_140 004,52.83,0.72,0.34
2_113 004,52.83,0.6,0.34
2_263 001,52.83,0.67,0.34
2_112 004,52.83,0.63,0.34
2_118 003,52.83,0.72,0.33
2_215 001,51.89,0.56,0.36
2_089 002,51.89,0.74,0.33
2_209 001,51.89,0.71,0.34
2_283 003,51.89,0.69,0.34
2_184 003,51.89,0.54,0.36
2_U100-004 005,51.89,0.65,0.34
2_U100-004 004,51.89,0.72,0.33
2_030 001,51.89,0.69,0.34
2_002 004,51.89,0.65,0.33
2_276 003,51.89,0.76,0.34
2_089 003,50.94,0.66,0.33
2_067 003,50.94,0.77,0.33
2_209 002,50.94,0.59,0.35
2_205 003,50.94,0.62,0.33
2_U100-006 005,50.94,0.74,0.33
2_213 003,50.94,0.72,0.33
2_243 004,50.94,0.65,0.34
2_142 002,50.94,0.73,0.34
2_256 002,50.94,0.71,0.33
2_118 002,50.94,0.6,0.34
2_032 001,50.94,0.59,0.34
2_U10-000 004,50.0,0.6,0.33
2_133 003,50.0,0.75,0.33
2_140 005,50.0,0.67,0.34
2_184 004,50.0,0.59,0.35
2_243 002,50.0,0.6,0.34
2_271 004,50.0,0.57,0.35
2_026 001,50.0,0.33,0.62
2_170 002,50.0,0.61,0.36
2_027 003,49.06,0.75,0.33
2_131 001,49.06,0.32,0.77
2_204 002,49.06,0.69,0.33
2_246 001,49.06,0.72,0.32
2_101 003,49.06,0.69,0.34
2_040 001,49.06,0.66,0.33
2_085 003,49.06,0.7,0.33
2_240 001,48.11,0.66,0.34
2_003 002,48.11,0.32,0.61
2_011 005,48.11,0.69,0.34
2_030 003,48.11,0.51,0.37
2_172 002,48.11,0.69,0.33
2_199 002,48.11,0.56,0.33
2_068 002,47.17,0.73,0.32
2_069 003,47.17,0.65,0.33
2_271 002,47.17,0.76,0.32
2_205 004,46.23,0.64,0.35
2_019 001,46.23,0.33,0.58
2_U100-001 005,46.23,0.71,0.34
2_142 003,46.23,0.7,0.33
2_092 004,46.23,0.62,0.36
2_279 002,46.23,0.71,0.34
2_232 001,45.28,0.65,0.33
2_277 002,45.28,0.54,0.32
2_053 001,45.28,0.32,0.79
2_030 002,45.28,0.63,0.33
2_098 001,44.34,0.58,0.34
2_U10-009 001,44.34,0.76,0.33
2_244 003,44.34,0.51,0.34
2_243 003,44.34,0.61,0.33
2_230 002,44.34,0.56,0.34
2_230 001,44.34,0.59,0.34
2_012 005,43.4,0.32,0.65
2_069 005,43.4,0.61,0.36
2_172 003,43.4,0.63,0.33
2_176 002,42.45,0.55,0.36
2_117 002,42.45,0.7,0.33
2_174 001,42.45,0.32,0.6
2_283 004,42.45,0.71,0.32
2_266 002,42.45,0.63,0.34
2_036 003,42.45,0.67,0.33
2_212 001,42.45,0.35,0.58
2_U10-005 003,42.45,0.6,0.35
2_270 002,42.45,0.66,0.34
2_264 002,42.45,0.73,0.33
2_215 002,41.51,0.63,0.34
2_029 005,41.51,0.69,0.32
2_155 001,41.51,0.33,0.65
2_042 003,41.51,0.59,0.34
2_127 001,41.51,0.62,0.34
2_276 005,41.51,0.76,0.32
2_271 003,41.51,0.75,0.34
2_048 002,40.57,0.64,0.36
2_261 001,40.57,0.64,0.34
2_280 004,39.62,0.63,0.33
2_U10-000 005,39.62,0.67,0.33
2_248 003,39.62,0.72,0.33
2_269 002,39.62,0.63,0.34
2_252 003,39.62,0.53,0.35
2_009 001,39.62,0.32,0.66
2_254 001,39.62,0.38,0.55
2_270 001,39.62,0.71,0.34
2_204 003,38.68,0.69,0.34
2_197 003,38.68,0.35,0.6
2_221 001,38.68,0.74,0.32
2_252 002,38.68,0.54,0.34
2_155 002,38.68,0.33,0.64
2_124 002,38.68,0.51,0.32
2_220 001,38.68,0.6,0.34
2_251 002,37.74,0.68,0.33
2_126 001,37.74,0.33,0.62
2_117 001,37.74,0.61,0.34
2_031 001,37.74,0.68,0.34
2_182 002,37.74,0.7,0.34
2_257 001,37.74,0.32,0.59
2_U10-005 004,37.74,0.48,0.25
2_132 002,36.79,0.33,0.61
2_132 003,36.79,0.33,0.69
2_014 001,36.79,0.7,0.34
2_068 003,36.79,0.58,0.34
2_060 003,36.79,0.54,0.34
2_263 002,36.79,0.72,0.32
2_083 001,36.79,0.34,0.61
2_030 004,36.79,0.48,0.34
2_240 002,35.85,0.49,0.32
2_035 001,35.85,0.33,0.76
2_111 003,35.85,0.67,0.34
2_200 002,35.85,0.69,0.32
2_U10-009 002,35.85,0.71,0.33
2_166 002,35.85,0.75,0.33
2_279 003,35.85,0.64,0.33
2_231 003,34.91,0.68,0.35
2_221 002,34.91,0.58,0.34
2_U10-009 004,34.91,0.73,0.32
2_U10-009 003,34.91,0.61,0.33
2_017 001,34.91,0.33,0.68
2_000 001,34.91,0.63,0.35
2_052 002,33.96,0.72,0.32
2_024 001,33.96,0.33,0.59
2_155 003,33.96,0.33,0.66
2_155 004,33.96,0.32,0.6
2_119 002,33.96,0.63,0.34
2_241 001,33.02,0.67,0.33
2_163 001,33.02,0.65,0.33
2_031 002,33.02,0.65,0.34
2_114 005,33.02,0.6,0.33
2_143 001,33.02,0.31,0.65
2_001 004,33.02,0.64,0.34
2_033 003,33.02,0.62,0.34
2_142 004,33.02,0.69,0.33
2_137 001,33.02,0.34,0.59
2_281 001,33.02,0.55,0.35
2_132 004,32.08,0.33,0.65
2_278 002,32.08,0.6,0.33
2_217 001,32.08,0.58,0.34
2_184 005,32.08,0.53,0.36
2_127 002,32.08,0.6,0.33
2_055 001,32.08,0.61,0.35
2_226 003,31.13,0.75,0.33
2_183 001,31.13,0.61,0.35
2_035 002,31.13,0.32,0.79
2_144 001,31.13,0.33,0.65
2_014 002,30.19,0.61,0.33
2_025 001,30.19,0.33,0.73
2_213 004,30.19,0.63,0.34
2_173 002,30.19,0.33,0.62
2_172 004,30.19,0.64,0.33
2_092 005,30.19,0.59,0.33
2_264 001,30.19,0.73,0.33
2_170 003,30.19,0.61,0.34
2_251 003,29.25,0.67,0.33
2_058 002,29.25,0.34,0.64
2_105 002,29.25,0.66,0.34
2_139 001,29.25,0.66,0.32
2_001 002,29.25,0.65,0.34
2_036 004,29.25,0.68,0.34
2_226 001,28.3,0.69,0.33
2_048 004,28.3,0.63,0.35
2_192 002,28.3,0.64,0.34
2_174 002,28.3,0.33,0.66
2_146 002,28.3,0.65,0.34
2_173 001,28.3,0.33,0.64
2_254 002,28.3,0.34,0.67
2_085 004,28.3,0.52,0.34
2_207 004,27.36,0.62,0.35
2_061 002,27.36,0.51,0.35
2_155 005,27.36,0.32,0.68
2_257 002,27.36,0.32,0.73
2_194 001,27.36,0.58,0.33
2_033 002,27.36,0.34,0.66
2_279 004,27.36,0.59,0.35
2_226 002,26.42,0.64,0.33
2_231 004,26.42,0.54,0.37
2_258 001,26.42,0.6,0.35
2_024 002,26.42,0.33,0.6
2_034 001,26.42,0.69,0.33
2_148 001,26.42,0.32,0.6
2_070 002,26.42,0.5,0.35
2_134 001,26.42,0.36,0.51
2_230 004,26.42,0.5,0.32
2_039 001,26.42,0.63,0.33
2_232 002,25.47,0.65,0.33
2_008 001,25.47,0.55,0.34
2_133 004,25.47,0.68,0.33
2_058 004,25.47,0.25,0.3
2_098 002,25.47,0.56,0.33
2_216 001,25.47,0.35,0.59
2_131 002,24.53,0.32,0.66
2_241 002,24.53,0.58,0.34
2_231 002,24.53,0.52,0.34
2_192 003,24.53,0.55,0.33
2_248 004,24.53,0.6,0.34
2_056 001,24.53,0.49,0.36
2_173 004,24.53,0.33,0.66
2_076 002,24.53,0.28,0.31
2_133 005,23.58,0.6,0.34
2_048 003,23.58,0.65,0.34
2_U10-004 001,23.58,0.3,0.25
2_189 001,23.58,0.61,0.33
2_258 002,23.58,0.62,0.34
2_258 005,23.58,0.53,0.33
2_266 003,23.58,0.58,0.33
2_053 002,23.58,0.33,0.69
2_019 002,23.58,0.34,0.58
2_032 002,23.58,0.58,0.34
2_207 003,22.64,0.59,0.33
2_277 003,22.64,0.58,0.35
2_091 001,22.64,0.71,0.35
2_022 001,22.64,0.34,0.66
2_126 002,22.64,0.32,0.67
2_105 001,22.64,0.66,0.34
2_024 003,22.64,0.31,0.59
2_025 002,22.64,0.33,0.73
2_224 001,22.64,0.62,0.35
2_150 001,22.64,0.34,0.6
2_001 003,22.64,0.68,0.34
2_244 005,22.64,0.56,0.33
2_009 002,22.64,0.32,0.65
2_U10-005 005,22.64,0.55,0.35
2_142 005,22.64,0.66,0.33
2_108 003,22.64,0.62,0.33
2_219 001,22.64,0.28,0.6
2_202 003,22.64,0.45,0.35
2_185 002,22.64,0.68,0.34
2_229 001,21.7,0.48,0.36
2_267 001,21.7,0.56,0.35
2_062 001,21.7,0.32,0.65
2_055 003,21.7,0.41,0.34
2_040 002,21.7,0.48,0.24
2_259 001,21.7,0.56,0.35
2_251 004,20.75,0.62,0.34
2_240 003,20.75,0.53,0.33
2_022 002,20.75,0.33,0.59
2_204 004,20.75,0.71,0.32
2_030 005,20.75,0.61,0.34
2_160 004,20.75,0.68,0.33
2_032 003,20.75,0.6,0.33
2_144 002,20.75,0.32,0.65
2_096 004,20.75,0.42,0.36
2_060 005,19.81,0.53,0.35
2_016 001,19.81,0.33,0.55
2_255 005,19.81,0.52,0.35
2_158 001,19.81,0.47,0.34
2_257 003,19.81,0.36,0.53
2_166 003,19.81,0.7,0.33
2_124 003,19.81,0.65,0.32
2_094 001,18.87,0.55,0.29
2_035 003,18.87,0.33,0.61
2_269 005,18.87,0.6,0.34
2_041 003,18.87,0.68,0.33
2_257 004,18.87,0.35,0.54
2_108 005,18.87,0.65,0.33
2_230 003,18.87,0.51,0.33
2_202 002,18.87,0.47,0.36
2_119 001,18.87,0.53,0.32
2_258 003,17.92,0.65,0.33
2_053 003,17.92,0.33,0.68
2_173 003,17.92,0.34,0.56
2_281 003,17.92,0.57,0.28
2_170 004,17.92,0.59,0.35
2_131 003,16.98,0.36,0.52
2_228 001,16.98,0.33,0.58
2_249 001,16.98,0.52,0.35
2_105 003,16.98,0.53,0.33
2_019 003,16.98,0.33,0.61
2_009 003,16.98,0.34,0.59
2_017 002,16.98,0.33,0.61
2_264 003,16.98,0.64,0.32
2_039 002,16.98,0.6,0.35
2_281 002,16.98,0.56,0.35
2_081 001,16.04,0.65,0.34
2_258 004,16.04,0.62,0.32
2_060 004,16.04,0.71,0.33
2_210 001,16.04,0.33,0.76
2_079 001,16.04,0.59,0.35
2_036 005,16.04,0.54,0.33
2_272 003,16.04,0.63,0.34
2_144 003,16.04,0.33,0.58
2_026 002,16.04,0.33,0.6
2_046 002,15.09,0.35,0.59
2_046 001,15.09,0.33,0.59
2_238 002,15.09,0.3,0.54
2_233 001,15.09,0.56,0.34
2_265 002,15.09,0.69,0.33
2_003 005,15.09,0.34,0.59
2_042 005,15.09,0.65,0.34
2_127 004,15.09,0.55,0.35
2_272 002,15.09,0.75,0.34
2_156 001,15.09,0.34,0.58
2_262 002,14.15,0.62,0.35
2_240 004,14.15,0.51,0.27
2_046 003,14.15,0.32,0.63
2_022 004,14.15,0.32,0.55
2_098 003,14.15,0.63,0.35
2_117 003,14.15,0.63,0.35
2_214 003,14.15,0.33,0.61
2_201 001,14.15,0.27,0.64
2_041 004,14.15,0.56,0.34
2_148 002,14.15,0.31,0.57
2_182 004,14.15,0.62,0.34
2_042 004,14.15,0.73,0.33
2_127 003,14.15,0.58,0.33
2_070 004,14.15,0.56,0.33
2_212 002,14.15,0.33,0.59
2_040 003,14.15,0.55,0.27
2_202 001,14.15,0.46,0.34
2_215 003,13.21,0.55,0.36
2_014 003,13.21,0.63,0.32
2_231 005,13.21,0.57,0.35
2_175 003,13.21,0.52,0.35
2_175 005,13.21,0.61,0.32
2_197 004,13.21,0.33,0.55
2_073 002,13.21,0.46,0.35
2_149 001,13.21,0.31,0.55
2_067 005,13.21,0.56,0.32
2_126 004,13.21,0.33,0.61
2_126 003,13.21,0.33,0.61
2_201 003,13.21,0.27,0.54
2_224 003,13.21,0.63,0.34
2_079 004,13.21,0.57,0.33
2_158 002,13.21,0.49,0.35
2_166 004,13.21,0.63,0.34
2_044 001,13.21,0.71,0.32
2_143 004,13.21,0.3,0.66
2_083 002,13.21,0.34,0.59
2_005 001,13.21,0.65,0.36
2_169 001,13.21,0.32,0.63
2_134 002,13.21,0.34,0.67
2_191 003,13.21,0.45,0.35
2_090 002,12.26,0.65,0.33
2_238 001,12.26,0.34,0.65
2_111 005,12.26,0.5,0.35
2_101 004,12.26,0.5,0.34
2_U10-009 005,12.26,0.67,0.32
2_086 001,12.26,0.47,0.34
2_213 005,12.26,0.63,0.33
2_070 003,12.26,0.51,0.36
2_054 001,12.26,0.48,0.38
2_254 004,12.26,0.27,0.43
2_U10-002 001,12.26,0.33,0.53
2_154 001,12.26,0.33,0.59
2_004 001,11.32,0.31,0.28
2_226 004,11.32,0.54,0.35
2_175 002,11.32,0.58,0.34
2_067 004,11.32,0.55,0.35
2_278 003,11.32,0.63,0.33
2_209 003,11.32,0.63,0.33
2_265 001,11.32,0.65,0.33
2_163 003,11.32,0.65,0.33
2_217 002,11.32,0.46,0.35
2_034 002,11.32,0.65,0.33
2_086 002,11.32,0.44,0.35
2_003 004,11.32,0.32,0.63
2_079 003,11.32,0.56,0.36
2_234 004,11.32,0.61,0.34
2_033 004,11.32,0.34,0.6
2_080 004,11.32,0.52,0.35
2_118 004,11.32,0.65,0.34
2_074 001,11.32,0.63,0.34
2_144 004,11.32,0.34,0.63
2_259 002,11.32,0.58,0.36
2_264 004,11.32,0.73,0.34
2_153 001,11.32,0.54,0.35
2_028 001,10.38,0.72,0.32
2_048 005,10.38,0.61,0.35
2_175 001,10.38,0.48,0.35
2_248 005,10.38,0.68,0.34
2_098 004,10.38,0.61,0.34
2_024 005,10.38,0.34,0.63
2_024 004,10.38,0.33,0.6
2_152 002,10.38,0.33,0.61
2_263 004,10.38,0.63,0.34
2_182 003,10.38,0.61,0.33
2_177 001,10.38,0.47,0.35
2_236 001,10.38,0.49,0.35
2_080 001,10.38,0.44,0.35
2_013 001,10.38,0.61,0.34
2_259 003,10.38,0.55,0.35
2_259 004,10.38,0.55,0.35
2_171 001,10.38,0.53,0.35
2_090 001,9.43,0.45,0.35
2_241 003,9.43,0.59,0.35
2_U10-004 002,9.43,0.36,0.26
2_284 001,9.43,0.64,0.35
2_175 004,9.43,0.47,0.35
2_068 004,9.43,0.65,0.34
2_221 003,9.43,0.54,0.36
2_101 005,9.43,0.55,0.33
2_157 002,9.43,0.64,0.34
2_019 005,9.43,0.33,0.62
2_139 003,9.43,0.51,0.34
2_015 001,9.43,0.67,0.33
2_158 003,9.43,0.48,0.35
2_044 002,9.43,0.48,0.35
2_143 003,9.43,0.32,0.6
2_150 002,9.43,0.55,0.35
2_U10-008 001,9.43,0.58,0.24
2_083 003,9.43,0.34,0.57
2_064 001,9.43,0.46,0.33
2_199 003,9.43,0.59,0.35
2_144 005,9.43,0.33,0.65
2_230 005,9.43,0.53,0.33
2_232 003,8.49,0.56,0.35
2_131 004,8.49,0.33,0.62
2_028 002,8.49,0.28,0.31
2_073 001,8.49,0.52,0.28
2_221 004,8.49,0.56,0.36
2_174 003,8.49,0.33,0.6
2_163 002,8.49,0.64,0.34
2_031 003,8.49,0.53,0.33
2_210 002,8.49,0.33,0.72
2_143 002,8.49,0.34,0.61
2_212 003,8.49,0.33,0.6
2_229 002,8.49,0.66,0.23
2_235 001,8.49,0.55,0.36
2_137 002,8.49,0.32,0.67
2_039 003,8.49,0.6,0.32
2_U10-002 003,8.49,0.33,0.54
2_279 005,8.49,0.53,0.33
2_026 003,8.49,0.33,0.63
2_232 004,7.55,0.51,0.36
2_115 001,7.55,0.63,0.34
2_192 004,7.55,0.63,0.35
2_278 004,7.55,0.61,0.31
2_126 005,7.55,0.33,0.64
2_061 003,7.55,0.62,0.34
2_201 002,7.55,0.27,0.52
2_086 003,7.55,0.44,0.35
2_224 004,7.55,0.6,0.35
2_021 002,7.55,0.45,0.35
2_079 005,7.55,0.57,0.33
2_079 002,7.55,0.58,0.35
2_015 003,7.55,0.64,0.34
2_015 004,7.55,0.74,0.33
2_182 005,7.55,0.56,0.33
2_054 002,7.55,0.48,0.35
2_236 002,7.55,0.5,0.35
2_173 005,7.55,0.31,0.61
2_235 002,7.55,0.55,0.36
2_087 001,7.55,0.58,0.35
2_108 004,7.55,0.6,0.34
2_237 002,7.55,0.47,0.35
2_U10-002 002,7.55,0.32,0.56
2_045 001,7.55,0.57,0.35
2_253 002,6.6,0.49,0.35
2_253 001,6.6,0.48,0.35
2_097 002,6.6,0.63,0.35
2_284 002,6.6,0.58,0.33
2_058 005,6.6,0.26,0.32
2_058 003,6.6,0.26,0.31
2_238 003,6.6,0.28,0.55
2_174 004,6.6,0.33,0.6
2_113 005,6.6,0.57,0.34
2_266 004,6.6,0.58,0.34
2_086 004,6.6,0.55,0.38
2_122 002,6.6,0.61,0.35
2_190 001,6.6,0.34,0.61
2_152 001,6.6,0.33,0.77
2_015 002,6.6,0.65,0.34
2_015 005,6.6,0.66,0.33
2_007 001,6.6,0.43,0.33
2_072 002,6.6,0.58,0.34
2_U10-008 002,6.6,0.61,0.32
2_047 001,6.6,0.33,0.68
2_064 002,6.6,0.46,0.33
2_017 003,6.6,0.34,0.62
2_270 003,6.6,0.49,0.36
2_120 001,6.6,0.47,0.38
2_006 001,6.6,0.48,0.35
2_281 004,6.6,0.59,0.36
2_000 002,6.6,0.32,0.53
2_084 001,6.6,0.67,0.32
2_026 005,6.6,0.32,0.61
2_119 003,6.6,0.47,0.35
2_045 003,6.6,0.52,0.35
2_226 005,5.66,0.49,0.33
2_215 004,5.66,0.48,0.32
2_132 005,5.66,0.33,0.65
2_164 001,5.66,0.66,0.33
2_208 002,5.66,0.55,0.35
2_014 005,5.66,0.62,0.33
2_022 003,5.66,0.34,0.66
2_075 001,5.66,0.34,0.6
2_192 005,5.66,0.56,0.35
2_111 004,5.66,0.63,0.33
2_200 003,5.66,0.6,0.35
2_163 005,5.66,0.63,0.33
2_034 003,5.66,0.49,0.39
2_100 001,5.66,0.45,0.36
2_224 002,5.66,0.6,0.35
2_021 001,5.66,0.47,0.35
2_143 005,5.66,0.31,0.57
2_186 005,5.66,0.67,0.32
2_254 003,5.66,0.29,0.46
2_191 001,5.66,0.45,0.33
2_076 004,5.66,0.29,0.29
2_195 001,5.66,0.54,0.36
2_055 002,5.66,0.58,0.33
2_259 005,5.66,0.57,0.35
2_251 005,4.72,0.66,0.33
2_102 001,4.72,0.56,0.34
2_008 002,4.72,0.5,0.38
2_046 004,4.72,0.34,0.61
2_091 002,4.72,0.5,0.36
2_014 004,4.72,0.62,0.33
2_283 005,4.72,0.64,0.34
2_167 001,4.72,0.6,0.33
2_051 001,4.72,0.57,0.35
2_252 004,4.72,0.62,0.34
2_031 004,4.72,0.53,0.34
2_210 003,4.72,0.36,0.57
2_019 004,4.72,0.32,0.63
2_190 004,4.72,0.31,0.56
2_152 005,4.72,0.3,0.55
2_150 003,4.72,0.54,0.36
2_245 001,4.72,0.48,0.34
2_169 002,4.72,0.31,0.63
2_272 004,4.72,0.71,0.33
2_080 002,4.72,0.47,0.36
2_270 005,4.72,0.51,0.35
2_040 004,4.72,0.64,0.33
2_040 005,4.72,0.5,0.23
2_039 004,4.72,0.27,0.29
2_026 004,4.72,0.33,0.61
2_045 002,4.72,0.45,0.35
2_154 002,4.72,0.35,0.5
2_261 002,4.72,0.49,0.36
2_280 005,3.77,0.62,0.34
2_203 001,3.77,0.5,0.35
2_046 005,3.77,0.35,0.58
2_022 005,3.77,0.26,0.56
2_218 002,3.77,0.44,0.35
2_269 003,3.77,0.6,0.34
2_105 004,3.77,0.53,0.36
2_037 001,3.77,0.33,0.7
2_222 001,3.77,0.47,0.34
2_152 003,3.77,0.33,0.69
2_007 002,3.77,0.47,0.35
2_257 005,3.77,0.35,0.6
2_072 003,3.77,0.57,0.33
2_072 001,3.77,0.56,0.33
2_236 003,3.77,0.61,0.33
2_267 002,3.77,0.59,0.35
2_135 001,3.77,0.51,0.35
2_172 005,3.77,0.66,0.33
2_006 002,3.77,0.51,0.35
2_264 005,3.77,0.66,0.34
2_099 001,3.77,0.39,0.32
2_059 002,3.77,0.53,0.34
2_004 002,2.83,0.58,0.35
2_141 002,2.83,0.5,0.36
2_027 004,2.83,0.62,0.34
2_176 004,2.83,0.48,0.37
2_253 003,2.83,0.5,0.35
2_115 002,2.83,0.63,0.35
2_106 001,2.83,0.55,0.33
2_U10-004 003,2.83,0.42,0.28
2_U10-004 004,2.83,0.4,0.27
2_284 005,2.83,0.65,0.33
2_035 004,2.83,0.33,0.62
2_035 005,2.83,0.32,0.59
2_204 005,2.83,0.48,0.34
2_238 004,2.83,0.29,0.55
2_078 003,2.83,0.53,0.36
2_088 001,2.83,0.39,0.29
2_180 001,2.83,0.58,0.35
2_269 004,2.83,0.6,0.34
2_214 004,2.83,0.31,0.58
2_201 004,2.83,0.27,0.64
2_210 004,2.83,0.35,0.6
2_152 004,2.83,0.32,0.74
2_148 003,2.83,0.32,0.61
2_139 002,2.83,0.61,0.35
2_194 002,2.83,0.6,0.35
2_188 001,2.83,0.45,0.36
2_216 002,2.83,0.35,0.59
2_070 005,2.83,0.46,0.35
2_083 005,2.83,0.33,0.7
2_047 003,2.83,0.34,0.63
2_049 001,2.83,0.25,0.29
2_116 001,2.83,0.62,0.34
2_229 004,2.83,0.46,0.36
2_017 004,2.83,0.34,0.55
2_254 005,2.83,0.3,0.55
2_256 003,2.83,0.49,0.36
2_136 001,2.83,0.33,0.62
2_055 005,2.83,0.4,0.33
2_074 004,2.83,0.42,0.35
2_237 001,2.83,0.47,0.35
2_281 005,2.83,0.59,0.36
2_153 002,2.83,0.56,0.34
2_271 005,2.83,0.55,0.35
2_084 003,2.83,0.62,0.34
2_202 004,2.83,0.44,0.34
2_004 004,1.89,0.46,0.36
2_090 003,1.89,0.6,0.33
2_262 004,1.89,0.51,0.35
2_027 005,1.89,0.64,0.34
2_176 003,1.89,0.49,0.36
2_130 002,1.89,0.53,0.34
2_102 002,1.89,0.58,0.27
2_147 001,1.89,0.56,0.35
2_028 003,1.89,0.33,0.31
2_183 002,1.89,0.52,0.34
2_208 001,1.89,0.47,0.36
2_121 001,1.89,0.52,0.35
2_218 001,1.89,0.45,0.36
2_197 005,1.89,0.5,0.35
2_010 002,1.89,0.29,0.25
2_221 005,1.89,0.54,0.37
2_209 004,1.89,0.59,0.34
2_066 003,1.89,0.33,0.61
2_109 002,1.89,0.49,0.36
2_109 001,1.89,0.48,0.35
2_061 004,1.89,0.58,0.34
2_250 002,1.89,0.26,0.32
2_250 003,1.89,0.27,0.33
2_122 001,1.89,0.64,0.35
2_190 003,1.89,0.61,0.34
2_148 005,1.89,0.33,0.6
2_139 004,1.89,0.61,0.36
2_168 001,1.89,0.53,0.35
2_194 005,1.89,0.46,0.41
2_188 002,1.89,0.48,0.36
2_U10-008 003,1.89,0.5,0.33
2_177 002,1.89,0.47,0.35
2_033 005,1.89,0.34,0.65
2_054 003,1.89,0.44,0.38
2_145 001,1.89,0.48,0.36
2_245 004,1.89,0.49,0.34
2_245 002,1.89,0.46,0.35
2_242 001,1.89,0.52,0.33
2_064 003,1.89,0.48,0.34
2_267 003,1.89,0.54,0.34
2_235 003,1.89,0.6,0.36
2_080 003,1.89,0.46,0.35
2_013 002,1.89,0.53,0.33
2_136 003,1.89,0.46,0.34
2_076 001,1.89,0.48,0.36
2_062 003,1.89,0.34,0.54
2_171 003,1.89,0.46,0.36
2_237 003,1.89,0.48,0.36
2_103 001,1.89,0.45,0.34
2_U10-002 004,1.89,0.32,0.58
2_093 001,1.89,0.49,0.34
2_085 005,1.89,0.55,0.32
2_154 003,1.89,0.35,0.59
2_004 005,0.94,0.64,0.34
2_262 003,0.94,0.52,0.34
2_130 001,0.94,0.51,0.35
2_008 003,0.94,0.48,0.37
2_131 005,0.94,0.35,0.55
2_241 004,0.94,0.61,0.34
2_094 002,0.94,0.55,0.35
2_147 003,0.94,0.56,0.37
2_028 004,0.94,0.23,0.3
2_218 003,0.94,0.6,0.34
2_228 003,0.94,0.33,0.52
2_075 004,0.94,0.57,0.33
2_249 003,0.94,0.48,0.34
2_238 005,0.94,0.3,0.55
2_081 002,0.94,0.29,0.27
2_089 004,0.94,0.56,0.33
2_209 005,0.94,0.57,0.34
2_174 005,0.94,0.32,0.6
2_205 005,0.94,0.59,0.34
2_066 001,0.94,0.34,0.64
2_066 002,0.94,0.34,0.64
2_109 004,0.94,0.61,0.34
2_233 002,0.94,0.51,0.36
2_201 005,0.94,0.25,0.58
2_265 004,0.94,0.64,0.33
2_265 003,0.94,0.53,0.35
2_163 004,0.94,0.62,0.29
2_206 001,0.94,0.51,0.36
2_222 002,0.94,0.48,0.33
2_041 005,0.94,0.59,0.34
2_053 005,0.94,0.5,0.38
2_157 001,0.94,0.56,0.34
2_282 001,0.94,0.48,0.35
2_190 002,0.94,0.59,0.34
2_021 003,0.94,0.45,0.35
2_148 004,0.94,0.32,0.56
2_263 003,0.94,0.58,0.33
2_007 003,0.94,0.62,0.32
2_158 004,0.94,0.48,0.34
2_044 003,0.94,0.58,0.33
2_044 005,0.94,0.7,0.34
2_198 004,0.94,0.59,0.34
2_198 005,0.94,0.63,0.35
2_234 005,0.94,0.63,0.33
2_001 005,0.94,0.59,0.32
2_083 004,0.94,0.33,0.62
2_236 004,0.94,0.46,0.35
2_212 004,0.94,0.29,0.53
2_169 003,0.94,0.32,0.61
2_242 003,0.94,0.5,0.37
2_136 002,0.94,0.45,0.34
2_191 002,0.94,0.44,0.34
2_032 004,0.94,0.55,0.36
2_270 004,0.94,0.51,0.35
2_076 005,0.94,0.24,0.29
2_055 004,0.94,0.6,0.34
2_006 003,0.94,0.54,0.34
2_074 002,0.94,0.67,0.32
2_187 001,0.94,0.69,0.33
2_153 004,0.94,0.56,0.35
2_125 001,0.94,0.58,0.35
2_084 002,0.94,0.68,0.32
2_004 003,0.0,0.66,0.34
2_090 005,0.0,0.52,0.34
2_090 004,0.0,0.64,0.34
2_232 005,0.0,0.45,0.35
2_207 005,0.0,0.47,0.35
2_141 004,0.0,0.47,0.37
2_141 003,0.0,0.5,0.36
2_141 005,0.0,0.55,0.34
2_141 001,0.0,0.48,0.36
2_262 005,0.0,0.61,0.33
2_176 005,0.0,0.51,0.36
2_277 004,0.0,0.59,0.32
2_277 005,0.0,0.62,0.33
2_130 005,0.0,0.52,0.35
2_130 003,0.0,0.58,0.37
2_130 004,0.0,0.48,0.35
2_253 004,0.0,0.57,0.33
2_253 005,0.0,0.59,0.32
2_097 005,0.0,0.51,0.35
2_097 004,0.0,0.51,0.35
2_097 003,0.0,0.49,0.35
2_203 004,0.0,0.47,0.35
2_203 002,0.0,0.43,0.32
2_203 005,0.0,0.44,0.35
2_203 003,0.0,0.53,0.35
2_102 003,0.0,0.61,0.33
2_102 005,0.0,0.57,0.32
2_102 004,0.0,0.53,0.32
2_008 005,0.0,0.48,0.35
2_008 004,0.0,0.51,0.37
2_115 003,0.0,0.67,0.33
2_115 004,0.0,0.44,0.35
2_115 005,0.0,0.42,0.37
2_215 005,0.0,0.51,0.34
2_106 005,0.0,0.57,0.34
2_106 003,0.0,0.57,0.36
2_106 002,0.0,0.56,0.32
2_106 004,0.0,0.6,0.33
2_241 005,0.0,0.6,0.34
2_094 003,0.0,0.45,0.35
2_094 004,0.0,0.51,0.35
2_094 005,0.0,0.55,0.34
2_147 004,0.0,0.61,0.35
2_147 005,0.0,0.37,0.46
2_147 002,0.0,0.49,0.37
2_028 005,0.0,0.3,0.32
2_183 004,0.0,0.5,0.35
2_183 005,0.0,0.39,0.26
2_183 003,0.0,0.5,0.34
2_038 004,0.0,0.61,0.34
2_038 005,0.0,0.48,0.38
2_038 002,0.0,0.65,0.33
2_038 003,0.0,0.54,0.37
2_038 001,0.0,0.47,0.36
2_240 005,0.0,0.65,0.33
2_164 004,0.0,0.56,0.34
2_164 005,0.0,0.6,0.32
2_164 003,0.0,0.59,0.35
2_164 002,0.0,0.63,0.33
2_208 003,0.0,0.47,0.36
2_208 004,0.0,0.47,0.35
2_208 005,0.0,0.47,0.35
2_091 005,0.0,0.48,0.35
2_091 004,0.0,0.64,0.34
2_091 003,0.0,0.52,0.34
2_U10-004 005,0.0,0.47,0.33
2_284 004,0.0,0.58,0.33
2_284 003,0.0,0.51,0.35
2_162 004,0.0,0.49,0.36
2_162 001,0.0,0.48,0.36
2_162 002,0.0,0.34,0.67
2_162 003,0.0,0.49,0.38
2_162 005,0.0,0.47,0.35
2_121 003,0.0,0.51,0.37
2_121 005,0.0,0.56,0.35
2_121 004,0.0,0.5,0.35
2_121 002,0.0,0.49,0.35
2_218 005,0.0,0.37,0.35
2_218 004,0.0,0.31,0.64
2_189 004,0.0,0.6,0.36
2_189 005,0.0,0.5,0.35
2_189 003,0.0,0.62,0.34
2_189 002,0.0,0.55,0.36
2_228 002,0.0,0.33,0.58
2_228 004,0.0,0.33,0.58
2_228 005,0.0,0.34,0.62
2_075 002,0.0,0.49,0.35
2_075 003,0.0,0.55,0.34
2_075 005,0.0,0.48,0.36
2_249 004,0.0,0.48,0.34
2_249 002,0.0,0.5,0.35
2_249 005,0.0,0.5,0.35
2_068 005,0.0,0.52,0.34
2_275 005,0.0,0.49,0.36
2_275 001,0.0,0.54,0.35
2_275 003,0.0,0.51,0.35
2_275 002,0.0,0.52,0.36
2_275 004,0.0,0.48,0.36
2_052 005,0.0,0.52,0.36
2_052 004,0.0,0.33,0.63
2_052 003,0.0,0.48,0.36
2_078 004,0.0,0.56,0.35
2_078 002,0.0,0.45,0.36
2_078 005,0.0,0.48,0.36
2_078 001,0.0,0.62,0.33
2_010 003,0.0,0.45,0.26
2_010 001,0.0,0.42,0.43
2_010 005,0.0,0.23,0.34
2_010 004,0.0,0.34,0.27
2_081 005,0.0,0.38,0.3
2_081 003,0.0,0.48,0.35
2_081 004,0.0,0.5,0.35
2_088 002,0.0,0.36,0.31
2_088 005,0.0,0.38,0.31
2_088 003,0.0,0.44,0.34
2_088 004,0.0,0.4,0.35
2_073 005,0.0,0.69,0.35
2_073 004,0.0,0.6,0.35
2_073 003,0.0,0.41,0.33
2_082 002,0.0,0.56,0.34
2_082 001,0.0,0.51,0.36
2_082 005,0.0,0.53,0.34
2_082 003,0.0,0.6,0.37
2_082 004,0.0,0.53,0.34
2_098 005,0.0,0.47,0.35
2_089 005,0.0,0.54,0.33
2_200 005,0.0,0.48,0.35
2_200 004,0.0,0.49,0.35
2_149 004,0.0,0.28,0.54
2_149 002,0.0,0.33,0.57
2_149 005,0.0,0.49,0.36
2_149 003,0.0,0.32,0.59
2_278 005,0.0,0.55,0.34
2_246 003,0.0,0.59,0.33
2_246 004,0.0,0.65,0.33
2_246 005,0.0,0.57,0.34
2_246 002,0.0,0.36,0.54
2_180 002,0.0,0.54,0.35
2_180 003,0.0,0.41,0.34
2_180 004,0.0,0.59,0.31
2_180 005,0.0,0.36,0.28
2_071 001,0.0,0.46,0.35
2_071 005,0.0,0.64,0.34
2_071 003,0.0,0.49,0.34
2_071 002,0.0,0.48,0.35
2_071 004,0.0,0.6,0.35
2_117 004,0.0,0.5,0.34
2_117 005,0.0,0.58,0.34
2_211 002,0.0,0.47,0.35
2_211 003,0.0,0.46,0.35
2_211 001,0.0,0.46,0.34
2_211 005,0.0,0.67,0.33
2_211 004,0.0,0.53,0.35
2_105 005,0.0,0.53,0.32
2_066 004,0.0,0.44,0.36
2_066 005,0.0,0.48,0.34
2_109 005,0.0,0.52,0.34
2_109 003,0.0,0.5,0.33
2_061 005,0.0,0.57,0.34
2_233 005,0.0,0.47,0.36
2_233 003,0.0,0.5,0.37
2_233 004,0.0,0.47,0.35
2_214 005,0.0,0.52,0.35
2_167 003,0.0,0.57,0.34
2_167 002,0.0,0.58,0.35
2_167 005,0.0,0.53,0.35
2_167 004,0.0,0.48,0.34
2_065 004,0.0,0.44,0.37
2_065 002,0.0,0.44,0.39
2_065 003,0.0,0.43,0.38
2_065 005,0.0,0.44,0.35
2_065 001,0.0,0.43,0.35
2_165 002,0.0,0.45,0.34
2_165 003,0.0,0.5,0.35
2_165 005,0.0,0.48,0.34
2_165 001,0.0,0.46,0.35
2_165 004,0.0,0.46,0.37
2_025 005,0.0,0.47,0.42
2_025 003,0.0,0.33,0.64
2_025 004,0.0,0.51,0.36
2_265 005,0.0,0.49,0.35
2_051 003,0.0,0.47,0.36
2_051 004,0.0,0.45,0.31
2_051 002,0.0,0.59,0.35
2_051 005,0.0,0.49,0.34
2_217 004,0.0,0.46,0.35
2_217 005,0.0,0.49,0.36
2_217 003,0.0,0.6,0.35
2_206 004,0.0,0.48,0.34
2_206 003,0.0,0.47,0.35
2_206 002,0.0,0.46,0.29
2_206 005,0.0,0.47,0.36
2_037 005,0.0,0.55,0.34
2_037 003,0.0,0.58,0.34
2_037 002,0.0,0.33,0.65
2_037 004,0.0,0.52,0.35
2_222 005,0.0,0.43,0.32
2_222 003,0.0,0.44,0.34
2_222 004,0.0,0.42,0.34
2_250 005,0.0,0.28,0.32
2_250 004,0.0,0.28,0.34
2_250 001,0.0,0.46,0.35
2_266 005,0.0,0.48,0.34
2_146 004,0.0,0.62,0.34
2_146 003,0.0,0.62,0.37
2_146 005,0.0,0.47,0.36
2_252 005,0.0,0.61,0.34
2_034 004,0.0,0.54,0.36
2_034 005,0.0,0.49,0.35
2_100 005,0.0,0.51,0.36
2_100 004,0.0,0.44,0.36
2_100 002,0.0,0.49,0.35
2_100 003,0.0,0.46,0.35
2_086 005,0.0,0.52,0.35
2_053 004,0.0,0.33,0.61
2_157 003,0.0,0.55,0.34
2_157 004,0.0,0.65,0.34
2_157 005,0.0,0.64,0.34
2_104 005,0.0,0.53,0.34
2_104 003,0.0,0.6,0.34
2_104 004,0.0,0.49,0.34
2_104 002,0.0,0.57,0.35
2_104 001,0.0,0.58,0.34
2_282 004,0.0,0.5,0.35
2_282 005,0.0,0.49,0.34
2_282 002,0.0,0.53,0.37
2_282 003,0.0,0.52,0.35
2_020 002,0.0,0.65,0.34
2_020 005,0.0,0.49,0.33
2_020 001,0.0,0.66,0.33
2_020 004,0.0,0.64,0.35
2_020 003,0.0,0.69,0.33
2_224 005,0.0,0.6,0.35
2_179 003,0.0,0.42,0.38
2_179 001,0.0,0.5,0.39
2_179 005,0.0,0.53,0.33
2_179 002,0.0,0.56,0.36
2_179 004,0.0,0.46,0.37
2_031 005,0.0,0.59,0.34
2_239 003,0.0,0.64,0.32
2_239 002,0.0,0.49,0.34
2_239 004,0.0,0.52,0.36
2_239 005,0.0,0.49,0.37
2_239 001,0.0,0.47,0.35
2_016 003,0.0,0.47,0.34
2_016 005,0.0,0.5,0.36
2_016 004,0.0,0.44,0.43
2_016 002,0.0,0.47,0.34
2_210 005,0.0,0.32,0.61
2_122 004,0.0,0.59,0.34
2_122 005,0.0,0.68,0.33
2_122 003,0.0,0.51,0.34
2_128 003,0.0,0.55,0.36
2_128 004,0.0,0.42,0.36
2_128 005,0.0,0.52,0.33
2_128 002,0.0,0.45,0.36
2_128 001,0.0,0.54,0.36
2_138 005,0.0,0.49,0.35
2_138 001,0.0,0.49,0.36
2_138 002,0.0,0.46,0.36
2_138 004,0.0,0.41,0.42
2_138 003,0.0,0.44,0.33
2_190 005,0.0,0.45,0.37
2_021 004,0.0,0.51,0.35
2_021 005,0.0,0.47,0.38
2_263 005,0.0,0.65,0.35
2_139 005,0.0,0.48,0.35
2_007 005,0.0,0.7,0.33
2_007 004,0.0,0.48,0.36
2_158 005,0.0,0.5,0.35
2_168 004,0.0,0.47,0.35
2_168 002,0.0,0.51,0.35
2_168 003,0.0,0.49,0.35
2_168 005,0.0,0.5,0.34
2_194 004,0.0,0.49,0.35
2_194 003,0.0,0.47,0.34
2_166 005,0.0,0.69,0.33
2_044 004,0.0,0.5,0.35
2_178 005,0.0,0.47,0.35
2_178 001,0.0,0.48,0.34
2_178 002,0.0,0.57,0.35
2_178 004,0.0,0.48,0.35
2_178 003,0.0,0.48,0.37
2_188 005,0.0,0.67,0.35
2_188 003,0.0,0.47,0.36
2_188 004,0.0,0.44,0.35
2_072 005,0.0,0.59,0.34
2_072 004,0.0,0.46,0.37
2_216 004,0.0,0.49,0.35
2_216 003,0.0,0.35,0.61
2_216 005,0.0,0.46,0.34
2_127 005,0.0,0.48,0.35
2_150 005,0.0,0.48,0.38
2_150 004,0.0,0.51,0.35
2_U10-008 005,0.0,0.5,0.33
2_U10-008 004,0.0,0.52,0.34
2_260 001,0.0,0.3,0.56
2_260 005,0.0,0.29,0.55
2_260 004,0.0,0.32,0.51
2_260 002,0.0,0.29,0.52
2_260 003,0.0,0.31,0.51
2_177 004,0.0,0.48,0.35
2_177 003,0.0,0.49,0.35
2_177 005,0.0,0.49,0.35
2_110 003,0.0,0.49,0.34
2_110 002,0.0,0.43,0.32
2_110 004,0.0,0.43,0.36
2_110 005,0.0,0.41,0.34
2_110 001,0.0,0.45,0.34
2_054 004,0.0,0.52,0.37
2_054 005,0.0,0.44,0.37
2_227 003,0.0,0.52,0.34
2_227 002,0.0,0.5,0.36
2_227 004,0.0,0.53,0.35
2_227 005,0.0,0.47,0.36
2_227 001,0.0,0.53,0.35
2_145 004,0.0,0.61,0.34
2_145 002,0.0,0.52,0.33
2_145 003,0.0,0.5,0.35
2_145 005,0.0,0.55,0.33
2_005 004,0.0,0.55,0.36
2_005 002,0.0,0.47,0.35
2_005 005,0.0,0.55,0.36
2_005 003,0.0,0.57,0.36
2_245 003,0.0,0.47,0.34
2_245 005,0.0,0.46,0.35
2_047 004,0.0,0.33,0.65
2_047 002,0.0,0.33,0.68
2_047 005,0.0,0.3,0.57
2_049 004,0.0,0.26,0.29
2_049 002,0.0,0.26,0.33
2_049 005,0.0,0.28,0.29
2_049 003,0.0,0.29,0.32
2_124 005,0.0,0.7,0.34
2_124 004,0.0,0.5,0.34
2_236 005,0.0,0.46,0.34
2_220 003,0.0,0.44,0.35
2_220 005,0.0,0.63,0.33
2_220 004,0.0,0.53,0.34
2_220 002,0.0,0.57,0.34
2_116 002,0.0,0.67,0.34
2_116 003,0.0,0.67,0.33
2_116 004,0.0,0.68,0.33
2_116 005,0.0,0.63,0.34
2_212 005,0.0,0.31,0.51
2_243 005,0.0,0.45,0.34
2_169 004,0.0,0.36,0.41
2_169 005,0.0,0.37,0.3
2_229 005,0.0,0.48,0.37
2_229 003,0.0,0.47,0.34
2_056 003,0.0,0.47,0.35
2_056 002,0.0,0.47,0.35
2_056 005,0.0,0.49,0.35
2_056 004,0.0,0.5,0.34
2_242 002,0.0,0.62,0.33
2_242 004,0.0,0.32,0.27
2_242 005,0.0,0.49,0.36
2_009 004,0.0,0.5,0.35
2_009 005,0.0,0.32,0.43
2_272 005,0.0,0.63,0.33
2_123 001,0.0,0.51,0.39
2_123 002,0.0,0.55,0.37
2_123 005,0.0,0.53,0.36
2_123 004,0.0,0.51,0.36
2_123 003,0.0,0.52,0.36
2_129 004,0.0,0.54,0.37
2_129 003,0.0,0.5,0.35
2_129 002,0.0,0.61,0.34
2_129 001,0.0,0.58,0.33
2_129 005,0.0,0.59,0.33
2_064 004,0.0,0.58,0.33
2_064 005,0.0,0.46,0.32
2_017 005,0.0,0.34,0.59
2_134 003,0.0,0.33,0.6
2_134 005,0.0,0.54,0.38
2_134 004,0.0,0.52,0.35
2_160 005,0.0,0.57,0.34
2_267 005,0.0,0.5,0.36
2_267 004,0.0,0.5,0.34
2_135 002,0.0,0.48,0.36
2_135 005,0.0,0.47,0.35
2_135 004,0.0,0.49,0.36
2_135 003,0.0,0.5,0.34
2_235 005,0.0,0.59,0.34
2_235 004,0.0,0.59,0.35
2_080 005,0.0,0.42,0.34
2_087 005,0.0,0.56,0.35
2_087 002,0.0,0.46,0.36
2_087 004,0.0,0.44,0.35
2_087 003,0.0,0.47,0.35
2_256 004,0.0,0.48,0.35
2_256 005,0.0,0.58,0.32
2_063 005,0.0,0.48,0.32
2_063 003,0.0,0.61,0.34
2_063 004,0.0,0.55,0.33
2_063 002,0.0,0.56,0.34
2_063 001,0.0,0.58,0.35
2_013 003,0.0,0.56,0.36
2_013 004,0.0,0.47,0.35
2_013 005,0.0,0.69,0.33
2_136 004,0.0,0.44,0.35
2_136 005,0.0,0.45,0.34
2_191 004,0.0,0.44,0.32
2_191 005,0.0,0.44,0.34
2_118 005,0.0,0.47,0.34
2_032 005,0.0,0.49,0.35
2_137 004,0.0,0.26,0.61
2_137 005,0.0,0.3,0.61
2_137 003,0.0,0.34,0.64
2_076 003,0.0,0.48,0.36
2_120 002,0.0,0.49,0.35
2_120 005,0.0,0.51,0.36
2_120 004,0.0,0.48,0.35
2_120 003,0.0,0.48,0.36
2_095 003,0.0,0.48,0.35
2_095 001,0.0,0.59,0.35
2_095 004,0.0,0.53,0.35
2_095 002,0.0,0.46,0.36
2_095 005,0.0,0.56,0.37
2_062 005,0.0,0.28,0.5
2_062 004,0.0,0.33,0.58
2_062 002,0.0,0.33,0.57
2_195 005,0.0,0.45,0.33
2_195 003,0.0,0.44,0.34
2_195 004,0.0,0.52,0.35
2_195 002,0.0,0.47,0.35
2_181 005,0.0,0.58,0.34
2_006 004,0.0,0.52,0.35
2_006 005,0.0,0.5,0.38
2_074 005,0.0,0.54,0.34
2_074 003,0.0,0.33,0.47
2_223 002,0.0,0.4,0.4
2_223 003,0.0,0.41,0.41
2_223 004,0.0,0.42,0.43
2_223 001,0.0,0.5,0.35
2_223 005,0.0,0.38,0.4
2_199 004,0.0,0.53,0.33
2_199 005,0.0,0.55,0.37
2_187 004,0.0,0.56,0.35
2_187 003,0.0,0.64,0.34
2_187 002,0.0,0.52,0.36
2_187 005,0.0,0.64,0.35
2_171 004,0.0,0.55,0.34
2_171 005,0.0,0.53,0.34
2_171 002,0.0,0.47,0.34
2_039 005,0.0,0.25,0.27
2_237 004,0.0,0.48,0.35
2_237 005,0.0,0.51,0.35
2_057 003,0.0,0.44,0.35
2_057 005,0.0,0.43,0.36
2_057 001,0.0,0.39,0.41
2_057 002,0.0,0.37,0.4
2_057 004,0.0,0.44,0.33
2_153 003,0.0,0.56,0.29
2_153 005,0.0,0.57,0.33
2_099 004,0.0,0.44,0.33
2_099 003,0.0,0.5,0.34
2_099 002,0.0,0.49,0.35
2_099 005,0.0,0.45,0.32
2_103 004,0.0,0.44,0.35
2_103 002,0.0,0.5,0.36
2_103 005,0.0,0.45,0.34
2_103 003,0.0,0.5,0.28
2_156 005,0.0,0.28,0.5
2_156 004,0.0,0.31,0.54
2_156 002,0.0,0.26,0.58
2_156 003,0.0,0.3,0.55
2_125 002,0.0,0.62,0.34
2_125 003,0.0,0.5,0.34
2_125 005,0.0,0.46,0.34
2_125 004,0.0,0.63,0.33
2_225 002,0.0,0.5,0.36
2_225 005,0.0,0.54,0.36
2_225 004,0.0,0.54,0.37
2_225 003,0.0,0.46,0.35
2_225 001,0.0,0.48,0.36
2_159 005,0.0,0.35,0.33
2_159 004,0.0,0.53,0.35
2_159 003,0.0,0.59,0.34
2_159 002,0.0,0.56,0.35
2_159 001,0.0,0.58,0.35
2_000 003,0.0,0.43,0.36
2_000 004,0.0,0.44,0.38
2_000 005,0.0,0.45,0.39
2_107 002,0.0,0.6,0.36
2_107 003,0.0,0.56,0.35
2_107 004,0.0,0.46,0.34
2_107 005,0.0,0.44,0.35
2_161 005,0.0,0.31,0.51
2_161 004,0.0,0.44,0.38
2_161 002,0.0,0.31,0.5
2_161 003,0.0,0.46,0.35
2_161 001,0.0,0.31,0.58
2_219 004,0.0,0.25,0.54
2_219 005,0.0,0.35,0.5
2_219 002,0.0,0.33,0.51
2_219 003,0.0,0.27,0.55
2_096 005,0.0,0.46,0.33
2_U10-002 005,0.0,0.32,0.51
2_084 005,0.0,0.51,0.33
2_084 004,0.0,0.68,0.34
2_093 003,0.0,0.45,0.27
2_093 004,0.0,0.53,0.35
2_093 005,0.0,0.48,0.36
2_093 002,0.0,0.48,0.34
2_059 005,0.0,0.51,0.32
2_059 004,0.0,0.49,0.34
2_059 003,0.0,0.5,0.34
2_202 005,0.0,0.46,0.36
2_170 005,0.0,0.63,0.36
2_151 001,0.0,0.57,0.33
2_151 003,0.0,0.68,0.33
2_151 004,0.0,0.5,0.23
2_151 005,0.0,0.44,0.25
2_151 002,0.0,0.62,0.32
2_185 005,0.0,0.55,0.34
2_185 004,0.0,0.67,0.34
2_185 003,0.0,0.69,0.34
2_119 004,0.0,0.45,0.34
2_119 005,0.0,0.56,0.34
2_045 004,0.0,0.49,0.35
2_045 005,0.0,0.48,0.36
2_154 004,0.0,0.35,0.53
2_154 005,0.0,0.33,0.53
2_261 003,0.0,0.45,0.35
2_261 004,0.0,0.51,0.36
2_261 005,0.0,0.45,0.34
