13_U100-001 002,95.13,0.73,0.36
13_U100-005 002,95.13,0.74,0.36
13_U100-007 001,94.62,0.74,0.34
13_U100-001 004,94.62,0.71,0.36
13_U100-001 005,94.62,0.73,0.36
13_U100-005 003,94.62,0.74,0.36
13_U100-001 003,94.36,0.74,0.36
13_U100-001 001,94.36,0.73,0.35
13_U100-003 001,94.36,0.74,0.34
13_U100-005 004,94.36,0.74,0.33
13_U100-005 001,94.36,0.74,0.36
13_U100-007 002,94.1,0.74,0.34
13_U100-002 002,94.1,0.74,0.36
13_U100-007 003,93.85,0.74,0.36
13_U100-002 001,93.85,0.73,0.34
13_U100-006 001,93.85,0.73,0.33
13_U100-005 005,93.85,0.74,0.33
13_U100-002 005,93.59,0.71,0.36
13_U100-004 003,93.59,0.72,0.36
13_U100-004 001,93.59,0.73,0.33
13_U100-003 004,93.59,0.73,0.33
13_U100-003 003,93.33,0.73,0.36
13_U100-002 004,93.08,0.71,0.36
13_U100-002 003,93.08,0.72,0.36
13_U100-004 004,93.08,0.73,0.36
13_U100-000 005,92.82,0.74,0.33
13_U100-000 001,92.82,0.75,0.36
13_U100-000 004,92.82,0.74,0.33
13_U100-000 003,92.82,0.74,0.33
13_U100-006 003,92.82,0.73,0.36
13_U100-003 002,92.82,0.73,0.34
13_U100-004 002,92.56,0.71,0.36
13_U100-006 002,92.56,0.73,0.35
13_U100-006 005,92.56,0.73,0.34
13_U100-003 005,92.56,0.74,0.36
13_U100-000 002,92.05,0.74,0.34
13_U100-004 005,91.79,0.71,0.35
13_U100-006 004,91.79,0.74,0.36
13_U10-006 002,91.28,0.73,0.36
13_U10-003 001,89.74,0.73,0.34
13_U10-006 003,89.74,0.74,0.36
13_U10-006 001,89.74,0.72,0.35
13_U10-007 001,89.74,0.73,0.36
13_U10-009 001,89.23,0.7,0.36
13_U10-008 002,89.23,0.69,0.35
13_U10-006 005,89.23,0.71,0.35
13_U10-001 001,88.46,0.68,0.35
13_U10-009 002,88.46,0.74,0.36
13_U10-003 002,88.46,0.72,0.36
13_U10-004 002,88.46,0.72,0.36
13_050 001,88.46,0.71,0.36
13_U10-008 001,88.46,0.71,0.36
13_U10-007 002,88.46,0.71,0.34
13_U10-001 002,88.21,0.68,0.35
13_143 001,88.21,0.65,0.33
13_U10-003 003,88.21,0.74,0.36
13_U10-006 004,88.21,0.68,0.35
13_015 001,88.21,0.72,0.34
13_U10-005 002,88.21,0.72,0.35
13_012 001,88.21,0.7,0.33
13_052 001,87.95,0.64,0.33
13_U10-005 001,87.95,0.71,0.35
13_U10-009 003,87.69,0.72,0.36
13_U10-004 003,87.69,0.71,0.35
13_143 002,87.44,0.65,0.33
13_U10-004 001,87.44,0.71,0.36
13_U10-002 001,87.44,0.7,0.35
13_U10-001 003,87.18,0.68,0.35
13_143 004,87.18,0.65,0.33
13_143 003,87.18,0.65,0.33
13_U10-003 004,87.18,0.73,0.36
13_U10-004 005,87.18,0.71,0.35
13_046 001,86.92,0.6,0.32
13_164 001,86.92,0.73,0.34
13_028 001,86.92,0.71,0.33
13_U10-008 003,86.92,0.71,0.34
13_173 001,86.92,0.65,0.33
13_U10-005 003,86.92,0.71,0.35
13_U10-009 004,86.67,0.74,0.36
13_U10-004 004,86.67,0.71,0.35
13_050 002,86.67,0.71,0.36
13_U10-005 004,86.67,0.71,0.35
13_U10-003 005,86.41,0.71,0.36
13_135 001,86.15,0.64,0.34
13_114 001,86.15,0.7,0.36
13_U10-008 004,86.15,0.68,0.35
13_U10-005 005,86.15,0.71,0.34
13_U10-002 003,86.15,0.72,0.33
13_114 002,85.9,0.69,0.35
13_U10-009 005,85.9,0.7,0.35
13_U10-000 001,85.9,0.67,0.35
13_175 001,85.9,0.71,0.34
13_050 003,85.9,0.73,0.33
13_U10-008 005,85.9,0.7,0.35
13_000 002,85.9,0.71,0.36
13_U10-001 005,85.64,0.68,0.35
13_031 001,85.64,0.66,0.34
13_U10-000 003,85.64,0.72,0.36
13_U10-000 004,85.64,0.7,0.35
13_164 002,85.64,0.74,0.34
13_028 004,85.64,0.7,0.32
13_028 002,85.64,0.69,0.34
13_U10-007 003,85.64,0.72,0.35
13_000 001,85.64,0.72,0.36
13_U10-002 002,85.64,0.73,0.36
13_U10-001 004,85.38,0.7,0.36
13_U10-000 002,85.38,0.7,0.35
13_U10-000 005,85.38,0.7,0.35
13_000 004,85.38,0.72,0.33
13_015 002,85.38,0.72,0.36
13_064 002,85.38,0.65,0.33
13_040 001,85.13,0.65,0.33
13_236 001,85.13,0.68,0.36
13_028 003,85.13,0.72,0.36
13_119 001,85.13,0.65,0.33
13_112 001,84.87,0.71,0.36
13_131 001,84.87,0.67,0.34
13_054 001,84.87,0.65,0.33
13_173 002,84.87,0.64,0.33
13_U10-002 004,84.87,0.7,0.35
13_064 001,84.87,0.66,0.34
13_114 003,84.62,0.68,0.36
13_174 001,84.62,0.65,0.34
13_091 001,84.62,0.68,0.35
13_160 001,84.62,0.69,0.35
13_075 001,84.62,0.64,0.34
13_196 001,84.62,0.67,0.34
13_000 003,84.62,0.73,0.34
13_018 001,84.36,0.71,0.36
13_114 005,84.36,0.7,0.35
13_052 002,84.36,0.62,0.32
13_050 004,84.36,0.69,0.35
13_U10-007 004,84.36,0.68,0.35
13_015 003,84.36,0.7,0.33
13_117 001,84.36,0.68,0.35
13_232 001,84.1,0.71,0.34
13_123 001,84.1,0.65,0.35
13_164 003,84.1,0.73,0.33
13_208 001,84.1,0.61,0.32
13_172 002,84.1,0.65,0.33
13_066 001,84.1,0.72,0.33
13_119 002,84.1,0.66,0.33
13_115 002,83.85,0.65,0.35
13_212 001,83.85,0.64,0.34
13_164 004,83.85,0.74,0.34
13_U10-007 005,83.85,0.66,0.32
13_172 001,83.85,0.65,0.33
13_015 004,83.85,0.71,0.33
13_040 002,83.59,0.66,0.34
13_115 001,83.59,0.69,0.36
13_143 005,83.59,0.64,0.32
13_175 002,83.59,0.71,0.35
13_236 002,83.59,0.69,0.36
13_028 005,83.59,0.69,0.33
13_U10-002 005,83.59,0.68,0.35
13_112 003,83.33,0.7,0.35
13_114 004,83.33,0.66,0.34
13_012 002,83.33,0.7,0.33
13_135 002,83.08,0.65,0.35
13_111 001,83.08,0.7,0.33
13_112 002,83.08,0.71,0.34
13_020 001,83.08,0.73,0.35
13_119 003,83.08,0.68,0.36
13_119 004,83.08,0.68,0.33
13_174 002,82.82,0.63,0.33
13_040 003,82.56,0.65,0.34
13_218 001,82.56,0.63,0.33
13_025 001,82.56,0.68,0.33
13_117 002,82.56,0.64,0.35
13_064 005,82.56,0.65,0.33
13_212 003,82.31,0.58,0.33
13_131 002,82.31,0.7,0.34
13_050 005,82.31,0.69,0.35
13_047 002,82.31,0.62,0.34
13_064 004,82.31,0.69,0.33
13_064 003,82.31,0.64,0.34
13_038 001,82.05,0.64,0.33
13_111 002,82.05,0.7,0.35
13_115 003,82.05,0.66,0.35
13_046 002,82.05,0.67,0.33
13_175 003,82.05,0.7,0.33
13_160 002,82.05,0.69,0.35
13_117 003,82.05,0.67,0.35
13_047 001,82.05,0.64,0.34
13_081 001,81.79,0.71,0.34
13_038 002,81.79,0.7,0.34
13_146 001,81.79,0.57,0.32
13_147 001,81.79,0.63,0.34
13_236 003,81.79,0.7,0.33
13_000 005,81.79,0.71,0.33
13_003 001,81.54,0.69,0.35
13_111 003,81.54,0.69,0.33
13_067 001,81.54,0.64,0.34
13_097 001,81.54,0.71,0.33
13_117 004,81.54,0.67,0.33
13_053 002,81.54,0.65,0.35
13_232 002,81.28,0.68,0.35
13_168 001,81.28,0.66,0.35
13_031 002,81.28,0.7,0.34
13_186 001,81.28,0.61,0.34
13_075 002,81.28,0.65,0.34
13_196 002,81.28,0.68,0.36
13_077 001,81.28,0.71,0.34
13_213 001,81.28,0.64,0.34
13_117 005,81.28,0.66,0.33
13_053 001,81.28,0.66,0.35
13_253 001,81.28,0.6,0.33
13_104 001,81.03,0.65,0.32
13_038 004,81.03,0.62,0.33
13_249 001,81.03,0.63,0.33
13_031 003,81.03,0.64,0.33
13_218 002,81.03,0.64,0.33
13_043 001,81.03,0.66,0.35
13_097 002,81.03,0.69,0.32
13_098 001,81.03,0.65,0.33
13_079 001,81.03,0.67,0.34
13_038 003,80.77,0.65,0.33
13_020 002,80.77,0.66,0.35
13_174 003,80.77,0.61,0.32
13_011 001,80.77,0.67,0.35
13_212 002,80.77,0.58,0.31
13_082 001,80.77,0.66,0.35
13_006 001,80.77,0.64,0.34
13_115 004,80.51,0.62,0.35
13_220 001,80.26,0.68,0.35
13_188 001,80.26,0.68,0.33
13_097 004,80.26,0.68,0.31
13_097 005,80.26,0.71,0.36
13_248 001,80.26,0.73,0.36
13_119 005,80.26,0.66,0.33
13_006 002,80.26,0.65,0.35
13_105 001,80.0,0.63,0.33
13_167 002,80.0,0.58,0.32
13_086 001,80.0,0.68,0.33
13_247 001,80.0,0.66,0.33
13_098 002,80.0,0.63,0.34
13_047 003,80.0,0.62,0.32
13_053 003,80.0,0.66,0.35
13_012 003,80.0,0.7,0.34
13_127 001,80.0,0.69,0.35
13_081 002,79.74,0.65,0.36
13_072 001,79.74,0.71,0.33
13_020 003,79.74,0.68,0.33
13_067 002,79.74,0.64,0.34
13_187 001,79.74,0.68,0.34
13_077 002,79.74,0.69,0.35
13_106 001,79.49,0.7,0.36
13_121 001,79.49,0.63,0.34
13_218 003,79.49,0.66,0.34
13_164 005,79.49,0.71,0.35
13_082 002,79.49,0.63,0.33
13_024 001,79.49,0.66,0.37
13_141 001,79.49,0.58,0.31
13_097 003,79.49,0.67,0.31
13_104 002,79.23,0.68,0.34
13_106 002,79.23,0.7,0.36
13_040 004,79.23,0.63,0.36
13_115 005,79.23,0.68,0.31
13_226 001,79.23,0.63,0.33
13_172 003,79.23,0.64,0.33
13_053 004,79.23,0.66,0.35
13_006 003,79.23,0.64,0.33
13_038 005,78.97,0.65,0.34
13_249 003,78.97,0.63,0.34
13_167 001,78.97,0.64,0.35
13_155 001,78.97,0.67,0.32
13_106 003,78.72,0.71,0.36
13_005 001,78.72,0.7,0.35
13_212 004,78.72,0.58,0.33
13_033 001,78.72,0.68,0.33
13_131 003,78.72,0.69,0.32
13_216 001,78.72,0.6,0.32
13_066 002,78.72,0.71,0.35
13_088 001,78.72,0.61,0.32
13_137 001,78.46,0.69,0.35
13_018 002,78.46,0.71,0.35
13_063 001,78.46,0.68,0.36
13_005 002,78.46,0.71,0.36
13_077 003,78.46,0.66,0.34
13_021 001,78.46,0.69,0.34
13_213 002,78.46,0.61,0.35
13_232 003,78.21,0.69,0.34
13_091 002,78.21,0.68,0.32
13_196 003,78.21,0.67,0.36
13_049 002,78.21,0.59,0.31
13_049 001,78.21,0.61,0.31
13_098 003,78.21,0.64,0.34
13_129 001,78.21,0.66,0.33
13_052 003,77.95,0.59,0.3
13_123 002,77.95,0.63,0.33
13_175 005,77.95,0.7,0.35
13_176 001,77.95,0.66,0.34
13_011 002,77.95,0.67,0.34
13_218 004,77.95,0.65,0.34
13_202 001,77.95,0.65,0.33
13_226 002,77.95,0.61,0.33
13_019 001,77.95,0.67,0.32
13_148 001,77.95,0.69,0.33
13_072 003,77.69,0.69,0.35
13_011 003,77.69,0.69,0.36
13_236 004,77.69,0.66,0.35
13_132 001,77.69,0.63,0.33
13_142 001,77.69,0.61,0.33
13_077 004,77.69,0.69,0.35
13_047 004,77.69,0.68,0.33
13_148 002,77.69,0.7,0.33
13_249 002,77.44,0.62,0.32
13_220 002,77.44,0.68,0.35
13_188 002,77.44,0.68,0.33
13_242 001,77.18,0.64,0.34
13_111 004,77.18,0.7,0.32
13_091 004,77.18,0.63,0.33
13_233 003,77.18,0.61,0.32
13_045 001,77.18,0.5,0.29
13_053 005,77.18,0.66,0.35
13_018 003,76.92,0.72,0.36
13_001 001,76.92,0.7,0.34
13_005 003,76.92,0.7,0.34
13_175 004,76.92,0.68,0.32
13_151 001,76.92,0.65,0.34
13_091 003,76.92,0.64,0.33
13_242 002,76.67,0.65,0.32
13_106 005,76.67,0.68,0.35
13_137 002,76.67,0.7,0.35
13_072 002,76.67,0.7,0.34
13_123 003,76.67,0.62,0.32
13_228 001,76.67,0.67,0.33
13_069 001,76.67,0.69,0.36
13_208 002,76.67,0.61,0.33
13_248 002,76.67,0.7,0.36
13_021 002,76.67,0.67,0.35
13_232 004,76.41,0.66,0.35
13_111 005,76.41,0.7,0.33
13_113 001,76.41,0.71,0.35
13_052 004,76.41,0.59,0.32
13_005 004,76.41,0.65,0.33
13_176 002,76.41,0.66,0.34
13_186 002,76.41,0.63,0.32
13_160 003,76.41,0.69,0.33
13_082 003,76.41,0.61,0.36
13_049 004,76.41,0.57,0.31
13_021 004,76.41,0.67,0.33
13_129 002,76.41,0.66,0.35
13_023 001,76.15,0.7,0.35
13_072 004,76.15,0.7,0.32
13_054 003,76.15,0.65,0.35
13_073 001,76.15,0.69,0.35
13_180 001,76.15,0.65,0.33
13_253 002,76.15,0.61,0.32
13_061 001,75.9,0.7,0.33
13_039 001,75.9,0.64,0.33
13_074 001,75.9,0.65,0.34
13_101 002,75.9,0.56,0.31
13_220 004,75.9,0.67,0.32
13_233 001,75.9,0.67,0.35
13_241 001,75.9,0.61,0.32
13_066 003,75.9,0.72,0.33
13_073 002,75.9,0.68,0.35
13_054 002,75.64,0.63,0.36
13_248 003,75.64,0.71,0.36
13_173 003,75.64,0.62,0.32
13_125 001,75.64,0.69,0.33
13_225 001,75.38,0.69,0.35
13_005 005,75.38,0.68,0.35
13_155 003,75.38,0.67,0.32
13_220 005,75.38,0.67,0.32
13_086 003,75.38,0.65,0.34
13_215 001,75.38,0.67,0.35
13_170 001,75.38,0.65,0.35
13_066 005,75.38,0.72,0.34
13_047 005,75.38,0.69,0.33
13_127 002,75.38,0.69,0.36
13_128 001,75.38,0.7,0.36
13_023 002,75.13,0.66,0.35
13_089 001,75.13,0.63,0.35
13_010 002,75.13,0.67,0.33
13_112 004,75.13,0.69,0.35
13_031 004,75.13,0.69,0.33
13_084 001,75.13,0.57,0.33
13_154 002,75.13,0.63,0.36
13_183 001,75.13,0.63,0.35
13_185 001,75.13,0.69,0.34
13_226 003,75.13,0.59,0.33
13_073 003,75.13,0.68,0.35
13_019 002,75.13,0.66,0.33
13_150 001,75.13,0.61,0.37
13_072 005,74.87,0.72,0.32
13_113 002,74.87,0.71,0.34
13_020 004,74.87,0.67,0.35
13_093 002,74.87,0.67,0.35
13_154 001,74.87,0.59,0.34
13_155 002,74.87,0.7,0.33
13_220 003,74.87,0.66,0.35
13_069 002,74.87,0.7,0.34
13_233 002,74.87,0.67,0.35
13_049 003,74.87,0.6,0.31
13_021 003,74.87,0.66,0.34
13_213 003,74.87,0.62,0.32
13_127 003,74.87,0.69,0.35
13_151 002,74.62,0.61,0.35
13_131 004,74.62,0.66,0.33
13_054 004,74.62,0.65,0.32
13_086 002,74.62,0.68,0.36
13_180 002,74.62,0.64,0.33
13_127 004,74.62,0.69,0.35
13_106 004,74.36,0.67,0.32
13_189 001,74.36,0.65,0.33
13_003 002,74.36,0.72,0.35
13_010 001,74.36,0.68,0.35
13_166 001,74.36,0.65,0.34
13_222 001,74.36,0.66,0.34
13_067 003,74.36,0.6,0.33
13_101 001,74.36,0.67,0.33
13_033 002,74.36,0.68,0.35
13_233 004,74.36,0.68,0.34
13_142 002,74.36,0.62,0.33
13_245 001,74.36,0.68,0.33
13_079 002,74.36,0.66,0.33
13_093 001,74.1,0.64,0.36
13_151 003,74.1,0.65,0.35
13_033 003,74.1,0.66,0.35
13_086 004,74.1,0.65,0.35
13_215 002,74.1,0.64,0.32
13_248 004,74.1,0.67,0.35
13_128 002,74.1,0.64,0.35
13_016 001,74.1,0.63,0.32
13_166 003,73.85,0.69,0.35
13_144 001,73.85,0.6,0.36
13_145 001,73.85,0.64,0.35
13_228 002,73.85,0.64,0.33
13_186 003,73.85,0.6,0.33
13_187 002,73.85,0.5,0.32
13_160 004,73.85,0.67,0.35
13_216 003,73.85,0.59,0.33
13_247 002,73.85,0.65,0.35
13_019 003,73.85,0.58,0.33
13_150 002,73.85,0.63,0.35
13_079 003,73.85,0.65,0.33
13_001 002,73.59,0.69,0.35
13_009 001,73.59,0.72,0.36
13_131 005,73.59,0.69,0.32
13_241 002,73.59,0.68,0.33
13_216 002,73.59,0.64,0.33
13_066 004,73.59,0.7,0.32
13_025 002,73.59,0.66,0.33
13_148 003,73.59,0.7,0.33
13_079 004,73.59,0.63,0.34
13_089 002,73.33,0.59,0.36
13_087 001,73.33,0.69,0.34
13_124 001,73.33,0.66,0.33
13_054 005,73.33,0.65,0.32
13_161 001,73.33,0.59,0.33
13_124 002,73.08,0.67,0.36
13_215 003,73.08,0.67,0.35
13_172 004,73.08,0.59,0.32
13_015 005,73.08,0.37,0.3
13_134 001,72.82,0.55,0.31
13_063 002,72.82,0.51,0.38
13_226 004,72.82,0.58,0.32
13_129 004,72.82,0.63,0.35
13_091 005,72.56,0.65,0.35
13_252 001,72.56,0.42,0.53
13_069 004,72.56,0.66,0.34
13_158 001,72.31,0.65,0.36
13_137 003,72.31,0.68,0.35
13_167 004,72.31,0.55,0.33
13_122 001,72.31,0.68,0.32
13_101 003,72.31,0.66,0.31
13_033 005,72.31,0.68,0.35
13_183 002,72.31,0.64,0.32
13_069 003,72.31,0.68,0.36
13_248 005,72.31,0.67,0.35
13_088 003,72.31,0.65,0.33
13_191 001,72.05,0.57,0.32
13_138 001,72.05,0.67,0.36
13_177 001,72.05,0.67,0.35
13_223 002,72.05,0.67,0.35
13_249 004,71.79,0.62,0.32
13_166 002,71.79,0.68,0.35
13_167 003,71.79,0.6,0.33
13_177 002,71.79,0.67,0.35
13_132 003,71.79,0.65,0.35
13_142 003,71.79,0.61,0.34
13_223 001,71.79,0.68,0.35
13_229 001,71.79,0.69,0.33
13_021 005,71.79,0.66,0.34
13_088 002,71.79,0.6,0.31
13_162 001,71.54,0.64,0.32
13_207 001,71.54,0.66,0.35
13_140 001,71.54,0.62,0.33
13_182 001,71.54,0.55,0.35
13_217 001,71.28,0.68,0.33
13_206 001,71.28,0.61,0.34
13_042 002,71.28,0.67,0.33
13_042 001,71.28,0.67,0.34
13_092 001,71.28,0.47,0.34
13_139 001,71.28,0.61,0.33
13_073 004,71.28,0.67,0.35
13_019 004,71.28,0.64,0.33
13_129 003,71.28,0.63,0.36
13_112 005,71.03,0.7,0.32
13_144 002,71.03,0.61,0.34
13_022 001,71.03,0.65,0.36
13_154 003,71.03,0.63,0.35
13_130 001,71.03,0.59,0.34
13_149 001,71.03,0.69,0.35
13_206 002,70.77,0.61,0.35
13_087 002,70.77,0.61,0.34
13_063 003,70.77,0.4,0.39
13_244 001,70.77,0.61,0.33
13_132 002,70.77,0.59,0.34
13_203 001,70.77,0.6,0.34
13_018 004,70.51,0.69,0.34
13_087 003,70.51,0.69,0.36
13_238 001,70.51,0.69,0.35
13_253 003,70.51,0.56,0.32
13_209 001,70.26,0.62,0.33
13_044 001,70.26,0.61,0.34
13_033 004,70.26,0.67,0.32
13_060 001,70.26,0.61,0.33
13_048 001,70.0,0.64,0.34
13_113 003,70.0,0.66,0.33
13_238 002,70.0,0.71,0.36
13_215 005,70.0,0.64,0.32
13_216 004,70.0,0.6,0.32
13_089 003,69.74,0.59,0.34
13_083 001,69.74,0.67,0.33
13_093 003,69.74,0.62,0.33
13_231 001,69.74,0.63,0.35
13_150 003,69.74,0.59,0.34
13_245 002,69.74,0.64,0.36
13_081 003,69.49,0.65,0.36
13_197 001,69.49,0.6,0.34
13_124 003,69.49,0.59,0.33
13_187 003,69.49,0.63,0.35
13_215 004,69.49,0.64,0.34
13_148 004,69.49,0.67,0.33
13_012 004,69.49,0.68,0.37
13_031 005,69.23,0.61,0.32
13_207 003,69.23,0.61,0.33
13_125 002,69.23,0.67,0.35
13_125 003,69.23,0.68,0.35
13_138 002,68.97,0.38,0.31
13_018 005,68.97,0.71,0.36
13_228 003,68.97,0.55,0.33
13_170 002,68.97,0.65,0.36
13_196 004,68.72,0.59,0.35
13_013 001,68.46,0.48,0.33
13_075 004,68.46,0.58,0.32
13_142 005,68.46,0.6,0.33
13_128 003,68.46,0.64,0.35
13_137 004,68.21,0.65,0.33
13_075 003,68.21,0.39,0.52
13_105 002,67.95,0.52,0.29
13_177 004,67.95,0.68,0.34
13_186 004,67.95,0.58,0.34
13_252 002,67.95,0.28,0.62
13_002 001,67.95,0.26,0.51
13_233 005,67.95,0.66,0.34
13_225 002,67.69,0.68,0.32
13_166 004,67.69,0.68,0.33
13_207 002,67.69,0.65,0.35
13_125 004,67.69,0.66,0.35
13_209 003,67.44,0.65,0.36
13_120 001,67.44,0.62,0.34
13_177 003,67.44,0.66,0.34
13_226 005,67.44,0.57,0.33
13_142 004,67.44,0.6,0.32
13_128 005,67.44,0.64,0.33
13_135 003,67.18,0.59,0.34
13_238 004,67.18,0.69,0.32
13_149 003,67.18,0.68,0.34
13_209 002,66.92,0.72,0.34
13_020 005,66.92,0.64,0.32
13_145 002,66.92,0.61,0.34
13_241 003,66.92,0.65,0.31
13_229 002,66.92,0.69,0.35
13_150 005,66.92,0.63,0.34
13_238 003,66.67,0.68,0.36
13_223 003,66.67,0.62,0.32
13_128 004,66.67,0.59,0.31
13_206 003,66.41,0.61,0.36
13_170 003,66.41,0.62,0.36
13_231 002,66.41,0.58,0.34
13_149 002,66.41,0.62,0.34
13_110 002,66.15,0.67,0.34
13_150 004,66.15,0.6,0.34
13_089 004,65.9,0.56,0.35
13_197 002,65.9,0.58,0.33
13_185 002,65.9,0.65,0.32
13_082 004,65.9,0.53,0.34
13_247 003,65.9,0.64,0.31
13_195 002,65.64,0.63,0.34
13_223 004,65.64,0.62,0.32
13_098 004,65.64,0.57,0.33
13_125 005,65.64,0.66,0.35
13_127 005,65.64,0.68,0.33
13_195 001,65.38,0.63,0.31
13_074 002,65.13,0.61,0.34
13_026 001,65.13,0.56,0.35
13_113 004,64.87,0.68,0.33
13_025 003,64.87,0.69,0.36
13_105 003,64.62,0.55,0.32
13_168 002,64.62,0.63,0.35
13_079 005,64.62,0.61,0.32
13_206 004,64.36,0.58,0.32
13_222 002,64.36,0.66,0.32
13_177 005,64.36,0.69,0.34
13_207 004,64.36,0.66,0.35
13_071 001,64.36,0.55,0.33
13_090 001,64.36,0.61,0.33
13_121 002,64.1,0.6,0.31
13_049 005,64.1,0.6,0.34
13_209 004,63.85,0.72,0.34
13_182 002,63.85,0.56,0.34
13_219 001,63.85,0.67,0.35
13_107 001,63.59,0.6,0.32
13_166 005,63.59,0.61,0.34
13_087 005,63.59,0.61,0.32
13_023 003,63.33,0.67,0.35
13_087 004,63.33,0.57,0.35
13_063 005,63.33,0.41,0.3
13_228 004,63.33,0.61,0.33
13_024 002,63.33,0.45,0.28
13_245 003,63.33,0.62,0.33
13_104 003,63.08,0.34,0.31
13_135 004,63.08,0.61,0.34
13_167 005,63.08,0.55,0.32
13_141 002,63.08,0.64,0.33
13_077 005,63.08,0.44,0.31
13_149 004,63.08,0.59,0.33
13_250 001,62.82,0.61,0.36
13_227 001,62.82,0.46,0.38
13_039 002,62.56,0.57,0.31
13_092 002,62.56,0.44,0.43
13_063 004,62.31,0.45,0.33
13_152 001,62.05,0.61,0.37
13_223 005,62.05,0.6,0.31
13_247 004,62.05,0.64,0.31
13_229 003,62.05,0.61,0.33
13_186 005,61.79,0.59,0.34
13_092 003,61.79,0.47,0.3
13_107 002,61.54,0.58,0.35
13_134 003,61.54,0.56,0.31
13_238 005,61.54,0.69,0.33
13_026 002,61.54,0.57,0.35
13_162 002,61.28,0.6,0.32
13_134 002,61.03,0.56,0.31
13_035 001,61.03,0.49,0.34
13_042 004,61.03,0.35,0.38
13_120 003,61.03,0.59,0.33
13_022 003,61.03,0.6,0.34
13_082 005,61.03,0.5,0.31
13_042 003,60.77,0.36,0.28
13_080 001,60.77,0.59,0.31
13_194 001,60.77,0.71,0.33
13_195 003,60.77,0.6,0.38
13_045 002,60.77,0.5,0.29
13_170 004,60.77,0.62,0.34
13_138 003,60.51,0.59,0.37
13_169 001,60.51,0.62,0.33
13_155 004,60.51,0.5,0.3
13_056 001,60.51,0.39,0.3
13_095 001,60.26,0.59,0.3
13_025 005,60.26,0.68,0.34
13_185 003,60.0,0.7,0.35
13_187 004,60.0,0.56,0.34
13_110 001,60.0,0.62,0.35
13_074 003,59.74,0.65,0.33
13_098 005,59.74,0.57,0.31
13_237 001,59.23,0.64,0.36
13_068 001,59.23,0.66,0.34
13_120 002,58.97,0.62,0.34
13_195 004,58.97,0.63,0.36
13_036 001,58.97,0.42,0.37
13_225 003,58.72,0.69,0.35
13_183 003,58.72,0.59,0.35
13_017 001,58.72,0.6,0.31
13_195 005,58.72,0.6,0.33
13_204 001,58.46,0.38,0.36
13_160 005,58.46,0.66,0.35
13_071 002,58.46,0.54,0.31
13_145 003,58.21,0.56,0.33
13_011 004,58.21,0.65,0.33
13_101 004,58.21,0.57,0.32
13_007 001,58.21,0.54,0.32
13_025 004,58.21,0.65,0.35
13_094 001,58.21,0.42,0.28
13_016 002,58.21,0.37,0.34
13_242 003,57.69,0.53,0.36
13_138 004,57.69,0.31,0.32
13_002 002,57.69,0.37,0.48
13_209 005,57.44,0.62,0.36
13_185 004,57.44,0.65,0.35
13_241 004,57.44,0.64,0.33
13_210 001,57.44,0.58,0.37
13_124 004,57.18,0.39,0.27
13_189 002,56.92,0.51,0.36
13_210 002,56.92,0.53,0.33
13_206 005,56.67,0.68,0.33
13_154 004,56.67,0.36,0.31
13_180 003,56.67,0.62,0.32
13_116 001,56.41,0.6,0.35
13_227 002,56.41,0.45,0.28
13_060 002,56.15,0.59,0.35
13_090 002,56.15,0.56,0.32
13_219 002,56.15,0.29,0.52
13_253 004,56.15,0.56,0.31
13_126 001,56.15,0.57,0.31
13_076 001,55.9,0.51,0.36
13_059 001,55.64,0.51,0.33
13_035 002,55.64,0.43,0.31
13_141 003,55.64,0.6,0.31
13_129 005,55.64,0.59,0.35
13_002 003,55.38,0.27,0.47
13_030 001,55.38,0.59,0.35
13_170 005,55.38,0.61,0.36
13_022 002,55.13,0.57,0.33
13_152 002,55.13,0.57,0.35
13_190 001,54.87,0.64,0.34
13_003 003,54.87,0.63,0.34
13_168 003,54.87,0.31,0.39
13_122 002,54.87,0.48,0.32
13_039 003,54.62,0.65,0.34
13_161 002,54.62,0.45,0.33
13_182 003,54.62,0.57,0.33
13_147 003,54.36,0.42,0.33
13_120 004,54.36,0.62,0.33
13_009 002,54.36,0.53,0.32
13_057 001,54.36,0.57,0.31
13_122 003,54.1,0.57,0.34
13_163 001,54.1,0.5,0.31
13_008 001,54.1,0.38,0.34
13_096 001,53.85,0.54,0.34
13_147 002,53.85,0.54,0.32
13_152 003,53.85,0.53,0.35
13_156 002,53.85,0.39,0.46
13_024 003,53.85,0.24,0.5
13_088 004,53.85,0.63,0.32
13_156 001,53.59,0.44,0.29
13_217 002,53.33,0.42,0.37
13_040 005,53.33,0.61,0.32
13_222 003,53.33,0.6,0.34
13_144 003,53.08,0.53,0.34
13_016 003,53.08,0.45,0.32
13_191 002,52.82,0.49,0.34
13_061 002,52.56,0.7,0.34
13_169 002,52.56,0.5,0.3
13_036 002,52.31,0.45,0.26
13_016 004,52.31,0.43,0.32
13_214 001,52.05,0.57,0.32
13_247 005,52.05,0.62,0.32
13_227 003,52.05,0.49,0.31
13_046 004,51.54,0.6,0.35
13_152 004,51.54,0.58,0.35
13_207 005,51.54,0.61,0.34
13_071 003,51.54,0.57,0.32
13_003 004,51.28,0.59,0.33
13_176 004,51.03,0.4,0.31
13_236 005,51.03,0.67,0.35
13_156 003,51.03,0.45,0.32
13_017 002,51.03,0.58,0.31
13_194 002,51.03,0.71,0.33
13_062 001,51.03,0.57,0.3
13_176 003,50.77,0.36,0.32
13_043 002,50.77,0.61,0.3
13_046 003,50.51,0.62,0.32
13_146 002,50.51,0.5,0.32
13_080 003,50.51,0.58,0.31
13_090 003,50.51,0.6,0.33
13_016 005,50.51,0.36,0.39
13_035 003,50.26,0.56,0.33
13_080 002,50.26,0.65,0.35
13_100 001,50.26,0.51,0.32
13_183 004,50.26,0.57,0.31
13_094 002,50.26,0.33,0.24
13_013 002,50.0,0.39,0.27
13_168 004,49.74,0.51,0.31
13_048 002,49.49,0.61,0.36
13_244 002,49.49,0.63,0.33
13_088 005,49.49,0.52,0.3
13_188 003,49.23,0.5,0.31
13_208 003,49.23,0.41,0.26
13_202 002,48.97,0.43,0.32
13_173 004,48.97,0.61,0.32
13_001 003,48.72,0.36,0.34
13_019 005,48.72,0.49,0.28
13_221 002,48.72,0.43,0.3
13_081 004,48.46,0.65,0.35
13_083 002,48.46,0.63,0.31
13_246 001,48.46,0.56,0.31
13_007 002,48.46,0.52,0.31
13_110 003,48.46,0.64,0.32
13_083 003,48.21,0.37,0.31
13_168 005,48.21,0.38,0.29
13_174 004,48.21,0.28,0.29
13_185 005,48.21,0.71,0.34
13_161 003,48.21,0.39,0.24
13_227 004,48.21,0.44,0.27
13_158 002,47.95,0.43,0.33
13_217 003,47.95,0.4,0.36
13_156 004,47.95,0.27,0.35
13_180 004,47.95,0.34,0.33
13_002 004,47.69,0.39,0.51
13_221 001,47.69,0.55,0.35
13_180 005,47.44,0.3,0.31
13_059 002,47.18,0.36,0.31
13_189 003,47.18,0.56,0.36
13_014 001,46.92,0.54,0.28
13_159 002,46.41,0.41,0.33
13_092 004,46.41,0.38,0.37
13_023 004,46.15,0.65,0.36
13_214 002,46.15,0.39,0.26
13_039 004,46.15,0.64,0.34
13_222 005,46.15,0.48,0.29
13_162 003,46.15,0.45,0.32
13_140 002,46.15,0.4,0.28
13_090 004,45.9,0.61,0.33
13_107 004,45.64,0.56,0.31
13_138 005,45.64,0.33,0.3
13_147 004,45.64,0.34,0.3
13_134 004,45.38,0.56,0.3
13_024 004,45.38,0.37,0.3
13_014 002,45.13,0.57,0.28
13_132 004,45.13,0.49,0.3
13_027 001,44.87,0.45,0.27
13_222 004,44.87,0.48,0.27
13_022 004,44.87,0.51,0.31
13_013 003,44.87,0.22,0.22
13_017 005,44.87,0.6,0.31
13_157 001,44.62,0.47,0.33
13_121 003,44.62,0.52,0.3
13_244 003,44.62,0.35,0.28
13_139 002,44.62,0.52,0.36
13_107 003,44.36,0.54,0.3
13_029 001,44.36,0.54,0.32
13_124 005,44.36,0.42,0.3
13_163 004,44.36,0.55,0.32
13_188 004,44.1,0.56,0.32
13_017 004,44.1,0.66,0.32
13_017 003,44.1,0.67,0.3
13_211 001,44.1,0.35,0.28
13_235 001,43.85,0.52,0.3
13_157 002,43.85,0.46,0.32
13_159 001,43.85,0.48,0.3
13_010 003,43.85,0.4,0.29
13_060 003,43.59,0.42,0.3
13_094 003,43.59,0.36,0.28
13_094 005,43.59,0.33,0.24
13_061 003,43.33,0.7,0.33
13_043 003,43.33,0.24,0.29
13_071 004,43.33,0.42,0.32
13_253 005,43.33,0.52,0.34
13_059 003,43.08,0.57,0.31
13_163 005,43.08,0.6,0.32
13_062 003,43.08,0.3,0.48
13_219 003,43.08,0.37,0.59
13_122 004,42.82,0.45,0.35
13_174 005,42.82,0.26,0.26
13_165 001,42.82,0.53,0.32
13_073 005,42.82,0.68,0.35
13_051 001,42.56,0.53,0.31
13_151 004,42.56,0.61,0.32
13_086 005,42.56,0.54,0.31
13_062 002,42.56,0.39,0.49
13_243 001,42.31,0.51,0.31
13_078 001,42.31,0.54,0.3
13_163 002,42.31,0.63,0.34
13_076 002,42.05,0.6,0.32
13_199 001,41.79,0.38,0.31
13_095 002,41.79,0.51,0.27
13_089 005,41.54,0.41,0.25
13_107 005,41.54,0.45,0.29
13_010 004,41.54,0.49,0.32
13_052 005,41.54,0.37,0.27
13_155 005,41.54,0.5,0.28
13_034 001,41.54,0.47,0.33
13_139 003,41.54,0.4,0.45
13_094 004,41.54,0.37,0.26
13_191 003,41.28,0.4,0.33
13_003 005,41.28,0.44,0.27
13_230 001,41.28,0.24,0.32
13_235 002,41.03,0.5,0.26
13_043 004,41.03,0.25,0.3
13_202 003,41.03,0.62,0.34
13_149 005,41.03,0.48,0.3
13_055 002,40.77,0.29,0.31
13_014 003,40.77,0.63,0.35
13_001 004,40.77,0.69,0.34
13_078 003,40.77,0.57,0.31
13_189 004,40.51,0.41,0.3
13_187 005,40.51,0.52,0.3
13_075 005,40.51,0.35,0.27
13_211 002,40.51,0.34,0.29
13_113 005,40.26,0.59,0.31
13_197 003,40.26,0.38,0.31
13_010 005,40.0,0.4,0.29
13_076 003,40.0,0.53,0.32
13_152 005,40.0,0.51,0.36
13_084 002,40.0,0.53,0.3
13_252 003,40.0,0.27,0.53
13_092 005,40.0,0.29,0.3
13_173 005,40.0,0.61,0.33
13_123 005,39.74,0.26,0.31
13_013 004,39.74,0.28,0.26
13_191 004,39.49,0.41,0.3
13_242 004,39.49,0.46,0.29
13_055 001,39.49,0.29,0.4
13_135 005,39.49,0.57,0.32
13_214 003,39.49,0.59,0.35
13_147 005,39.49,0.31,0.36
13_194 003,39.49,0.68,0.32
13_140 003,39.23,0.62,0.34
13_141 004,39.23,0.65,0.32
13_118 001,39.23,0.59,0.32
13_188 005,38.97,0.59,0.32
13_090 005,38.97,0.51,0.31
13_221 004,38.97,0.42,0.29
13_103 001,38.72,0.26,0.31
13_239 001,38.72,0.49,0.29
13_218 005,38.72,0.59,0.33
13_041 001,38.72,0.49,0.29
13_004 002,38.72,0.25,0.3
13_027 003,38.46,0.51,0.31
13_096 002,38.46,0.49,0.35
13_163 003,38.46,0.5,0.3
13_004 001,38.46,0.26,0.37
13_057 002,38.46,0.58,0.34
13_023 005,38.21,0.38,0.29
13_134 005,38.21,0.49,0.3
13_123 004,38.21,0.24,0.29
13_074 004,38.21,0.59,0.32
13_078 002,38.21,0.51,0.32
13_037 001,38.21,0.5,0.34
13_058 001,38.21,0.33,0.25
13_165 003,38.21,0.37,0.27
13_044 002,37.95,0.55,0.31
13_132 005,37.95,0.46,0.33
13_024 005,37.95,0.55,0.29
13_194 004,37.95,0.69,0.33
13_045 003,37.95,0.58,0.31
13_221 003,37.95,0.49,0.32
13_068 002,37.95,0.49,0.28
13_251 001,37.69,0.27,0.28
13_146 004,37.69,0.32,0.42
13_146 003,37.69,0.42,0.26
13_084 003,37.69,0.45,0.29
13_032 001,37.44,0.51,0.29
13_080 004,37.18,0.52,0.32
13_026 003,37.18,0.38,0.33
13_196 005,37.18,0.67,0.32
13_027 002,36.92,0.54,0.3
13_057 003,36.92,0.52,0.3
13_159 004,36.67,0.37,0.33
13_061 004,36.67,0.67,0.33
13_011 005,36.67,0.36,0.34
13_037 002,36.67,0.29,0.26
13_105 005,36.41,0.52,0.29
13_251 002,36.41,0.59,0.29
13_225 004,36.41,0.65,0.31
13_169 004,36.41,0.55,0.33
13_067 004,36.41,0.53,0.32
13_002 005,36.41,0.33,0.25
13_165 002,36.41,0.38,0.28
13_235 003,36.15,0.52,0.27
13_027 004,36.15,0.47,0.33
13_101 005,36.15,0.36,0.26
13_103 003,35.9,0.29,0.26
13_216 005,35.9,0.57,0.31
13_103 002,35.64,0.41,0.26
13_105 004,35.64,0.57,0.34
13_055 004,35.64,0.31,0.28
13_144 004,35.64,0.47,0.33
13_048 003,35.38,0.52,0.34
13_041 002,35.38,0.4,0.27
13_012 005,35.38,0.33,0.25
13_243 002,35.13,0.42,0.3
13_042 005,35.13,0.4,0.27
13_246 002,35.13,0.3,0.28
13_230 002,35.13,0.41,0.28
13_204 003,35.13,0.31,0.29
13_204 002,35.13,0.45,0.29
13_228 005,35.13,0.57,0.28
13_244 004,35.13,0.57,0.31
13_043 005,35.13,0.26,0.3
13_006 004,35.13,0.62,0.33
13_083 004,34.87,0.33,0.27
13_199 002,34.87,0.55,0.32
13_169 003,34.62,0.59,0.32
13_146 005,34.62,0.31,0.31
13_205 001,34.62,0.32,0.3
13_009 003,34.36,0.54,0.31
13_179 001,34.36,0.58,0.34
13_110 004,34.36,0.45,0.29
13_070 001,34.36,0.39,0.29
13_159 003,34.1,0.52,0.34
13_013 005,34.1,0.48,0.26
13_203 002,34.1,0.41,0.32
13_153 001,33.85,0.42,0.32
13_062 004,33.85,0.36,0.5
13_068 003,33.85,0.54,0.3
13_224 001,33.59,0.31,0.3
13_178 001,33.59,0.33,0.21
13_095 003,33.59,0.44,0.3
13_221 005,33.59,0.45,0.32
13_126 002,33.33,0.44,0.27
13_157 003,33.08,0.45,0.31
13_214 005,33.08,0.39,0.29
13_213 004,33.08,0.41,0.29
13_029 002,32.82,0.56,0.31
13_214 004,32.56,0.48,0.32
13_109 001,32.56,0.56,0.3
13_004 003,32.56,0.26,0.28
13_181 001,32.56,0.55,0.32
13_041 003,32.31,0.43,0.28
13_036 003,32.31,0.43,0.27
13_227 005,32.31,0.45,0.3
13_205 002,32.05,0.3,0.3
13_165 004,31.79,0.49,0.31
13_252 004,31.54,0.41,0.62
13_034 002,31.54,0.57,0.3
13_249 005,31.28,0.35,0.26
13_151 005,31.28,0.51,0.32
13_184 001,31.28,0.37,0.32
13_060 004,31.28,0.61,0.33
13_230 004,31.03,0.33,0.24
13_205 003,31.03,0.35,0.26
13_048 004,30.77,0.54,0.35
13_204 004,30.77,0.33,0.31
13_193 001,30.51,0.31,0.25
13_044 003,30.26,0.48,0.31
13_055 003,30.26,0.44,0.36
13_201 001,30.26,0.51,0.29
13_007 003,30.26,0.5,0.29
13_197 004,30.0,0.32,0.25
13_199 004,30.0,0.32,0.31
13_230 003,30.0,0.44,0.3
13_235 004,29.74,0.35,0.28
13_083 005,29.74,0.48,0.3
13_198 001,29.74,0.59,0.32
13_027 005,29.49,0.49,0.31
13_252 005,29.49,0.24,0.35
13_041 004,29.49,0.54,0.28
13_211 003,29.49,0.34,0.28
13_067 005,29.23,0.52,0.3
13_110 005,29.23,0.33,0.26
13_126 003,29.23,0.33,0.28
13_059 004,28.97,0.27,0.24
13_246 005,28.97,0.32,0.27
13_108 002,28.97,0.44,0.28
13_205 004,28.97,0.27,0.29
13_068 004,28.97,0.5,0.29
13_217 004,28.46,0.32,0.25
13_029 003,28.46,0.41,0.31
13_179 002,28.46,0.55,0.31
13_057 004,28.46,0.51,0.29
13_006 005,28.46,0.57,0.33
13_184 002,28.21,0.34,0.33
13_158 003,27.95,0.46,0.33
13_136 001,27.95,0.25,0.25
13_162 004,27.95,0.57,0.36
13_232 005,27.69,0.57,0.32
13_069 005,27.69,0.65,0.34
13_161 005,27.69,0.3,0.24
13_237 002,27.69,0.35,0.27
13_074 005,27.44,0.54,0.3
13_193 002,27.44,0.3,0.29
13_108 001,27.44,0.45,0.31
13_056 002,27.44,0.4,0.27
13_246 003,27.18,0.3,0.28
13_133 001,27.18,0.54,0.32
13_219 004,27.18,0.32,0.44
13_084 004,26.92,0.48,0.31
13_231 003,26.92,0.58,0.34
13_181 004,26.92,0.36,0.32
13_102 001,26.67,0.62,0.33
13_159 005,26.67,0.45,0.27
13_014 004,26.67,0.53,0.31
13_071 005,26.67,0.33,0.27
13_036 004,26.67,0.45,0.28
13_178 002,26.41,0.24,0.25
13_212 005,26.41,0.46,0.32
13_004 004,26.41,0.31,0.27
13_004 005,26.41,0.29,0.28
13_181 002,26.41,0.55,0.3
13_203 003,26.41,0.38,0.31
13_156 005,26.15,0.57,0.32
13_208 004,26.15,0.4,0.29
13_243 003,25.9,0.32,0.36
13_061 005,25.9,0.64,0.32
13_145 004,25.9,0.48,0.32
13_078 004,25.9,0.49,0.3
13_193 003,25.9,0.41,0.28
13_116 002,25.9,0.5,0.27
13_245 004,25.9,0.34,0.29
13_197 005,25.64,0.36,0.26
13_009 004,25.64,0.51,0.3
13_095 004,25.64,0.47,0.29
13_192 001,25.64,0.42,0.32
13_182 004,25.64,0.52,0.29
13_085 001,25.38,0.36,0.29
13_139 004,25.38,0.31,0.23
13_100 002,25.13,0.39,0.27
13_192 002,25.13,0.32,0.28
13_126 004,25.13,0.49,0.32
13_136 002,24.87,0.47,0.32
13_014 005,24.87,0.53,0.29
13_035 004,24.87,0.3,0.26
13_199 003,24.87,0.35,0.31
13_162 005,24.87,0.4,0.32
13_133 002,24.62,0.51,0.35
13_193 004,24.62,0.32,0.25
13_008 002,24.62,0.47,0.32
13_235 005,24.36,0.48,0.29
13_041 005,24.36,0.4,0.27
13_171 001,24.36,0.32,0.3
13_246 004,24.1,0.24,0.31
13_056 004,24.1,0.33,0.28
13_161 004,23.85,0.55,0.3
13_030 002,23.85,0.48,0.32
13_030 003,23.85,0.34,0.27
13_205 005,23.85,0.37,0.29
13_181 003,23.85,0.51,0.29
13_208 005,23.59,0.39,0.3
13_095 005,23.33,0.54,0.26
13_045 004,23.33,0.51,0.3
13_231 004,23.33,0.28,0.32
13_217 005,23.08,0.32,0.28
13_120 005,23.08,0.43,0.3
13_202 005,23.08,0.46,0.28
13_136 003,22.82,0.38,0.33
13_062 005,22.56,0.25,0.34
13_126 005,22.56,0.33,0.29
13_045 005,22.05,0.41,0.25
13_229 004,22.05,0.32,0.27
13_007 004,21.79,0.51,0.31
13_234 001,21.79,0.5,0.3
13_237 003,21.79,0.41,0.31
13_179 003,21.54,0.29,0.25
13_051 002,21.28,0.53,0.31
13_204 005,21.28,0.29,0.29
13_022 005,21.28,0.38,0.33
13_140 004,21.28,0.44,0.33
13_118 002,21.28,0.43,0.29
13_059 005,21.03,0.34,0.28
13_056 003,21.03,0.35,0.31
13_172 005,21.03,0.5,0.31
13_181 005,21.03,0.3,0.26
13_203 004,21.03,0.37,0.25
13_178 003,20.77,0.33,0.27
13_078 005,20.77,0.51,0.28
13_029 005,20.51,0.36,0.24
13_060 005,20.51,0.43,0.29
13_141 005,20.51,0.48,0.34
13_230 005,20.26,0.3,0.25
13_202 004,20.26,0.41,0.29
13_171 002,20.26,0.37,0.31
13_118 003,20.26,0.23,0.24
13_103 005,19.74,0.3,0.29
13_137 005,19.74,0.55,0.29
13_219 005,19.74,0.34,0.3
13_081 005,19.49,0.43,0.28
13_085 003,19.49,0.28,0.35
13_158 004,19.49,0.46,0.33
13_029 004,19.49,0.42,0.27
13_001 005,19.49,0.4,0.34
13_084 005,19.49,0.41,0.25
13_203 005,19.49,0.35,0.3
13_039 005,19.23,0.32,0.27
13_085 002,18.97,0.32,0.27
13_183 005,18.97,0.33,0.3
13_076 004,18.72,0.39,0.29
13_037 003,18.72,0.41,0.29
13_096 003,18.46,0.36,0.29
13_229 005,18.46,0.32,0.24
13_200 001,18.21,0.49,0.31
13_037 004,18.21,0.29,0.35
13_171 003,17.95,0.28,0.32
13_176 005,17.69,0.38,0.29
13_104 005,17.44,0.33,0.29
13_118 004,17.44,0.34,0.32
13_036 005,17.44,0.29,0.29
13_121 004,17.18,0.32,0.27
13_065 001,17.18,0.25,0.25
13_108 003,17.18,0.23,0.26
13_237 005,17.18,0.32,0.29
13_032 002,17.18,0.32,0.27
13_035 005,16.67,0.36,0.27
13_108 004,16.67,0.45,0.3
13_237 004,16.67,0.48,0.26
13_068 005,16.67,0.32,0.36
13_241 005,16.41,0.56,0.26
13_034 003,16.41,0.4,0.3
13_104 004,16.15,0.32,0.25
13_065 002,16.15,0.25,0.27
13_122 005,15.9,0.31,0.28
13_085 004,15.38,0.25,0.29
13_250 002,15.38,0.3,0.31
13_026 004,15.13,0.4,0.33
13_239 003,14.87,0.36,0.28
13_199 005,14.87,0.43,0.34
13_250 003,14.62,0.25,0.22
13_145 005,14.62,0.3,0.27
13_080 005,14.62,0.36,0.29
13_058 002,14.62,0.33,0.26
13_192 003,14.62,0.47,0.31
13_056 005,14.62,0.35,0.28
13_179 004,14.36,0.36,0.29
13_154 005,14.36,0.34,0.28
13_200 002,14.1,0.53,0.3
13_245 005,14.1,0.45,0.3
13_103 004,13.85,0.33,0.26
13_251 003,13.85,0.29,0.23
13_037 005,13.85,0.39,0.3
13_184 003,13.85,0.39,0.3
13_139 005,13.85,0.3,0.33
13_096 005,13.59,0.31,0.28
13_102 003,13.33,0.38,0.31
13_239 002,13.33,0.28,0.27
13_099 001,13.33,0.33,0.31
13_234 003,13.33,0.29,0.29
13_032 003,13.33,0.34,0.3
13_030 005,13.08,0.42,0.32
13_148 005,13.08,0.28,0.3
13_051 005,12.82,0.46,0.28
13_133 003,12.82,0.46,0.33
13_234 002,12.82,0.35,0.3
13_109 003,12.56,0.28,0.26
13_032 004,12.56,0.34,0.28
13_096 004,12.31,0.42,0.29
13_133 004,12.31,0.51,0.35
13_007 005,12.31,0.48,0.28
13_210 003,12.31,0.31,0.23
13_201 002,12.05,0.52,0.32
13_093 004,11.79,0.35,0.33
13_211 004,11.79,0.33,0.28
13_242 005,11.54,0.25,0.25
13_243 004,11.54,0.47,0.31
13_239 004,11.54,0.31,0.27
13_213 005,11.54,0.36,0.3
13_182 005,11.54,0.48,0.28
13_026 005,11.28,0.36,0.32
13_171 004,11.28,0.31,0.3
13_231 005,11.28,0.44,0.28
13_055 005,11.03,0.39,0.31
13_211 005,11.03,0.43,0.32
13_051 003,10.77,0.41,0.32
13_184 004,10.77,0.27,0.26
13_065 003,10.77,0.24,0.24
13_030 004,10.77,0.41,0.32
13_102 002,10.51,0.5,0.27
13_198 003,10.51,0.28,0.25
13_044 004,10.26,0.31,0.26
13_192 004,10.26,0.26,0.25
13_224 002,10.0,0.24,0.23
13_198 004,10.0,0.27,0.3
13_178 005,10.0,0.28,0.25
13_178 004,10.0,0.31,0.27
13_201 003,10.0,0.48,0.3
13_009 005,9.74,0.4,0.27
13_153 004,9.74,0.36,0.28
13_008 003,9.74,0.41,0.29
13_234 004,9.49,0.36,0.32
13_157 005,9.23,0.44,0.29
13_244 005,9.23,0.32,0.27
13_130 002,9.23,0.36,0.29
13_140 005,9.23,0.27,0.32
13_102 004,8.97,0.34,0.28
13_198 002,8.97,0.27,0.28
13_109 002,8.97,0.57,0.31
13_116 003,8.97,0.35,0.25
13_201 004,8.72,0.41,0.27
13_193 005,8.72,0.27,0.28
13_102 005,8.46,0.35,0.28
13_251 004,8.46,0.38,0.28
13_136 004,8.46,0.36,0.28
13_130 003,8.46,0.35,0.28
13_008 004,8.46,0.32,0.31
13_085 005,8.21,0.23,0.31
13_191 005,8.21,0.36,0.32
13_250 004,8.21,0.39,0.28
13_048 005,8.21,0.51,0.32
13_076 005,8.21,0.29,0.24
13_239 005,8.21,0.26,0.29
13_032 005,8.21,0.35,0.29
13_108 005,7.95,0.43,0.3
13_153 003,7.69,0.45,0.29
13_099 002,7.69,0.38,0.27
13_109 004,7.69,0.56,0.29
13_118 005,7.69,0.26,0.23
13_210 004,7.69,0.34,0.31
13_157 004,7.44,0.33,0.29
13_158 005,7.44,0.49,0.31
13_099 003,7.44,0.33,0.31
13_240 001,7.18,0.39,0.31
13_169 005,7.18,0.28,0.24
13_051 004,6.92,0.47,0.31
13_130 004,6.67,0.54,0.31
13_251 005,6.41,0.41,0.29
13_198 005,6.41,0.32,0.27
13_184 005,6.41,0.34,0.29
13_065 005,6.41,0.21,0.25
13_165 005,6.41,0.49,0.33
13_200 004,6.15,0.51,0.28
13_093 005,6.15,0.47,0.25
13_133 005,6.15,0.46,0.29
13_116 004,6.15,0.45,0.28
13_200 005,5.9,0.46,0.28
13_070 002,5.9,0.52,0.3
13_224 003,5.64,0.3,0.24
13_200 003,5.38,0.5,0.3
13_224 004,5.38,0.27,0.3
13_240 003,5.38,0.33,0.29
13_190 002,4.87,0.46,0.31
13_058 003,4.87,0.31,0.26
13_109 005,4.87,0.36,0.29
13_240 004,4.62,0.39,0.3
13_100 003,4.62,0.4,0.29
13_058 004,4.62,0.35,0.3
13_065 004,4.62,0.25,0.23
13_192 005,4.62,0.31,0.25
13_136 005,4.36,0.34,0.29
13_100 005,4.36,0.29,0.27
13_034 004,4.36,0.27,0.29
13_194 005,4.36,0.32,0.26
13_116 005,4.36,0.34,0.29
13_044 005,4.1,0.27,0.28
13_224 005,4.1,0.27,0.24
13_046 005,4.1,0.47,0.28
13_153 005,4.1,0.31,0.27
13_008 005,4.1,0.35,0.28
13_243 005,3.85,0.41,0.29
13_179 005,3.85,0.34,0.29
13_100 004,3.85,0.3,0.28
13_153 002,3.85,0.48,0.32
13_058 005,3.85,0.27,0.28
13_190 003,3.59,0.42,0.33
13_234 005,3.59,0.46,0.27
13_121 005,3.33,0.29,0.29
13_099 004,3.33,0.47,0.29
13_210 005,3.33,0.41,0.29
13_225 005,3.08,0.63,0.32
13_201 005,3.08,0.29,0.23
13_171 005,3.08,0.31,0.29
13_240 005,2.82,0.33,0.32
13_034 005,2.82,0.26,0.27
13_057 005,2.82,0.44,0.29
13_070 004,2.82,0.44,0.29
13_070 003,2.82,0.45,0.3
13_070 005,2.56,0.5,0.3
13_240 002,2.31,0.37,0.33
13_144 005,2.05,0.32,0.3
13_130 005,1.79,0.34,0.28
13_189 005,1.28,0.32,0.22
13_190 005,0.77,0.3,0.28
13_250 005,0.77,0.24,0.25
13_190 004,0.0,0.36,0.29
13_099 005,0.0,0.39,0.27
